route_id,path,methods,endpoint,legacy_module,source,registration_source,registration_kind,decorators,inline_auth_signals,auth_semantics,client_surfaces,client_references,contract_source,target_module,migration_status,compatibility_notes
e651119a7daf,/,GET,main.main_pages.index,main,app/modules/main/routes/pages_components/hub.py:507,app/modules/main/routes/pages_components/hub.py:507,blueprint_decorator,[],[],"[""global_anonymous_allow_exact"",""route_auth:none""]",tests;web,"{""tests"":[""tests/test_smoke_auth.py:60:test_client_literal""],""web"":[""app/modules/admin/templates/admin/admin_base.html:640:navigation_literal"",""app/modules/auth/templates/auth/login.html:1066:navigation_literal"",""app/modules/coding/templates/coding/home.html:469:navigation_literal"",""app/modules/coding/templates/coding/index.html:507:navigation_literal"",""app/modules/exam/templates/exam/exam_settlement_v2.html:97:navigation_literal"",""app/modules/main/templates/main/shared/app_shell.html:877:navigation_literal"",""app/modules/quiz/templates/quiz/partials/quiz/assets/js/_00_bootstrap.html:75:navigation_literal"",""app/modules/quiz/templates/quiz/partials/quiz/layout/_header.html:39:navigation_literal"",""app/modules/quiz/templates/quiz/partials/quiz/layout/_sidebar.html:34:navigation_literal"",""app/modules/quiz/templates/quiz/partials/quiz/modals/_modals_score.html:24:navigation_literal"",""app/modules/quiz/templates/quiz/quiz_settlement_v2.html:206:navigation_literal"",""app/modules/quiz/templates/quiz/quiz_settlement_v2.html:275:navigation_literal""]}",runtime:url_map;source:app/modules/main/routes/pages_components/hub.py:507,identity,pending,preserve path/method/status/envelope/auth/null/pagination
dcd3e19fb8e0,/about,GET,main.main_pages.about_page,main,app/modules/main/routes/pages_components/misc.py:34,app/modules/main/routes/pages_components/misc.py:34,blueprint_decorator,[],[],"[""global_anonymous_login_redirect"",""route_auth:none""]",not_found_static_scan,not_found_static_scan,runtime:url_map;source:app/modules/main/routes/pages_components/misc.py:34,identity,pending,preserve path/method/status/envelope/auth/null/pagination
a65aa1e897a5,/account,GET,main.main_pages.account_page,main,app/modules/main/routes/pages_components/account_settings.py:49,app/modules/main/routes/pages_components/account_settings.py:49,blueprint_decorator,[],[],"[""global_anonymous_login_redirect"",""route_auth:none""]",not_found_static_scan,not_found_static_scan,runtime:url_map;source:app/modules/main/routes/pages_components/account_settings.py:49,identity,pending,preserve path/method/status/envelope/auth/null/pagination
29e880450737,/account/bindings,GET,main.main_pages.account_bindings_page,main,app/modules/main/routes/pages_components/account_settings.py:67,app/modules/main/routes/pages_components/account_settings.py:67,blueprint_decorator,[],[],"[""global_anonymous_login_redirect"",""route_auth:none""]",not_found_static_scan,not_found_static_scan,runtime:url_map;source:app/modules/main/routes/pages_components/account_settings.py:67,identity,pending,preserve path/method/status/envelope/auth/null/pagination
7920559714d0,/account/profile,GET,main.main_pages.account_profile_page,main,app/modules/main/routes/pages_components/account_settings.py:55,app/modules/main/routes/pages_components/account_settings.py:55,blueprint_decorator,[],[],"[""global_anonymous_login_redirect"",""route_auth:none""]",not_found_static_scan,not_found_static_scan,runtime:url_map;source:app/modules/main/routes/pages_components/account_settings.py:55,identity,pending,preserve path/method/status/envelope/auth/null/pagination
6129b8ca05c8,/account/security,GET,main.main_pages.account_security_page,main,app/modules/main/routes/pages_components/account_settings.py:61,app/modules/main/routes/pages_components/account_settings.py:61,blueprint_decorator,[],[],"[""global_anonymous_login_redirect"",""route_auth:none""]",not_found_static_scan,not_found_static_scan,runtime:url_map;source:app/modules/main/routes/pages_components/account_settings.py:61,identity,pending,preserve path/method/status/envelope/auth/null/pagination
607e01fbbd5d,/admin/,GET,admin.admin_pages.admin_dashboard,admin,app/modules/admin/routes/pages.py:12,app/modules/admin/routes/pages.py:12,blueprint_decorator,[],[],"[""global_anonymous_login_redirect"",""admin_blueprint_hook:session_or_jwt_plus_role_if_global_gate_passes"",""route_auth:none""]",not_found_static_scan,not_found_static_scan,runtime:url_map;source:app/modules/admin/routes/pages.py:12,operations,pending,preserve path/method/status/envelope/auth/null/pagination
203357dd4137,/admin/api/ai-change-records,POST,admin.admin_api.create_ai_change_record,admin,app/modules/admin/routes/api_components/ai_change_records.py:61,app/modules/admin/routes/api_components/ai_change_records.py:61,blueprint_decorator,"[""_record_auth_required""]","[""session_reference""]","[""global_record_token_or_bearer_bypass_else_login_redirect"",""admin_blueprint_hook:session_or_jwt_plus_role_if_global_gate_passes"",""route_decorator:record_token_or_bearer""]",tests,"{""tests"":[""tests/test_ai_change_records.py:32:test_client_literal"",""tests/test_ai_change_records.py:68:test_client_literal"",""tests/test_ai_change_records.py:96:test_client_literal""]}",runtime:url_map;source:app/modules/admin/routes/api_components/ai_change_records.py:61,intelligence,pending,preserve path/method/status/envelope/auth/null/pagination
e78daaf00a41,/admin/api/ai-change-records,GET,admin.admin_api.list_ai_change_records,admin,app/modules/admin/routes/api_components/ai_change_records.py:83,app/modules/admin/routes/api_components/ai_change_records.py:83,blueprint_decorator,"[""_record_auth_required""]",[],"[""global_record_token_or_bearer_bypass_else_login_redirect"",""admin_blueprint_hook:session_or_jwt_plus_role_if_global_gate_passes"",""route_decorator:record_token_or_bearer""]",tests,"{""tests"":[""tests/test_ai_change_records.py:113:test_client_literal""]}",runtime:url_map;source:app/modules/admin/routes/api_components/ai_change_records.py:83,intelligence,pending,preserve path/method/status/envelope/auth/null/pagination
dc346ac7cc5c,/admin/api/ai/models,POST,admin.admin_api.list_ai_models,admin,app/modules/admin/routes/api_components/system_config.py:120,app/modules/admin/routes/api_components/system_config.py:120,blueprint_decorator,"[""admin_required""]",[],"[""global_anonymous_login_redirect"",""admin_blueprint_hook:session_or_jwt_plus_role_if_global_gate_passes"",""route_decorator:session+admin_role""]",web,"{""web"":[""app/modules/admin/templates/admin/settings/ai.html:382:fetch_literal""]}",runtime:url_map;source:app/modules/admin/routes/api_components/system_config.py:120,intelligence,pending,preserve path/method/status/envelope/auth/null/pagination
800a27d5b410,/admin/api/backups,POST,admin.admin_api.api_create_backup,admin,app/modules/admin/routes/api_components/backup_settings.py:284,app/modules/admin/routes/api_components/backup_settings.py:284,blueprint_decorator,"[""session_admin_required"",""admin_required"",""backup_write_guard"",""backup_rate_limit('3 per minute')""]","[""session_reference""]","[""global_session_or_valid_jwt_else_backup_error_401"",""admin_blueprint_hook:session_or_jwt_plus_role_if_global_gate_passes"",""route_decorator:session+admin_role""]",tests,"{""tests"":[""tests/test_admin_backup_api.py:365:test_client_literal"",""tests/test_admin_backup_api.py:384:test_client_literal"",""tests/test_admin_backup_api.py:399:test_client_literal"",""tests/test_admin_backup_api.py:505:test_client_literal"",""tests/test_admin_backup_api.py:516:test_client_literal""]}",runtime:url_map;source:app/modules/admin/routes/api_components/backup_settings.py:284,operations,pending,preserve path/method/status/envelope/auth/null/pagination
454f2f7895c2,/admin/api/backups,GET,admin.admin_api.api_list_backups,admin,app/modules/admin/routes/api_components/backup_settings.py:268,app/modules/admin/routes/api_components/backup_settings.py:268,blueprint_decorator,"[""session_admin_required"",""admin_required"",""backup_rate_limit('60 per minute')""]",[],"[""global_session_or_valid_jwt_else_backup_error_401"",""admin_blueprint_hook:session_or_jwt_plus_role_if_global_gate_passes"",""route_decorator:session+admin_role""]",tests,"{""tests"":[""tests/test_admin_backup_api.py:527:test_client_literal"",""tests/test_admin_backup_api.py:534:test_client_literal""]}",runtime:url_map;source:app/modules/admin/routes/api_components/backup_settings.py:268,operations,pending,preserve path/method/status/envelope/auth/null/pagination
d0f05c956a60,/admin/api/backups/<string:job_id>,DELETE,admin.admin_api.api_delete_backup,admin,app/modules/admin/routes/api_components/backup_settings.py:328,app/modules/admin/routes/api_components/backup_settings.py:328,blueprint_decorator,"[""session_admin_required"",""admin_required"",""backup_write_guard"",""backup_rate_limit('10 per minute')""]",[],"[""global_session_or_valid_jwt_else_backup_error_401"",""admin_blueprint_hook:session_or_jwt_plus_role_if_global_gate_passes"",""route_decorator:session+admin_role""]",tests,"{""tests"":[""tests/test_admin_backup_api.py:611:test_client_literal"",""tests/test_admin_backup_api.py:625:test_client_literal"",""tests/test_admin_backup_api.py:661:test_client_literal"",""tests/test_admin_backup_api.py:678:test_client_literal"",""tests/test_admin_backup_api.py:695:test_client_literal"",""tests/test_admin_backup_api.py:713:test_client_literal"",""tests/test_admin_backup_api.py:737:test_client_literal"",""tests/test_admin_backup_api.py:757:test_client_literal""]}",runtime:url_map;source:app/modules/admin/routes/api_components/backup_settings.py:328,operations,pending,preserve path/method/status/envelope/auth/null/pagination
51a75a45d162,/admin/api/backups/<string:job_id>/download,GET,admin.admin_api.api_download_backup,admin,app/modules/admin/routes/api_components/backup_settings.py:304,app/modules/admin/routes/api_components/backup_settings.py:304,blueprint_decorator,"[""session_admin_required"",""admin_required"",""backup_rate_limit('10 per minute')""]",[],"[""global_session_or_valid_jwt_else_backup_error_401"",""admin_blueprint_hook:session_or_jwt_plus_role_if_global_gate_passes"",""route_decorator:session+admin_role""]",tests,"{""tests"":[""tests/test_admin_backup_api.py:584:test_client_literal"",""tests/test_admin_backup_api.py:659:test_client_literal"",""tests/test_admin_backup_api.py:676:test_client_literal"",""tests/test_admin_backup_api.py:692:test_client_literal"",""tests/test_admin_backup_api.py:711:test_client_literal"",""tests/test_admin_backup_api.py:735:test_client_literal""]}",runtime:url_map;source:app/modules/admin/routes/api_components/backup_settings.py:304,operations,pending,preserve path/method/status/envelope/auth/null/pagination
c2809e96c92f,/admin/api/campus/credentials,GET,admin.admin_api.api_campus_credentials,admin,app/modules/admin/routes/api_components/campus.py:26,app/modules/admin/routes/api_components/campus.py:26,blueprint_decorator,"[""admin_required""]",[],"[""global_anonymous_login_redirect"",""admin_blueprint_hook:session_or_jwt_plus_role_if_global_gate_passes"",""route_decorator:session+admin_role""]",tests,"{""tests"":[""tests/test_edu_schedule.py:2084:test_client_literal""]}",runtime:url_map;source:app/modules/admin/routes/api_components/campus.py:26,campus,pending,preserve path/method/status/envelope/auth/null/pagination
c08cd62aa788,/admin/api/campus/records,GET,admin.admin_api.api_campus_records,admin,app/modules/admin/routes/api_components/campus.py:43,app/modules/admin/routes/api_components/campus.py:43,blueprint_decorator,"[""admin_required""]",[],"[""global_anonymous_login_redirect"",""admin_blueprint_hook:session_or_jwt_plus_role_if_global_gate_passes"",""route_decorator:session+admin_role""]",tests,"{""tests"":[""tests/test_edu_schedule.py:1978:test_client_literal"",""tests/test_edu_schedule.py:2029:test_client_literal"",""tests/test_edu_schedule.py:2085:test_client_literal""]}",runtime:url_map;source:app/modules/admin/routes/api_components/campus.py:43,campus,pending,preserve path/method/status/envelope/auth/null/pagination
e739b1027866,/admin/api/campus/records/<record_key>,GET,admin.admin_api.api_campus_record_detail,admin,app/modules/admin/routes/api_components/campus.py:61,app/modules/admin/routes/api_components/campus.py:61,blueprint_decorator,"[""admin_required""]",[],"[""global_anonymous_login_redirect"",""admin_blueprint_hook:session_or_jwt_plus_role_if_global_gate_passes"",""route_decorator:session+admin_role""]",tests,"{""tests"":[""tests/test_edu_schedule.py:2062:test_client_literal"",""tests/test_edu_schedule.py:2086:test_client_literal""]}",runtime:url_map;source:app/modules/admin/routes/api_components/campus.py:61,campus,pending,preserve path/method/status/envelope/auth/null/pagination
531fa93a5ae4,/admin/api/campus/snapshots,GET,admin.admin_api.api_campus_snapshots,admin,app/modules/admin/routes/api_components/campus.py:74,app/modules/admin/routes/api_components/campus.py:74,blueprint_decorator,"[""admin_required""]",[],"[""global_anonymous_login_redirect"",""admin_blueprint_hook:session_or_jwt_plus_role_if_global_gate_passes"",""route_decorator:session+admin_role""]",not_found_static_scan,not_found_static_scan,runtime:url_map;source:app/modules/admin/routes/api_components/campus.py:74,campus,pending,preserve path/method/status/envelope/auth/null/pagination
9487ce3c32c4,/admin/api/campus/snapshots/<kind>/<int:snapshot_id>,GET,admin.admin_api.api_campus_snapshot_detail,admin,app/modules/admin/routes/api_components/campus.py:98,app/modules/admin/routes/api_components/campus.py:98,blueprint_decorator,"[""admin_required""]",[],"[""global_anonymous_login_redirect"",""admin_blueprint_hook:session_or_jwt_plus_role_if_global_gate_passes"",""route_decorator:session+admin_role""]",not_found_static_scan,not_found_static_scan,runtime:url_map;source:app/modules/admin/routes/api_components/campus.py:98,campus,pending,preserve path/method/status/envelope/auth/null/pagination
fc436c61b63b,/admin/api/chat/conversations,GET,admin.admin_api.api_chat_conversations,admin,app/modules/admin/routes/api_components/chat.py:66,app/modules/admin/routes/api_components/chat.py:66,blueprint_decorator,"[""admin_required""]",[],"[""global_anonymous_login_redirect"",""admin_blueprint_hook:session_or_jwt_plus_role_if_global_gate_passes"",""route_decorator:session+admin_role""]",web,"{""web"":[""app/modules/admin/templates/admin/chat/index.html:712:fetch_literal""]}",runtime:url_map;source:app/modules/admin/routes/api_components/chat.py:66,messaging,pending,preserve path/method/status/envelope/auth/null/pagination
9d63e8949cee,/admin/api/chat/conversations/<int:conversation_id>,DELETE,admin.admin_api.api_delete_conversation,admin,app/modules/admin/routes/api_components/chat.py:210,app/modules/admin/routes/api_components/chat.py:210,blueprint_decorator,"[""admin_required""]",[],"[""global_anonymous_login_redirect"",""admin_blueprint_hook:session_or_jwt_plus_role_if_global_gate_passes"",""route_decorator:session+admin_role""]",web,"{""web"":[""app/modules/admin/templates/admin/chat/index.html:947:fetch_literal""]}",runtime:url_map;source:app/modules/admin/routes/api_components/chat.py:210,messaging,pending,preserve path/method/status/envelope/auth/null/pagination
249de8ce3e40,/admin/api/chat/conversations/<int:conversation_id>/messages,GET,admin.admin_api.api_chat_conversation_messages,admin,app/modules/admin/routes/api_components/chat.py:148,app/modules/admin/routes/api_components/chat.py:148,blueprint_decorator,"[""admin_required""]",[],"[""global_anonymous_login_redirect"",""admin_blueprint_hook:session_or_jwt_plus_role_if_global_gate_passes"",""route_decorator:session+admin_role""]",web,"{""web"":[""app/modules/admin/templates/admin/chat/index.html:819:fetch_literal""]}",runtime:url_map;source:app/modules/admin/routes/api_components/chat.py:148,messaging,pending,preserve path/method/status/envelope/auth/null/pagination
2d4d1247a885,/admin/api/chat/messages/<int:message_id>,DELETE,admin.admin_api.api_delete_message,admin,app/modules/admin/routes/api_components/chat.py:244,app/modules/admin/routes/api_components/chat.py:244,blueprint_decorator,"[""admin_required""]",[],"[""global_anonymous_login_redirect"",""admin_blueprint_hook:session_or_jwt_plus_role_if_global_gate_passes"",""route_decorator:session+admin_role""]",web,"{""web"":[""app/modules/admin/templates/admin/chat/index.html:972:fetch_literal""]}",runtime:url_map;source:app/modules/admin/routes/api_components/chat.py:244,messaging,pending,preserve path/method/status/envelope/auth/null/pagination
8a2a84087a0f,/admin/api/chat/stats,GET,admin.admin_api.api_chat_stats,admin,app/modules/admin/routes/api_components/chat.py:18,app/modules/admin/routes/api_components/chat.py:18,blueprint_decorator,"[""admin_required""]",[],"[""global_anonymous_login_redirect"",""admin_blueprint_hook:session_or_jwt_plus_role_if_global_gate_passes"",""route_decorator:session+admin_role""]",web,"{""web"":[""app/modules/admin/templates/admin/chat/index.html:687:fetch_literal""]}",runtime:url_map;source:app/modules/admin/routes/api_components/chat.py:18,messaging,pending,preserve path/method/status/envelope/auth/null/pagination
013d16e2e4d0,/admin/api/coding/questions,POST,admin.admin_api.api_create_coding_question,admin,app/modules/admin/routes/api_components/coding_questions.py:75,app/modules/admin/routes/api_components/coding_questions.py:75,blueprint_decorator,"[""admin_required""]","[""session_reference"",""unauthorized_response_signal""]","[""global_anonymous_login_redirect"",""admin_blueprint_hook:session_or_jwt_plus_role_if_global_gate_passes"",""route_decorator:session+admin_role""]",not_found_static_scan,not_found_static_scan,runtime:url_map;source:app/modules/admin/routes/api_components/coding_questions.py:75,coding,pending,preserve path/method/status/envelope/auth/null/pagination
350b14df39b3,/admin/api/coding/questions,GET,admin.admin_api.api_get_coding_questions,admin,app/modules/admin/routes/api_components/coding_questions.py:21,app/modules/admin/routes/api_components/coding_questions.py:21,blueprint_decorator,"[""admin_required""]",[],"[""global_anonymous_login_redirect"",""admin_blueprint_hook:session_or_jwt_plus_role_if_global_gate_passes"",""route_decorator:session+admin_role""]",not_found_static_scan,not_found_static_scan,runtime:url_map;source:app/modules/admin/routes/api_components/coding_questions.py:21,coding,pending,preserve path/method/status/envelope/auth/null/pagination
616119868e50,/admin/api/coding/questions/<int:question_id>,DELETE,admin.admin_api.api_delete_coding_question,admin,app/modules/admin/routes/api_components/coding_questions.py:302,app/modules/admin/routes/api_components/coding_questions.py:302,blueprint_decorator,"[""admin_required""]","[""session_reference"",""unauthorized_response_signal""]","[""global_anonymous_login_redirect"",""admin_blueprint_hook:session_or_jwt_plus_role_if_global_gate_passes"",""route_decorator:session+admin_role""]",not_found_static_scan,not_found_static_scan,runtime:url_map;source:app/modules/admin/routes/api_components/coding_questions.py:302,coding,pending,preserve path/method/status/envelope/auth/null/pagination
5568a6b0ba34,/admin/api/coding/questions/<int:question_id>,PUT,admin.admin_api.api_update_coding_question,admin,app/modules/admin/routes/api_components/coding_questions.py:180,app/modules/admin/routes/api_components/coding_questions.py:180,blueprint_decorator,"[""admin_required""]","[""session_reference"",""unauthorized_response_signal""]","[""global_anonymous_login_redirect"",""admin_blueprint_hook:session_or_jwt_plus_role_if_global_gate_passes"",""route_decorator:session+admin_role""]",not_found_static_scan,not_found_static_scan,runtime:url_map;source:app/modules/admin/routes/api_components/coding_questions.py:180,coding,pending,preserve path/method/status/envelope/auth/null/pagination
6a8141dd280d,/admin/api/download_template,GET,admin.admin_api.download_template,admin,app/modules/admin/routes/api_components/questions_io.py:363,app/modules/admin/routes/api_components/questions_io.py:363,blueprint_decorator,"[""subject_admin_required""]",[],"[""global_anonymous_login_redirect"",""admin_blueprint_hook:session_or_jwt_plus_role_if_global_gate_passes"",""route_decorator:session+subject_admin_role""]",not_found_static_scan,not_found_static_scan,runtime:url_map;source:app/modules/admin/routes/api_components/questions_io.py:363,operations,pending,preserve path/method/status/envelope/auth/null/pagination
8d4433dfbe42,/admin/api/forum/bans,POST,admin.admin_api.api_admin_ban_user,admin,app/modules/admin/routes/api_components/forum.py:260,app/modules/admin/routes/api_components/forum.py:260,blueprint_decorator,"[""admin_required""]","[""session_reference""]","[""global_anonymous_login_redirect"",""admin_blueprint_hook:session_or_jwt_plus_role_if_global_gate_passes"",""route_decorator:session+admin_role""]",not_found_static_scan,not_found_static_scan,runtime:url_map;source:app/modules/admin/routes/api_components/forum.py:260,community,pending,preserve path/method/status/envelope/auth/null/pagination
418bbd27eea9,/admin/api/forum/bans,GET,admin.admin_api.api_admin_forum_bans,admin,app/modules/admin/routes/api_components/forum.py:245,app/modules/admin/routes/api_components/forum.py:245,blueprint_decorator,"[""admin_required""]",[],"[""global_anonymous_login_redirect"",""admin_blueprint_hook:session_or_jwt_plus_role_if_global_gate_passes"",""route_decorator:session+admin_role""]",not_found_static_scan,not_found_static_scan,runtime:url_map;source:app/modules/admin/routes/api_components/forum.py:245,community,pending,preserve path/method/status/envelope/auth/null/pagination
e45b4aad64d3,/admin/api/forum/bans/<int:user_id>,DELETE,admin.admin_api.api_admin_unban_user,admin,app/modules/admin/routes/api_components/forum.py:281,app/modules/admin/routes/api_components/forum.py:281,blueprint_decorator,"[""admin_required""]",[],"[""global_anonymous_login_redirect"",""admin_blueprint_hook:session_or_jwt_plus_role_if_global_gate_passes"",""route_decorator:session+admin_role""]",not_found_static_scan,not_found_static_scan,runtime:url_map;source:app/modules/admin/routes/api_components/forum.py:281,community,pending,preserve path/method/status/envelope/auth/null/pagination
fecda9fe6c8c,/admin/api/forum/boards,POST,admin.admin_api.api_admin_create_board,admin,app/modules/admin/routes/api_components/forum.py:141,app/modules/admin/routes/api_components/forum.py:141,blueprint_decorator,"[""admin_required""]","[""session_reference""]","[""global_anonymous_login_redirect"",""admin_blueprint_hook:session_or_jwt_plus_role_if_global_gate_passes"",""route_decorator:session+admin_role""]",not_found_static_scan,not_found_static_scan,runtime:url_map;source:app/modules/admin/routes/api_components/forum.py:141,community,pending,preserve path/method/status/envelope/auth/null/pagination
4518fde641c0,/admin/api/forum/boards,GET,admin.admin_api.api_admin_get_boards,admin,app/modules/admin/routes/api_components/forum.py:129,app/modules/admin/routes/api_components/forum.py:129,blueprint_decorator,"[""admin_required""]",[],"[""global_anonymous_login_redirect"",""admin_blueprint_hook:session_or_jwt_plus_role_if_global_gate_passes"",""route_decorator:session+admin_role""]",not_found_static_scan,not_found_static_scan,runtime:url_map;source:app/modules/admin/routes/api_components/forum.py:129,community,pending,preserve path/method/status/envelope/auth/null/pagination
6f513186d9cf,/admin/api/forum/boards/<int:board_id>,DELETE,admin.admin_api.api_admin_delete_board,admin,app/modules/admin/routes/api_components/forum.py:179,app/modules/admin/routes/api_components/forum.py:179,blueprint_decorator,"[""admin_required""]",[],"[""global_anonymous_login_redirect"",""admin_blueprint_hook:session_or_jwt_plus_role_if_global_gate_passes"",""route_decorator:session+admin_role""]",not_found_static_scan,not_found_static_scan,runtime:url_map;source:app/modules/admin/routes/api_components/forum.py:179,community,pending,preserve path/method/status/envelope/auth/null/pagination
e03db2d6e2cd,/admin/api/forum/boards/<int:board_id>,PUT,admin.admin_api.api_admin_update_board,admin,app/modules/admin/routes/api_components/forum.py:164,app/modules/admin/routes/api_components/forum.py:164,blueprint_decorator,"[""admin_required""]",[],"[""global_anonymous_login_redirect"",""admin_blueprint_hook:session_or_jwt_plus_role_if_global_gate_passes"",""route_decorator:session+admin_role""]",not_found_static_scan,not_found_static_scan,runtime:url_map;source:app/modules/admin/routes/api_components/forum.py:164,community,pending,preserve path/method/status/envelope/auth/null/pagination
5349756fc202,/admin/api/forum/boards/sync,POST,admin.admin_api.api_admin_sync_boards,admin,app/modules/admin/routes/api_components/forum.py:193,app/modules/admin/routes/api_components/forum.py:193,blueprint_decorator,"[""admin_required""]",[],"[""global_anonymous_login_redirect"",""admin_blueprint_hook:session_or_jwt_plus_role_if_global_gate_passes"",""route_decorator:session+admin_role""]",not_found_static_scan,not_found_static_scan,runtime:url_map;source:app/modules/admin/routes/api_components/forum.py:193,community,pending,preserve path/method/status/envelope/auth/null/pagination
b24fa330d02d,/admin/api/forum/posts,GET,admin.admin_api.api_admin_forum_posts,admin,app/modules/admin/routes/api_components/forum.py:45,app/modules/admin/routes/api_components/forum.py:45,blueprint_decorator,"[""admin_required""]",[],"[""global_anonymous_login_redirect"",""admin_blueprint_hook:session_or_jwt_plus_role_if_global_gate_passes"",""route_decorator:session+admin_role""]",not_found_static_scan,not_found_static_scan,runtime:url_map;source:app/modules/admin/routes/api_components/forum.py:45,community,pending,preserve path/method/status/envelope/auth/null/pagination
38704d635aef,/admin/api/forum/posts/<int:post_id>,DELETE,admin.admin_api.api_admin_delete_post,admin,app/modules/admin/routes/api_components/forum.py:91,app/modules/admin/routes/api_components/forum.py:91,blueprint_decorator,"[""admin_required""]","[""session_reference""]","[""global_anonymous_login_redirect"",""admin_blueprint_hook:session_or_jwt_plus_role_if_global_gate_passes"",""route_decorator:session+admin_role""]",not_found_static_scan,not_found_static_scan,runtime:url_map;source:app/modules/admin/routes/api_components/forum.py:91,community,pending,preserve path/method/status/envelope/auth/null/pagination
b30052dee192,/admin/api/forum/posts/<int:post_id>/toggle,POST,admin.admin_api.api_admin_toggle_post,admin,app/modules/admin/routes/api_components/forum.py:109,app/modules/admin/routes/api_components/forum.py:109,blueprint_decorator,"[""admin_required""]",[],"[""global_anonymous_login_redirect"",""admin_blueprint_hook:session_or_jwt_plus_role_if_global_gate_passes"",""route_decorator:session+admin_role""]",not_found_static_scan,not_found_static_scan,runtime:url_map;source:app/modules/admin/routes/api_components/forum.py:109,community,pending,preserve path/method/status/envelope/auth/null/pagination
a945629cc976,/admin/api/forum/reports,GET,admin.admin_api.api_admin_forum_reports,admin,app/modules/admin/routes/api_components/forum.py:208,app/modules/admin/routes/api_components/forum.py:208,blueprint_decorator,"[""admin_required""]",[],"[""global_anonymous_login_redirect"",""admin_blueprint_hook:session_or_jwt_plus_role_if_global_gate_passes"",""route_decorator:session+admin_role""]",not_found_static_scan,not_found_static_scan,runtime:url_map;source:app/modules/admin/routes/api_components/forum.py:208,community,pending,preserve path/method/status/envelope/auth/null/pagination
31856e475006,/admin/api/forum/reports/<int:report_id>/handle,POST,admin.admin_api.api_admin_handle_report,admin,app/modules/admin/routes/api_components/forum.py:223,app/modules/admin/routes/api_components/forum.py:223,blueprint_decorator,"[""admin_required""]","[""session_reference""]","[""global_anonymous_login_redirect"",""admin_blueprint_hook:session_or_jwt_plus_role_if_global_gate_passes"",""route_decorator:session+admin_role""]",not_found_static_scan,not_found_static_scan,runtime:url_map;source:app/modules/admin/routes/api_components/forum.py:223,community,pending,preserve path/method/status/envelope/auth/null/pagination
819811abfa2b,/admin/api/forum/stats,GET,admin.admin_api.api_forum_stats,admin,app/modules/admin/routes/api_components/forum.py:13,app/modules/admin/routes/api_components/forum.py:13,blueprint_decorator,"[""admin_required""]",[],"[""global_anonymous_login_redirect"",""admin_blueprint_hook:session_or_jwt_plus_role_if_global_gate_passes"",""route_decorator:session+admin_role""]",not_found_static_scan,not_found_static_scan,runtime:url_map;source:app/modules/admin/routes/api_components/forum.py:13,community,pending,preserve path/method/status/envelope/auth/null/pagination
83d8de391c73,/admin/api/notifications,POST,admin.admin_api.admin_api_notifications_create,admin,app/modules/admin/routes/api_components/notifications.py:38,app/modules/admin/routes/api_components/notifications.py:38,blueprint_decorator,"[""notification_admin_required""]","[""session_reference""]","[""global_anonymous_login_redirect"",""admin_blueprint_hook:session_or_jwt_plus_role_if_global_gate_passes"",""route_decorator:session+notification_admin_role""]",tests,"{""tests"":[""tests/test_admin_notifications_page.py:50:test_client_literal""]}",runtime:url_map;source:app/modules/admin/routes/api_components/notifications.py:38,messaging,pending,preserve path/method/status/envelope/auth/null/pagination
d6f42ebda7ae,/admin/api/notifications,GET,admin.admin_api.admin_api_notifications_list,admin,app/modules/admin/routes/api_components/notifications.py:18,app/modules/admin/routes/api_components/notifications.py:18,blueprint_decorator,"[""notification_admin_required""]",[],"[""global_anonymous_login_redirect"",""admin_blueprint_hook:session_or_jwt_plus_role_if_global_gate_passes"",""route_decorator:session+notification_admin_role""]",web,"{""web"":[""app/modules/admin/templates/admin/notifications/_notification_scripts.html:14:fetch_literal""]}",runtime:url_map;source:app/modules/admin/routes/api_components/notifications.py:18,messaging,pending,preserve path/method/status/envelope/auth/null/pagination
03326e54a9a2,/admin/api/notifications/<int:nid>,DELETE,admin.admin_api.admin_api_notifications_delete,admin,app/modules/admin/routes/api_components/notifications.py:145,app/modules/admin/routes/api_components/notifications.py:145,blueprint_decorator,"[""notification_admin_required""]",[],"[""global_anonymous_login_redirect"",""admin_blueprint_hook:session_or_jwt_plus_role_if_global_gate_passes"",""route_decorator:session+notification_admin_role""]",web,"{""web"":[""app/modules/admin/templates/admin/notifications/_notification_scripts.html:359:fetch_literal""]}",runtime:url_map;source:app/modules/admin/routes/api_components/notifications.py:145,messaging,pending,preserve path/method/status/envelope/auth/null/pagination
62d15d0d4609,/admin/api/notifications/<int:nid>,GET,admin.admin_api.admin_api_notifications_get,admin,app/modules/admin/routes/api_components/notifications.py:83,app/modules/admin/routes/api_components/notifications.py:83,blueprint_decorator,"[""notification_admin_required""]",[],"[""global_anonymous_login_redirect"",""admin_blueprint_hook:session_or_jwt_plus_role_if_global_gate_passes"",""route_decorator:session+notification_admin_role""]",web,"{""web"":[""app/modules/admin/templates/admin/notifications/_notification_scripts.html:242:fetch_literal""]}",runtime:url_map;source:app/modules/admin/routes/api_components/notifications.py:83,messaging,pending,preserve path/method/status/envelope/auth/null/pagination
9e4f84a6defa,/admin/api/notifications/<int:nid>,PUT,admin.admin_api.admin_api_notifications_update,admin,app/modules/admin/routes/api_components/notifications.py:98,app/modules/admin/routes/api_components/notifications.py:98,blueprint_decorator,"[""notification_admin_required""]",[],"[""global_anonymous_login_redirect"",""admin_blueprint_hook:session_or_jwt_plus_role_if_global_gate_passes"",""route_decorator:session+notification_admin_role""]",not_found_static_scan,not_found_static_scan,runtime:url_map;source:app/modules/admin/routes/api_components/notifications.py:98,messaging,pending,preserve path/method/status/envelope/auth/null/pagination
ecd0c5a9a617,/admin/api/notifications/<int:nid>/toggle,POST,admin.admin_api.admin_api_notifications_toggle,admin,app/modules/admin/routes/api_components/notifications.py:163,app/modules/admin/routes/api_components/notifications.py:163,blueprint_decorator,"[""notification_admin_required""]",[],"[""global_anonymous_login_redirect"",""admin_blueprint_hook:session_or_jwt_plus_role_if_global_gate_passes"",""route_decorator:session+notification_admin_role""]",web,"{""web"":[""app/modules/admin/templates/admin/notifications/_notification_scripts.html:342:fetch_literal""]}",runtime:url_map;source:app/modules/admin/routes/api_components/notifications.py:163,messaging,pending,preserve path/method/status/envelope/auth/null/pagination
e294786f79ca,/admin/api/permissions/batch,POST,admin.admin_api.batch_set_permissions,admin,app/modules/admin/routes/api_components/users.py:324,app/modules/admin/routes/api_components/users.py:324,blueprint_decorator,"[""admin_required""]","[""session_reference"",""current_user_resolution"",""forbidden_response_signal""]","[""global_anonymous_login_redirect"",""admin_blueprint_hook:session_or_jwt_plus_role_if_global_gate_passes"",""route_decorator:session+admin_role""]",web,"{""web"":[""app/modules/admin/templates/admin/permissions/index.html:697:fetch_literal"",""app/modules/admin/templates/admin/permissions/index.html:736:fetch_literal""]}",runtime:url_map;source:app/modules/admin/routes/api_components/users.py:324,operations,pending,preserve path/method/status/envelope/auth/null/pagination
847a099a8587,/admin/api/questions,POST,admin.admin_api.add_question,admin,app/modules/admin/routes/api_components/questions.py:179,app/modules/admin/routes/api_components/questions.py:179,blueprint_decorator,"[""subject_admin_required""]","[""session_reference""]","[""global_anonymous_login_redirect"",""admin_blueprint_hook:session_or_jwt_plus_role_if_global_gate_passes"",""route_decorator:session+subject_admin_role""]",not_found_static_scan,not_found_static_scan,runtime:url_map;source:app/modules/admin/routes/api_components/questions.py:179,operations,pending,preserve path/method/status/envelope/auth/null/pagination
1437bc4bf41b,/admin/api/questions,GET,admin.admin_api.get_filtered_questions,admin,app/modules/admin/routes/api_components/questions.py:56,app/modules/admin/routes/api_components/questions.py:56,blueprint_decorator,"[""subject_admin_required""]",[],"[""global_anonymous_login_redirect"",""admin_blueprint_hook:session_or_jwt_plus_role_if_global_gate_passes"",""route_decorator:session+subject_admin_role""]",web,"{""web"":[""app/modules/admin/templates/admin/subjects/_scripts.html:82:fetch_literal""]}",runtime:url_map;source:app/modules/admin/routes/api_components/questions.py:56,operations,pending,preserve path/method/status/envelope/auth/null/pagination
6afbe1249f4d,/admin/api/questions/<int:question_id>,DELETE,admin.admin_api.delete_question,admin,app/modules/admin/routes/api_components/questions.py:337,app/modules/admin/routes/api_components/questions.py:337,blueprint_decorator,"[""subject_admin_required""]",[],"[""global_anonymous_login_redirect"",""admin_blueprint_hook:session_or_jwt_plus_role_if_global_gate_passes"",""route_decorator:session+subject_admin_role""]",web,"{""web"":[""app/modules/admin/templates/admin/subjects/_scripts.html:564:fetch_literal"",""app/modules/admin/templates/admin/subjects/duplicate_check.html:648:fetch_literal""]}",runtime:url_map;source:app/modules/admin/routes/api_components/questions.py:337,operations,pending,preserve path/method/status/envelope/auth/null/pagination
d550fa50a0f7,/admin/api/questions/<int:question_id>,PUT,admin.admin_api.edit_question,admin,app/modules/admin/routes/api_components/questions.py:255,app/modules/admin/routes/api_components/questions.py:255,blueprint_decorator,"[""subject_admin_required""]",[],"[""global_anonymous_login_redirect"",""admin_blueprint_hook:session_or_jwt_plus_role_if_global_gate_passes"",""route_decorator:session+subject_admin_role""]",not_found_static_scan,not_found_static_scan,runtime:url_map;source:app/modules/admin/routes/api_components/questions.py:255,operations,pending,preserve path/method/status/envelope/auth/null/pagination
8cb323acac12,/admin/api/questions/<int:question_id>,GET,admin.admin_api.get_single_question,admin,app/modules/admin/routes/api_components/questions.py:128,app/modules/admin/routes/api_components/questions.py:128,blueprint_decorator,"[""subject_admin_required""]",[],"[""global_anonymous_login_redirect"",""admin_blueprint_hook:session_or_jwt_plus_role_if_global_gate_passes"",""route_decorator:session+subject_admin_role""]",web,"{""web"":[""app/modules/admin/templates/admin/subjects/_scripts.html:447:fetch_literal"",""app/modules/admin/templates/admin/subjects/duplicate_check.html:585:fetch_literal""]}",runtime:url_map;source:app/modules/admin/routes/api_components/questions.py:128,operations,pending,preserve path/method/status/envelope/auth/null/pagination
6d4a78ba4d72,/admin/api/questions/batch_change_type,POST,admin.admin_api.batch_change_type,admin,app/modules/admin/routes/api_components/questions.py:376,app/modules/admin/routes/api_components/questions.py:376,blueprint_decorator,"[""subject_admin_required""]",[],"[""global_anonymous_login_redirect"",""admin_blueprint_hook:session_or_jwt_plus_role_if_global_gate_passes"",""route_decorator:session+subject_admin_role""]",web,"{""web"":[""app/modules/admin/templates/admin/subjects/_scripts.html:641:fetch_literal""]}",runtime:url_map;source:app/modules/admin/routes/api_components/questions.py:376,operations,pending,preserve path/method/status/envelope/auth/null/pagination
4a7586d8bcd7,/admin/api/questions/batch_delete,POST,admin.admin_api.batch_delete_questions,admin,app/modules/admin/routes/api_components/questions.py:352,app/modules/admin/routes/api_components/questions.py:352,blueprint_decorator,"[""subject_admin_required""]",[],"[""global_anonymous_login_redirect"",""admin_blueprint_hook:session_or_jwt_plus_role_if_global_gate_passes"",""route_decorator:session+subject_admin_role""]",web,"{""web"":[""app/modules/admin/templates/admin/subjects/_scripts.html:589:fetch_literal""]}",runtime:url_map;source:app/modules/admin/routes/api_components/questions.py:352,operations,pending,preserve path/method/status/envelope/auth/null/pagination
ae53536f0ce4,/admin/api/questions/batch_move_subject,POST,admin.admin_api.batch_move_subject,admin,app/modules/admin/routes/api_components/questions.py:506,app/modules/admin/routes/api_components/questions.py:506,blueprint_decorator,"[""subject_admin_required""]",[],"[""global_anonymous_login_redirect"",""admin_blueprint_hook:session_or_jwt_plus_role_if_global_gate_passes"",""route_decorator:session+subject_admin_role""]",web,"{""web"":[""app/modules/admin/templates/admin/subjects/_scripts.html:671:fetch_literal""]}",runtime:url_map;source:app/modules/admin/routes/api_components/questions.py:506,operations,pending,preserve path/method/status/envelope/auth/null/pagination
481afad5a1eb,/admin/api/questions/batch_set_difficulty,POST,admin.admin_api.batch_set_difficulty,admin,app/modules/admin/routes/api_components/questions.py:534,app/modules/admin/routes/api_components/questions.py:534,blueprint_decorator,"[""subject_admin_required""]",[],"[""global_anonymous_login_redirect"",""admin_blueprint_hook:session_or_jwt_plus_role_if_global_gate_passes"",""route_decorator:session+subject_admin_role""]",web,"{""web"":[""app/modules/admin/templates/admin/subjects/_scripts.html:679:fetch_literal""]}",runtime:url_map;source:app/modules/admin/routes/api_components/questions.py:534,operations,pending,preserve path/method/status/envelope/auth/null/pagination
a1fa4c1986bd,/admin/api/questions/batch_tags,POST,admin.admin_api.batch_tags,admin,app/modules/admin/routes/api_components/questions.py:562,app/modules/admin/routes/api_components/questions.py:562,blueprint_decorator,"[""subject_admin_required""]",[],"[""global_anonymous_login_redirect"",""admin_blueprint_hook:session_or_jwt_plus_role_if_global_gate_passes"",""route_decorator:session+subject_admin_role""]",web,"{""web"":[""app/modules/admin/templates/admin/subjects/_scripts.html:688:fetch_literal""]}",runtime:url_map;source:app/modules/admin/routes/api_components/questions.py:562,operations,pending,preserve path/method/status/envelope/auth/null/pagination
b4ae9918923b,/admin/api/questions/duplicate-check/results,GET,admin.admin_api.get_duplicate_check_results,admin,app/modules/admin/routes/api_components/questions.py:652,app/modules/admin/routes/api_components/questions.py:652,blueprint_decorator,"[""subject_admin_required""]","[""session_reference""]","[""global_anonymous_login_redirect"",""admin_blueprint_hook:session_or_jwt_plus_role_if_global_gate_passes"",""route_decorator:session+subject_admin_role""]",not_found_static_scan,not_found_static_scan,runtime:url_map;source:app/modules/admin/routes/api_components/questions.py:652,operations,pending,preserve path/method/status/envelope/auth/null/pagination
e4f7e5bd06a5,/admin/api/questions/duplicate-check/start,POST,admin.admin_api.start_duplicate_check,admin,app/modules/admin/routes/api_components/questions.py:614,app/modules/admin/routes/api_components/questions.py:614,blueprint_decorator,"[""subject_admin_required""]","[""session_reference""]","[""global_anonymous_login_redirect"",""admin_blueprint_hook:session_or_jwt_plus_role_if_global_gate_passes"",""route_decorator:session+subject_admin_role""]",not_found_static_scan,not_found_static_scan,runtime:url_map;source:app/modules/admin/routes/api_components/questions.py:614,operations,pending,preserve path/method/status/envelope/auth/null/pagination
4a33d8e15da5,/admin/api/questions/export,GET,admin.admin_api.export_questions_api,admin,app/modules/admin/routes/api_components/questions_io.py:158,app/modules/admin/routes/api_components/questions_io.py:158,blueprint_decorator,"[""subject_admin_required""]",[],"[""global_anonymous_login_redirect"",""admin_blueprint_hook:session_or_jwt_plus_role_if_global_gate_passes"",""route_decorator:session+subject_admin_role""]",not_found_static_scan,not_found_static_scan,runtime:url_map;source:app/modules/admin/routes/api_components/questions_io.py:158,operations,pending,preserve path/method/status/envelope/auth/null/pagination
85ef5dd3d649,/admin/api/questions/export/excel,GET,admin.admin_api.export_questions_to_excel,admin,app/modules/admin/routes/api_components/questions_io.py:372,app/modules/admin/routes/api_components/questions_io.py:372,blueprint_decorator,"[""subject_admin_required""]",[],"[""global_anonymous_login_redirect"",""admin_blueprint_hook:session_or_jwt_plus_role_if_global_gate_passes"",""route_decorator:session+subject_admin_role""]",not_found_static_scan,not_found_static_scan,runtime:url_map;source:app/modules/admin/routes/api_components/questions_io.py:372,operations,pending,preserve path/method/status/envelope/auth/null/pagination
494bec0d49fe,/admin/api/questions/export/word,GET,admin.admin_api.export_questions_to_word,admin,app/modules/admin/routes/api_components/questions_io.py:514,app/modules/admin/routes/api_components/questions_io.py:514,blueprint_decorator,"[""subject_admin_required""]",[],"[""global_anonymous_login_redirect"",""admin_blueprint_hook:session_or_jwt_plus_role_if_global_gate_passes"",""route_decorator:session+subject_admin_role""]",not_found_static_scan,not_found_static_scan,runtime:url_map;source:app/modules/admin/routes/api_components/questions_io.py:514,operations,pending,preserve path/method/status/envelope/auth/null/pagination
e86553f044c7,/admin/api/questions/export_package,GET,admin.admin_api.export_questions_package,admin,app/modules/admin/routes/api_components/questions_io.py:714,app/modules/admin/routes/api_components/questions_io.py:714,blueprint_decorator,"[""subject_admin_required""]",[],"[""global_anonymous_login_redirect"",""admin_blueprint_hook:session_or_jwt_plus_role_if_global_gate_passes"",""route_decorator:session+subject_admin_role""]",not_found_static_scan,not_found_static_scan,runtime:url_map;source:app/modules/admin/routes/api_components/questions_io.py:714,operations,pending,preserve path/method/status/envelope/auth/null/pagination
cd8752d67bff,/admin/api/questions/import,POST,admin.admin_api.import_questions_api,admin,app/modules/admin/routes/api_components/questions_io.py:38,app/modules/admin/routes/api_components/questions_io.py:38,blueprint_decorator,"[""subject_admin_required""]","[""session_reference""]","[""global_anonymous_login_redirect"",""admin_blueprint_hook:session_or_jwt_plus_role_if_global_gate_passes"",""route_decorator:session+subject_admin_role""]",web,"{""web"":[""app/modules/admin/templates/admin/subjects/_scripts.html:748:fetch_literal""]}",runtime:url_map;source:app/modules/admin/routes/api_components/questions_io.py:38,operations,pending,preserve path/method/status/envelope/auth/null/pagination
d4a8e2268bcb,/admin/api/questions/import/excel,POST,admin.admin_api.import_questions_from_excel,admin,app/modules/admin/routes/api_components/questions_io.py:204,app/modules/admin/routes/api_components/questions_io.py:204,blueprint_decorator,"[""subject_admin_required""]","[""session_reference""]","[""global_anonymous_login_redirect"",""admin_blueprint_hook:session_or_jwt_plus_role_if_global_gate_passes"",""route_decorator:session+subject_admin_role""]",not_found_static_scan,not_found_static_scan,runtime:url_map;source:app/modules/admin/routes/api_components/questions_io.py:204,operations,pending,preserve path/method/status/envelope/auth/null/pagination
1e4076e751c9,/admin/api/questions/import_package,POST,admin.admin_api.import_questions_package,admin,app/modules/admin/routes/api_components/questions_io.py:813,app/modules/admin/routes/api_components/questions_io.py:813,blueprint_decorator,"[""subject_admin_required""]","[""session_reference""]","[""global_anonymous_login_redirect"",""admin_blueprint_hook:session_or_jwt_plus_role_if_global_gate_passes"",""route_decorator:session+subject_admin_role""]",web,"{""web"":[""app/modules/admin/templates/admin/subjects/_scripts.html:803:fetch_literal""]}",runtime:url_map;source:app/modules/admin/routes/api_components/questions_io.py:813,operations,pending,preserve path/method/status/envelope/auth/null/pagination
465c2347b78e,/admin/api/questions/upload_image,POST,admin.admin_api.upload_question_image,admin,app/modules/admin/routes/api_components/questions_io.py:679,app/modules/admin/routes/api_components/questions_io.py:679,blueprint_decorator,"[""subject_admin_required""]",[],"[""global_anonymous_login_redirect"",""admin_blueprint_hook:session_or_jwt_plus_role_if_global_gate_passes"",""route_decorator:session+subject_admin_role""]",web,"{""web"":[""app/modules/admin/templates/admin/subjects/_question_scripts.html:898:fetch_literal"",""app/modules/admin/templates/admin/subjects/_scripts.html:899:fetch_literal""]}",runtime:url_map;source:app/modules/admin/routes/api_components/questions_io.py:679,operations,pending,preserve path/method/status/envelope/auth/null/pagination
e0fa841ce995,/admin/api/settings/auth-login,GET,admin.admin_api.api_get_auth_login_config,admin,app/modules/admin/routes/api_components/auth_login_settings.py:23,app/modules/admin/routes/api_components/auth_login_settings.py:23,blueprint_decorator,"[""admin_required""]",[],"[""global_anonymous_login_redirect"",""admin_blueprint_hook:session_or_jwt_plus_role_if_global_gate_passes"",""route_decorator:session+admin_role""]",tests,"{""tests"":[""tests/test_auth_login_methods_settings.py:69:test_client_literal""]}",runtime:url_map;source:app/modules/admin/routes/api_components/auth_login_settings.py:23,operations,pending,preserve path/method/status/envelope/auth/null/pagination
b5d51889e467,/admin/api/settings/auth-login,POST,admin.admin_api.api_save_auth_login_config,admin,app/modules/admin/routes/api_components/auth_login_settings.py:32,app/modules/admin/routes/api_components/auth_login_settings.py:32,blueprint_decorator,"[""admin_required""]","[""session_reference""]","[""global_anonymous_login_redirect"",""admin_blueprint_hook:session_or_jwt_plus_role_if_global_gate_passes"",""route_decorator:session+admin_role""]",tests;web,"{""tests"":[""tests/test_auth_login_methods_settings.py:59:test_client_literal""],""web"":[""app/modules/admin/templates/admin/settings/auth_login.html:156:fetch_literal""]}",runtime:url_map;source:app/modules/admin/routes/api_components/auth_login_settings.py:32,operations,pending,preserve path/method/status/envelope/auth/null/pagination
709c5f6b6e44,/admin/api/settings/backup,GET,admin.admin_api.api_get_backup_config,admin,app/modules/admin/routes/api_components/backup_settings.py:212,app/modules/admin/routes/api_components/backup_settings.py:212,blueprint_decorator,"[""session_admin_required"",""admin_required"",""backup_rate_limit('60 per minute')""]",[],"[""global_session_or_valid_jwt_else_backup_error_401"",""admin_blueprint_hook:session_or_jwt_plus_role_if_global_gate_passes"",""route_decorator:session+admin_role""]",tests,"{""tests"":[""tests/test_admin_backup_api.py:274:test_client_literal"",""tests/test_admin_backup_api.py:286:test_client_literal"",""tests/test_admin_backup_api.py:305:test_client_literal"",""tests/test_admin_backup_api.py:315:test_client_literal"",""tests/test_admin_backup_api.py:322:test_client_literal"",""tests/test_admin_backup_api.py:339:test_client_literal"",""tests/test_admin_backup_api.py:410:test_client_literal"",""tests/test_admin_backup_api.py:643:test_client_literal""]}",runtime:url_map;source:app/modules/admin/routes/api_components/backup_settings.py:212,operations,pending,preserve path/method/status/envelope/auth/null/pagination
a8422ceb3e76,/admin/api/settings/backup,POST,admin.admin_api.api_save_backup_config,admin,app/modules/admin/routes/api_components/backup_settings.py:224,app/modules/admin/routes/api_components/backup_settings.py:224,blueprint_decorator,"[""session_admin_required"",""admin_required"",""backup_write_guard"",""backup_rate_limit('10 per minute')""]","[""session_reference""]","[""global_session_or_valid_jwt_else_backup_error_401"",""admin_blueprint_hook:session_or_jwt_plus_role_if_global_gate_passes"",""route_decorator:session+admin_role""]",tests,"{""tests"":[""tests/test_admin_backup_api.py:420:test_client_literal"",""tests/test_admin_backup_api.py:423:test_client_literal"",""tests/test_admin_backup_api.py:437:test_client_literal"",""tests/test_admin_backup_api.py:451:test_client_literal""]}",runtime:url_map;source:app/modules/admin/routes/api_components/backup_settings.py:224,operations,pending,preserve path/method/status/envelope/auth/null/pagination
bb9bf1a8993b,/admin/api/settings/backup/test,POST,admin.admin_api.api_test_backup_connection,admin,app/modules/admin/routes/api_components/backup_settings.py:250,app/modules/admin/routes/api_components/backup_settings.py:250,blueprint_decorator,"[""session_admin_required"",""admin_required"",""backup_write_guard"",""backup_rate_limit('5 per minute')""]",[],"[""global_session_or_valid_jwt_else_backup_error_401"",""admin_blueprint_hook:session_or_jwt_plus_role_if_global_gate_passes"",""route_decorator:session+admin_role""]",tests,"{""tests"":[""tests/test_admin_backup_api.py:472:test_client_literal"",""tests/test_admin_backup_api.py:490:test_client_literal""]}",runtime:url_map;source:app/modules/admin/routes/api_components/backup_settings.py:250,operations,pending,preserve path/method/status/envelope/auth/null/pagination
af8863bfee40,/admin/api/settings/edu-schedule,GET,admin.admin_api.api_get_edu_schedule_config,admin,app/modules/admin/routes/api_components/edu_schedule_settings.py:68,app/modules/admin/routes/api_components/edu_schedule_settings.py:68,blueprint_decorator,"[""admin_required""]",[],"[""global_anonymous_login_redirect"",""admin_blueprint_hook:session_or_jwt_plus_role_if_global_gate_passes"",""route_decorator:session+admin_role""]",not_found_static_scan,not_found_static_scan,runtime:url_map;source:app/modules/admin/routes/api_components/edu_schedule_settings.py:68,campus,pending,preserve path/method/status/envelope/auth/null/pagination
2c3cb8274b39,/admin/api/settings/edu-schedule,POST,admin.admin_api.api_save_edu_schedule_config,admin,app/modules/admin/routes/api_components/edu_schedule_settings.py:74,app/modules/admin/routes/api_components/edu_schedule_settings.py:74,blueprint_decorator,"[""admin_required""]","[""session_reference""]","[""global_anonymous_login_redirect"",""admin_blueprint_hook:session_or_jwt_plus_role_if_global_gate_passes"",""route_decorator:session+admin_role""]",tests;web,"{""tests"":[""tests/test_edu_schedule.py:777:test_client_literal""],""web"":[""app/modules/admin/templates/admin/settings/edu_schedule.html:250:fetch_literal""]}",runtime:url_map;source:app/modules/admin/routes/api_components/edu_schedule_settings.py:74,campus,pending,preserve path/method/status/envelope/auth/null/pagination
3defcdafd210,/admin/api/settings/edu-schedule/webvpn-session/complete,POST,admin.admin_api.api_complete_webvpn_session_refresh,admin,app/modules/admin/routes/api_components/edu_schedule_settings.py:102,app/modules/admin/routes/api_components/edu_schedule_settings.py:102,blueprint_decorator,"[""admin_required""]","[""session_reference""]","[""global_anonymous_login_redirect"",""admin_blueprint_hook:session_or_jwt_plus_role_if_global_gate_passes"",""route_decorator:session+admin_role""]",tests;web,"{""tests"":[""tests/test_edu_schedule.py:895:test_client_literal""],""web"":[""app/modules/admin/templates/admin/settings/edu_schedule.html:323:fetch_literal""]}",runtime:url_map;source:app/modules/admin/routes/api_components/edu_schedule_settings.py:102,campus,pending,preserve path/method/status/envelope/auth/null/pagination
431b2b54d1a8,/admin/api/settings/edu-schedule/webvpn-session/start,POST,admin.admin_api.api_start_webvpn_session_refresh,admin,app/modules/admin/routes/api_components/edu_schedule_settings.py:88,app/modules/admin/routes/api_components/edu_schedule_settings.py:88,blueprint_decorator,"[""admin_required""]","[""session_reference""]","[""global_anonymous_login_redirect"",""admin_blueprint_hook:session_or_jwt_plus_role_if_global_gate_passes"",""route_decorator:session+admin_role""]",tests;web,"{""tests"":[""tests/test_edu_schedule.py:885:test_client_literal""],""web"":[""app/modules/admin/templates/admin/settings/edu_schedule.html:279:fetch_literal""]}",runtime:url_map;source:app/modules/admin/routes/api_components/edu_schedule_settings.py:88,campus,pending,preserve path/method/status/envelope/auth/null/pagination
069633ea7e7b,/admin/api/settings/mail,GET,admin.admin_api.api_get_mail_config,admin,app/modules/admin/routes/api_components/mail_settings.py:36,app/modules/admin/routes/api_components/mail_settings.py:36,blueprint_decorator,"[""admin_required""]",[],"[""global_anonymous_login_redirect"",""admin_blueprint_hook:session_or_jwt_plus_role_if_global_gate_passes"",""route_decorator:session+admin_role""]",not_found_static_scan,not_found_static_scan,runtime:url_map;source:app/modules/admin/routes/api_components/mail_settings.py:36,operations,pending,preserve path/method/status/envelope/auth/null/pagination
f02109e37524,/admin/api/settings/mail,POST,admin.admin_api.api_save_mail_config,admin,app/modules/admin/routes/api_components/mail_settings.py:85,app/modules/admin/routes/api_components/mail_settings.py:85,blueprint_decorator,"[""admin_required""]","[""session_reference""]","[""global_anonymous_login_redirect"",""admin_blueprint_hook:session_or_jwt_plus_role_if_global_gate_passes"",""route_decorator:session+admin_role""]",web,"{""web"":[""app/modules/admin/templates/admin/settings/mail.html:598:fetch_literal""]}",runtime:url_map;source:app/modules/admin/routes/api_components/mail_settings.py:85,operations,pending,preserve path/method/status/envelope/auth/null/pagination
fc1414eac8e9,/admin/api/settings/mail/template-preview,POST,admin.admin_api.api_get_mail_template_preview,admin,app/modules/admin/routes/api_components/mail_settings.py:188,app/modules/admin/routes/api_components/mail_settings.py:188,blueprint_decorator,"[""admin_required""]",[],"[""global_anonymous_login_redirect"",""admin_blueprint_hook:session_or_jwt_plus_role_if_global_gate_passes"",""route_decorator:session+admin_role""]",web,"{""web"":[""app/modules/admin/templates/admin/settings/mail.html:714:fetch_literal""]}",runtime:url_map;source:app/modules/admin/routes/api_components/mail_settings.py:188,operations,pending,preserve path/method/status/envelope/auth/null/pagination
f8791bfa75ab,/admin/api/settings/mail/test,POST,admin.admin_api.api_test_mail_config,admin,app/modules/admin/routes/api_components/mail_settings.py:118,app/modules/admin/routes/api_components/mail_settings.py:118,blueprint_decorator,"[""limiter.limit('5 per minute')"",""admin_required""]",[],"[""global_anonymous_login_redirect"",""admin_blueprint_hook:session_or_jwt_plus_role_if_global_gate_passes"",""route_decorator:session+admin_role""]",web,"{""web"":[""app/modules/admin/templates/admin/settings/mail.html:641:fetch_literal""]}",runtime:url_map;source:app/modules/admin/routes/api_components/mail_settings.py:118,operations,pending,preserve path/method/status/envelope/auth/null/pagination
70bb02d6731a,/admin/api/settings/payment/epay,GET,admin.admin_api.api_get_epay_settings,admin,app/modules/admin/routes/api_components/payment_settings.py:113,app/modules/admin/routes/api_components/payment_settings.py:113,blueprint_decorator,"[""admin_required""]",[],"[""global_anonymous_login_redirect"",""admin_blueprint_hook:session_or_jwt_plus_role_if_global_gate_passes"",""route_decorator:session+admin_role""]",tests,"{""tests"":[""tests/test_epay_settings.py:61:test_client_literal""]}",runtime:url_map;source:app/modules/admin/routes/api_components/payment_settings.py:113,operations,pending,preserve path/method/status/envelope/auth/null/pagination
cb85493e041b,/admin/api/settings/payment/epay,POST,admin.admin_api.api_save_epay_settings,admin,app/modules/admin/routes/api_components/payment_settings.py:119,app/modules/admin/routes/api_components/payment_settings.py:119,blueprint_decorator,"[""admin_required""]","[""session_reference""]","[""global_anonymous_login_redirect"",""admin_blueprint_hook:session_or_jwt_plus_role_if_global_gate_passes"",""route_decorator:session+admin_role""]",tests;web,"{""tests"":[""tests/test_epay_settings.py:57:test_client_literal""],""web"":[""app/modules/admin/templates/admin/settings/payment.html:272:fetch_literal""]}",runtime:url_map;source:app/modules/admin/routes/api_components/payment_settings.py:119,operations,pending,preserve path/method/status/envelope/auth/null/pagination
5a58f8df531b,/admin/api/settings/payment/epay/test,POST,admin.admin_api.api_test_epay_settings,admin,app/modules/admin/routes/api_components/payment_settings.py:145,app/modules/admin/routes/api_components/payment_settings.py:145,blueprint_decorator,"[""limiter.limit('5 per minute')"",""admin_required""]",[],"[""global_anonymous_login_redirect"",""admin_blueprint_hook:session_or_jwt_plus_role_if_global_gate_passes"",""route_decorator:session+admin_role""]",web,"{""web"":[""app/modules/admin/templates/admin/settings/payment.html:297:fetch_literal""]}",runtime:url_map;source:app/modules/admin/routes/api_components/payment_settings.py:145,operations,pending,preserve path/method/status/envelope/auth/null/pagination
0862336237a1,/admin/api/settings/sms,GET,admin.admin_api.api_get_sms_config,admin,app/modules/admin/routes/api_components/sms_settings.py:68,app/modules/admin/routes/api_components/sms_settings.py:68,blueprint_decorator,"[""admin_required""]",[],"[""global_anonymous_login_redirect"",""admin_blueprint_hook:session_or_jwt_plus_role_if_global_gate_passes"",""route_decorator:session+admin_role""]",tests,"{""tests"":[""tests/test_runtime_settings.py:180:test_client_literal""]}",runtime:url_map;source:app/modules/admin/routes/api_components/sms_settings.py:68,operations,pending,preserve path/method/status/envelope/auth/null/pagination
3d0daca3d090,/admin/api/settings/sms,POST,admin.admin_api.api_save_sms_config,admin,app/modules/admin/routes/api_components/sms_settings.py:74,app/modules/admin/routes/api_components/sms_settings.py:74,blueprint_decorator,"[""admin_required""]","[""session_reference""]","[""global_anonymous_login_redirect"",""admin_blueprint_hook:session_or_jwt_plus_role_if_global_gate_passes"",""route_decorator:session+admin_role""]",tests;web,"{""tests"":[""tests/test_runtime_settings.py:176:test_client_literal""],""web"":[""app/modules/admin/templates/admin/settings/sms.html:262:fetch_literal""]}",runtime:url_map;source:app/modules/admin/routes/api_components/sms_settings.py:74,operations,pending,preserve path/method/status/envelope/auth/null/pagination
1a180627f1aa,/admin/api/settings/sms/test,POST,admin.admin_api.api_test_sms_config,admin,app/modules/admin/routes/api_components/sms_settings.py:105,app/modules/admin/routes/api_components/sms_settings.py:105,blueprint_decorator,"[""limiter.limit('5 per minute')"",""admin_required""]",[],"[""global_anonymous_login_redirect"",""admin_blueprint_hook:session_or_jwt_plus_role_if_global_gate_passes"",""route_decorator:session+admin_role""]",web,"{""web"":[""app/modules/admin/templates/admin/settings/sms.html:292:fetch_literal""]}",runtime:url_map;source:app/modules/admin/routes/api_components/sms_settings.py:105,operations,pending,preserve path/method/status/envelope/auth/null/pagination
e16c53bc19ae,/admin/api/settings/wechat-miniprogram,GET,admin.admin_api.api_get_wechat_miniprogram_config,admin,app/modules/admin/routes/api_components/wechat_miniprogram_settings.py:43,app/modules/admin/routes/api_components/wechat_miniprogram_settings.py:43,blueprint_decorator,"[""admin_required""]",[],"[""global_anonymous_login_redirect"",""admin_blueprint_hook:session_or_jwt_plus_role_if_global_gate_passes"",""route_decorator:session+admin_role""]",tests,"{""tests"":[""tests/test_runtime_settings.py:259:test_client_literal""]}",runtime:url_map;source:app/modules/admin/routes/api_components/wechat_miniprogram_settings.py:43,operations,pending,preserve path/method/status/envelope/auth/null/pagination
a060b18d83ad,/admin/api/settings/wechat-miniprogram,POST,admin.admin_api.api_save_wechat_miniprogram_config,admin,app/modules/admin/routes/api_components/wechat_miniprogram_settings.py:49,app/modules/admin/routes/api_components/wechat_miniprogram_settings.py:49,blueprint_decorator,"[""admin_required""]","[""session_reference""]","[""global_anonymous_login_redirect"",""admin_blueprint_hook:session_or_jwt_plus_role_if_global_gate_passes"",""route_decorator:session+admin_role""]",tests;web,"{""tests"":[""tests/test_runtime_settings.py:255:test_client_literal"",""tests/test_runtime_settings.py:267:test_client_literal""],""web"":[""app/modules/admin/templates/admin/settings/wechat_miniprogram.html:193:fetch_literal""]}",runtime:url_map;source:app/modules/admin/routes/api_components/wechat_miniprogram_settings.py:49,operations,pending,preserve path/method/status/envelope/auth/null/pagination
a9dae2f3a912,/admin/api/subject_permissions/batch,POST,admin.admin_api.batch_subject_permissions,admin,app/modules/admin/routes/api_components/subject_permissions.py:208,app/modules/admin/routes/api_components/subject_permissions.py:208,blueprint_decorator,"[""admin_required""]","[""session_reference"",""forbidden_response_signal""]","[""global_anonymous_login_redirect"",""admin_blueprint_hook:session_or_jwt_plus_role_if_global_gate_passes"",""route_decorator:session+admin_role""]",web,"{""web"":[""app/modules/admin/templates/admin/permissions/subject_permissions.html:707:fetch_literal"",""app/modules/admin/templates/admin/permissions/subject_permissions.html:743:fetch_literal""]}",runtime:url_map;source:app/modules/admin/routes/api_components/subject_permissions.py:208,operations,pending,preserve path/method/status/envelope/auth/null/pagination
9836d2f7ff1d,/admin/api/subject_permissions/overview,GET,admin.admin_api.get_subject_permissions_overview,admin,app/modules/admin/routes/api_components/subject_permissions.py:184,app/modules/admin/routes/api_components/subject_permissions.py:184,blueprint_decorator,"[""admin_required""]",[],"[""global_anonymous_login_redirect"",""admin_blueprint_hook:session_or_jwt_plus_role_if_global_gate_passes"",""route_decorator:session+admin_role""]",not_found_static_scan,not_found_static_scan,runtime:url_map;source:app/modules/admin/routes/api_components/subject_permissions.py:184,operations,pending,preserve path/method/status/envelope/auth/null/pagination
ae8eebd0886c,/admin/api/subjects,POST,admin.admin_api.api_add_subject,admin,app/modules/admin/routes/api_components/subjects.py:45,app/modules/admin/routes/api_components/subjects.py:45,blueprint_decorator,"[""subject_admin_required""]",[],"[""global_anonymous_login_redirect"",""admin_blueprint_hook:session_or_jwt_plus_role_if_global_gate_passes"",""route_decorator:session+subject_admin_role""]",tests,"{""tests"":[""tests/test_public_bank_plaza_sync.py:43:test_client_literal""]}",runtime:url_map;source:app/modules/admin/routes/api_components/subjects.py:45,operations,pending,preserve path/method/status/envelope/auth/null/pagination
6e1a36f5052d,/admin/api/subjects,GET,admin.admin_api.api_get_subjects,admin,app/modules/admin/routes/api_components/subjects.py:28,app/modules/admin/routes/api_components/subjects.py:28,blueprint_decorator,"[""subject_admin_required""]",[],"[""global_anonymous_login_redirect"",""admin_blueprint_hook:session_or_jwt_plus_role_if_global_gate_passes"",""route_decorator:session+subject_admin_role""]",web,"{""web"":[""app/modules/admin/templates/admin/subjects/_question_scripts.html:650:fetch_literal"",""app/modules/admin/templates/admin/subjects/_scripts.html:651:fetch_literal""]}",runtime:url_map;source:app/modules/admin/routes/api_components/subjects.py:28,operations,pending,preserve path/method/status/envelope/auth/null/pagination
16f32bd6d208,/admin/api/subjects/<int:subject_id>,DELETE,admin.admin_api.api_delete_subject,admin,app/modules/admin/routes/api_components/subjects.py:98,app/modules/admin/routes/api_components/subjects.py:98,blueprint_decorator,"[""subject_admin_required""]",[],"[""global_anonymous_login_redirect"",""admin_blueprint_hook:session_or_jwt_plus_role_if_global_gate_passes"",""route_decorator:session+subject_admin_role""]",not_found_static_scan,not_found_static_scan,runtime:url_map;source:app/modules/admin/routes/api_components/subjects.py:98,operations,pending,preserve path/method/status/envelope/auth/null/pagination
c89aa2eb9e65,/admin/api/subjects/<int:subject_id>,PUT,admin.admin_api.api_edit_subject,admin,app/modules/admin/routes/api_components/subjects.py:73,app/modules/admin/routes/api_components/subjects.py:73,blueprint_decorator,"[""subject_admin_required""]",[],"[""global_anonymous_login_redirect"",""admin_blueprint_hook:session_or_jwt_plus_role_if_global_gate_passes"",""route_decorator:session+subject_admin_role""]",tests,"{""tests"":[""tests/test_public_bank_plaza_sync.py:69:test_client_literal""]}",runtime:url_map;source:app/modules/admin/routes/api_components/subjects.py:73,operations,pending,preserve path/method/status/envelope/auth/null/pagination
df12637140b2,/admin/api/subjects/<int:subject_id>/lock,POST,admin.admin_api.api_lock_subject,admin,app/modules/admin/routes/api_components/subjects.py:135,app/modules/admin/routes/api_components/subjects.py:135,blueprint_decorator,"[""subject_admin_required""]",[],"[""global_anonymous_login_redirect"",""admin_blueprint_hook:session_or_jwt_plus_role_if_global_gate_passes"",""route_decorator:session+subject_admin_role""]",not_found_static_scan,not_found_static_scan,runtime:url_map;source:app/modules/admin/routes/api_components/subjects.py:135,operations,pending,preserve path/method/status/envelope/auth/null/pagination
8cc7c9103053,/admin/api/subjects/<int:subject_id>/restricted_users,GET,admin.admin_api.get_subject_restricted_users,admin,app/modules/admin/routes/api_components/subject_permissions.py:111,app/modules/admin/routes/api_components/subject_permissions.py:111,blueprint_decorator,"[""admin_required""]",[],"[""global_anonymous_login_redirect"",""admin_blueprint_hook:session_or_jwt_plus_role_if_global_gate_passes"",""route_decorator:session+admin_role""]",web,"{""web"":[""app/modules/admin/templates/admin/permissions/subject_permissions.html:635:fetch_literal""]}",runtime:url_map;source:app/modules/admin/routes/api_components/subject_permissions.py:111,operations,pending,preserve path/method/status/envelope/auth/null/pagination
7844354fc379,/admin/api/subjects/<int:subject_id>/unlock,POST,admin.admin_api.api_unlock_subject,admin,app/modules/admin/routes/api_components/subjects.py:160,app/modules/admin/routes/api_components/subjects.py:160,blueprint_decorator,"[""subject_admin_required""]",[],"[""global_anonymous_login_redirect"",""admin_blueprint_hook:session_or_jwt_plus_role_if_global_gate_passes"",""route_decorator:session+subject_admin_role""]",not_found_static_scan,not_found_static_scan,runtime:url_map;source:app/modules/admin/routes/api_components/subjects.py:160,operations,pending,preserve path/method/status/envelope/auth/null/pagination
df67a1e657fd,/admin/api/system_config,GET,admin.admin_api.get_system_configs,admin,app/modules/admin/routes/api_components/system_config.py:21,app/modules/admin/routes/api_components/system_config.py:21,blueprint_decorator,"[""admin_required""]",[],"[""global_anonymous_login_redirect"",""admin_blueprint_hook:session_or_jwt_plus_role_if_global_gate_passes"",""route_decorator:session+admin_role""]",not_found_static_scan,not_found_static_scan,runtime:url_map;source:app/modules/admin/routes/api_components/system_config.py:21,operations,pending,preserve path/method/status/envelope/auth/null/pagination
3f87193e468b,/admin/api/system_config/<config_key>,"GET,PUT",admin.admin_api.get_or_update_system_config,admin,app/modules/admin/routes/api_components/system_config.py:39,app/modules/admin/routes/api_components/system_config.py:39,blueprint_decorator,"[""admin_required""]","[""session_reference""]","[""global_anonymous_login_redirect"",""admin_blueprint_hook:session_or_jwt_plus_role_if_global_gate_passes"",""route_decorator:session+admin_role""]",web,"{""web"":[""app/modules/admin/templates/admin/settings/limits.html:225:fetch_literal"",""app/modules/admin/templates/admin/settings/limits.html:253:fetch_literal"",""app/modules/admin/templates/admin/settings/limits.html:288:fetch_literal"",""app/modules/admin/templates/admin/settings/limits.html:325:fetch_literal""]}",runtime:url_map;source:app/modules/admin/routes/api_components/system_config.py:39,operations,pending,preserve path/method/status/envelope/auth/null/pagination
f06f0e7f26c5,/admin/api/system_config/quiz_limit,GET,admin.admin_api.get_quiz_limit_config,admin,app/modules/admin/routes/api_components/system_config.py:171,app/modules/admin/routes/api_components/system_config.py:171,blueprint_decorator,"[""admin_required""]",[],"[""global_anonymous_login_redirect"",""admin_blueprint_hook:session_or_jwt_plus_role_if_global_gate_passes"",""route_decorator:session+admin_role""]",web,"{""web"":[""app/modules/admin/templates/admin/settings/limits.html:198:fetch_literal""]}",runtime:url_map;source:app/modules/admin/routes/api_components/system_config.py:171,operations,pending,preserve path/method/status/envelope/auth/null/pagination
e4cbe4d6bcc8,/admin/api/types,GET,admin.admin_api.get_question_types,admin,app/modules/admin/routes/api_components/questions.py:36,app/modules/admin/routes/api_components/questions.py:36,blueprint_decorator,"[""subject_admin_required""]",[],"[""global_anonymous_login_redirect"",""admin_blueprint_hook:session_or_jwt_plus_role_if_global_gate_passes"",""route_decorator:session+subject_admin_role""]",web,"{""web"":[""app/modules/admin/templates/admin/subjects/_scripts.html:69:fetch_literal""]}",runtime:url_map;source:app/modules/admin/routes/api_components/questions.py:36,operations,pending,preserve path/method/status/envelope/auth/null/pagination
c24d50301a12,/admin/api/user-banks,POST,admin.admin_api.api_admin_create_user_bank,admin,app/modules/admin/routes/api_components/user_banks.py:164,app/modules/admin/routes/api_components/user_banks.py:164,blueprint_decorator,"[""admin_required""]","[""session_reference"",""unauthorized_response_signal""]","[""global_anonymous_login_redirect"",""admin_blueprint_hook:session_or_jwt_plus_role_if_global_gate_passes"",""route_decorator:session+admin_role""]",tests,"{""tests"":[""tests/test_admin_user_banks.py:165:test_client_literal"",""tests/test_admin_user_banks.py:211:test_client_literal""]}",runtime:url_map;source:app/modules/admin/routes/api_components/user_banks.py:164,operations,pending,preserve path/method/status/envelope/auth/null/pagination
59a452142889,/admin/api/user-banks,GET,admin.admin_api.api_admin_list_user_banks,admin,app/modules/admin/routes/api_components/user_banks.py:121,app/modules/admin/routes/api_components/user_banks.py:121,blueprint_decorator,"[""admin_required""]",[],"[""global_anonymous_login_redirect"",""admin_blueprint_hook:session_or_jwt_plus_role_if_global_gate_passes"",""route_decorator:session+admin_role""]",tests,"{""tests"":[""tests/test_admin_user_banks.py:135:test_client_literal"",""tests/test_admin_user_banks.py:153:test_client_literal""]}",runtime:url_map;source:app/modules/admin/routes/api_components/user_banks.py:121,operations,pending,preserve path/method/status/envelope/auth/null/pagination
437c1688433f,/admin/api/user-banks/<int:bank_id>,PUT,admin.admin_api.api_admin_update_user_bank,admin,app/modules/admin/routes/api_components/user_banks.py:206,app/modules/admin/routes/api_components/user_banks.py:206,blueprint_decorator,"[""admin_required""]",[],"[""global_anonymous_login_redirect"",""admin_blueprint_hook:session_or_jwt_plus_role_if_global_gate_passes"",""route_decorator:session+admin_role""]",tests,"{""tests"":[""tests/test_admin_user_banks.py:186:test_client_literal""]}",runtime:url_map;source:app/modules/admin/routes/api_components/user_banks.py:206,operations,pending,preserve path/method/status/envelope/auth/null/pagination
83040266d872,/admin/api/user-banks/<int:bank_id>/cover/upload,POST,admin.admin_api.api_admin_upload_user_bank_cover,admin,app/modules/admin/routes/api_components/user_banks.py:295,app/modules/admin/routes/api_components/user_banks.py:295,blueprint_decorator,"[""admin_required"",""limiter.limit('10 per minute;200 per day')""]","[""session_reference""]","[""global_anonymous_login_redirect"",""admin_blueprint_hook:session_or_jwt_plus_role_if_global_gate_passes"",""route_decorator:session+admin_role""]",tests,"{""tests"":[""tests/test_admin_user_banks.py:263:test_client_literal""]}",runtime:url_map;source:app/modules/admin/routes/api_components/user_banks.py:295,operations,pending,preserve path/method/status/envelope/auth/null/pagination
2595ea7f6949,/admin/api/user-banks/<int:bank_id>/public,POST,admin.admin_api.api_admin_set_user_bank_public,admin,app/modules/admin/routes/api_components/user_banks.py:240,app/modules/admin/routes/api_components/user_banks.py:240,blueprint_decorator,"[""admin_required""]",[],"[""global_anonymous_login_redirect"",""admin_blueprint_hook:session_or_jwt_plus_role_if_global_gate_passes"",""route_decorator:session+admin_role""]",tests,"{""tests"":[""tests/test_admin_user_banks.py:230:test_client_literal"",""tests/test_admin_user_banks.py:241:test_client_literal""]}",runtime:url_map;source:app/modules/admin/routes/api_components/user_banks.py:240,operations,pending,preserve path/method/status/envelope/auth/null/pagination
07d19edfe1db,/admin/api/users,GET,admin.admin_api.admin_api_users,admin,app/modules/admin/routes/api_components/users.py:98,app/modules/admin/routes/api_components/users.py:98,blueprint_decorator,"[""admin_required"",""limiter.limit('30 per minute;300 per hour')""]",[],"[""global_anonymous_login_redirect"",""admin_blueprint_hook:session_or_jwt_plus_role_if_global_gate_passes"",""route_decorator:session+admin_role""]",tests,"{""tests"":[""tests/test_admin_users_api.py:63:test_client_literal""]}",runtime:url_map;source:app/modules/admin/routes/api_components/users.py:98,operations,pending,preserve path/method/status/envelope/auth/null/pagination
ecd8e14d6118,/admin/api/users/<int:user_id>,DELETE,admin.admin_api.delete_user,admin,app/modules/admin/routes/api_components/users.py:399,app/modules/admin/routes/api_components/users.py:399,blueprint_decorator,"[""admin_required""]","[""session_reference""]","[""global_anonymous_login_redirect"",""admin_blueprint_hook:session_or_jwt_plus_role_if_global_gate_passes"",""route_decorator:session+admin_role""]",web,"{""web"":[""app/modules/admin/templates/admin/users/index.html:989:fetch_literal""]}",runtime:url_map;source:app/modules/admin/routes/api_components/users.py:399,operations,pending,preserve path/method/status/envelope/auth/null/pagination
7969583a81d9,/admin/api/users/<int:user_id>/force_logout,POST,admin.admin_api.admin_force_logout,admin,app/modules/admin/routes/api_components/users.py:628,app/modules/admin/routes/api_components/users.py:628,blueprint_decorator,"[""admin_required""]","[""session_reference""]","[""global_anonymous_login_redirect"",""admin_blueprint_hook:session_or_jwt_plus_role_if_global_gate_passes"",""route_decorator:session+admin_role""]",web,"{""web"":[""app/modules/admin/templates/admin/users/detail.html:806:fetch_literal"",""app/modules/admin/templates/admin/users/index.html:931:fetch_literal""]}",runtime:url_map;source:app/modules/admin/routes/api_components/users.py:628,operations,pending,preserve path/method/status/envelope/auth/null/pagination
2dffa3596c39,/admin/api/users/<int:user_id>/quiz_stats,GET,admin.admin_api.get_user_quiz_stats,admin,app/modules/admin/routes/api_components/system_config.py:191,app/modules/admin/routes/api_components/system_config.py:191,blueprint_decorator,"[""admin_required""]",[],"[""global_anonymous_login_redirect"",""admin_blueprint_hook:session_or_jwt_plus_role_if_global_gate_passes"",""route_decorator:session+admin_role""]",not_found_static_scan,not_found_static_scan,runtime:url_map;source:app/modules/admin/routes/api_components/system_config.py:191,learning,pending,preserve path/method/status/envelope/auth/null/pagination
a2a9aa5a4337,/admin/api/users/<int:user_id>/reset_password,POST,admin.admin_api.admin_reset_password,admin,app/modules/admin/routes/api_components/users.py:566,app/modules/admin/routes/api_components/users.py:566,blueprint_decorator,"[""admin_required""]","[""session_reference""]","[""global_anonymous_login_redirect"",""admin_blueprint_hook:session_or_jwt_plus_role_if_global_gate_passes"",""route_decorator:session+admin_role""]",web,"{""web"":[""app/modules/admin/templates/admin/users/detail.html:776:fetch_literal"",""app/modules/admin/templates/admin/users/index.html:912:fetch_literal""]}",runtime:url_map;source:app/modules/admin/routes/api_components/users.py:566,operations,pending,preserve path/method/status/envelope/auth/null/pagination
bc5f98607730,/admin/api/users/<int:user_id>/reset_quiz_count,POST,admin.admin_api.reset_user_quiz_count,admin,app/modules/admin/routes/api_components/system_config.py:214,app/modules/admin/routes/api_components/system_config.py:214,blueprint_decorator,"[""admin_required""]",[],"[""global_anonymous_login_redirect"",""admin_blueprint_hook:session_or_jwt_plus_role_if_global_gate_passes"",""route_decorator:session+admin_role""]",not_found_static_scan,not_found_static_scan,runtime:url_map;source:app/modules/admin/routes/api_components/system_config.py:214,operations,pending,preserve path/method/status/envelope/auth/null/pagination
dc7a55425633,/admin/api/users/<int:user_id>/subjects,GET,admin.admin_api.get_user_subjects,admin,app/modules/admin/routes/api_components/subject_permissions.py:22,app/modules/admin/routes/api_components/subject_permissions.py:22,blueprint_decorator,"[""admin_required""]","[""forbidden_response_signal""]","[""global_anonymous_login_redirect"",""admin_blueprint_hook:session_or_jwt_plus_role_if_global_gate_passes"",""route_decorator:session+admin_role""]",web,"{""web"":[""app/modules/admin/templates/admin/permissions/subject_permissions.html:600:fetch_literal"",""app/modules/admin/templates/admin/users/detail.html:829:fetch_literal""]}",runtime:url_map;source:app/modules/admin/routes/api_components/subject_permissions.py:22,operations,pending,preserve path/method/status/envelope/auth/null/pagination
8297e15bb54a,/admin/api/users/<int:user_id>/subjects,POST,admin.admin_api.restrict_user_subjects,admin,app/modules/admin/routes/api_components/subject_permissions.py:45,app/modules/admin/routes/api_components/subject_permissions.py:45,blueprint_decorator,"[""admin_required""]","[""session_reference""]","[""global_anonymous_login_redirect"",""admin_blueprint_hook:session_or_jwt_plus_role_if_global_gate_passes"",""route_decorator:session+admin_role""]",web,"{""web"":[""app/modules/admin/templates/admin/users/detail.html:1001:fetch_literal""]}",runtime:url_map;source:app/modules/admin/routes/api_components/subject_permissions.py:45,operations,pending,preserve path/method/status/envelope/auth/null/pagination
758c9a43963c,/admin/api/users/<int:user_id>/subjects/<int:subject_id>,DELETE,admin.admin_api.unrestrict_user_subject,admin,app/modules/admin/routes/api_components/subject_permissions.py:93,app/modules/admin/routes/api_components/subject_permissions.py:93,blueprint_decorator,"[""admin_required""]",[],"[""global_anonymous_login_redirect"",""admin_blueprint_hook:session_or_jwt_plus_role_if_global_gate_passes"",""route_decorator:session+admin_role""]",web,"{""web"":[""app/modules/admin/templates/admin/users/detail.html:961:fetch_literal"",""app/modules/admin/templates/admin/users/detail.html:995:fetch_literal""]}",runtime:url_map;source:app/modules/admin/routes/api_components/subject_permissions.py:93,operations,pending,preserve path/method/status/envelope/auth/null/pagination
a78be8db22a5,/admin/api/users/<int:user_id>/subjects/batch,POST,admin.admin_api.batch_user_subjects,admin,app/modules/admin/routes/api_components/subject_permissions.py:136,app/modules/admin/routes/api_components/subject_permissions.py:136,blueprint_decorator,"[""admin_required""]","[""session_reference""]","[""global_anonymous_login_redirect"",""admin_blueprint_hook:session_or_jwt_plus_role_if_global_gate_passes"",""route_decorator:session+admin_role""]",not_found_static_scan,not_found_static_scan,runtime:url_map;source:app/modules/admin/routes/api_components/subject_permissions.py:136,operations,pending,preserve path/method/status/envelope/auth/null/pagination
147591ca56d7,/admin/api/users/<int:user_id>/toggle_admin,POST,admin.admin_api.toggle_admin_status,admin,app/modules/admin/routes/api_components/users.py:231,app/modules/admin/routes/api_components/users.py:231,blueprint_decorator,"[""admin_required""]","[""session_reference"",""forbidden_response_signal""]","[""global_anonymous_login_redirect"",""admin_blueprint_hook:session_or_jwt_plus_role_if_global_gate_passes"",""route_decorator:session+admin_role""]",web,"{""web"":[""app/modules/admin/templates/admin/users/detail.html:697:fetch_literal"",""app/modules/admin/templates/admin/users/index.html:797:fetch_literal""]}",runtime:url_map;source:app/modules/admin/routes/api_components/users.py:231,operations,pending,preserve path/method/status/envelope/auth/null/pagination
ffd4d4ad8b4b,/admin/api/users/<int:user_id>/toggle_lock,POST,admin.admin_api.admin_toggle_lock,admin,app/modules/admin/routes/api_components/users.py:601,app/modules/admin/routes/api_components/users.py:601,blueprint_decorator,"[""admin_required""]","[""session_reference""]","[""global_anonymous_login_redirect"",""admin_blueprint_hook:session_or_jwt_plus_role_if_global_gate_passes"",""route_decorator:session+admin_role""]",web,"{""web"":[""app/modules/admin/templates/admin/users/detail.html:727:fetch_literal"",""app/modules/admin/templates/admin/users/index.html:833:fetch_literal""]}",runtime:url_map;source:app/modules/admin/routes/api_components/users.py:601,operations,pending,preserve path/method/status/envelope/auth/null/pagination
d32bf6191f1d,/admin/api/users/<int:user_id>/toggle_notification_admin,POST,admin.admin_api.toggle_notification_admin_status,admin,app/modules/admin/routes/api_components/users.py:294,app/modules/admin/routes/api_components/users.py:294,blueprint_decorator,"[""admin_required""]","[""session_reference"",""forbidden_response_signal""]","[""global_anonymous_login_redirect"",""admin_blueprint_hook:session_or_jwt_plus_role_if_global_gate_passes"",""route_decorator:session+admin_role""]",web,"{""web"":[""app/modules/admin/templates/admin/users/index.html:821:fetch_literal""]}",runtime:url_map;source:app/modules/admin/routes/api_components/users.py:294,messaging,pending,preserve path/method/status/envelope/auth/null/pagination
c382b0979030,/admin/api/users/<int:user_id>/toggle_subject_admin,POST,admin.admin_api.toggle_subject_admin_status,admin,app/modules/admin/routes/api_components/users.py:266,app/modules/admin/routes/api_components/users.py:266,blueprint_decorator,"[""admin_required""]","[""session_reference"",""forbidden_response_signal""]","[""global_anonymous_login_redirect"",""admin_blueprint_hook:session_or_jwt_plus_role_if_global_gate_passes"",""route_decorator:session+admin_role""]",web,"{""web"":[""app/modules/admin/templates/admin/users/index.html:809:fetch_literal""]}",runtime:url_map;source:app/modules/admin/routes/api_components/users.py:266,operations,pending,preserve path/method/status/envelope/auth/null/pagination
1a20fa21a9a3,/admin/api/users/batch_reset_quiz_count,POST,admin.admin_api.batch_reset_quiz_count,admin,app/modules/admin/routes/api_components/system_config.py:232,app/modules/admin/routes/api_components/system_config.py:232,blueprint_decorator,"[""admin_required""]",[],"[""global_anonymous_login_redirect"",""admin_blueprint_hook:session_or_jwt_plus_role_if_global_gate_passes"",""route_decorator:session+admin_role""]",not_found_static_scan,not_found_static_scan,runtime:url_map;source:app/modules/admin/routes/api_components/system_config.py:232,operations,pending,preserve path/method/status/envelope/auth/null/pagination
8e5a7a862a3f,/admin/api/users/create,POST,admin.admin_api.admin_create_user,admin,app/modules/admin/routes/api_components/users.py:535,app/modules/admin/routes/api_components/users.py:535,blueprint_decorator,"[""admin_required""]",[],"[""global_anonymous_login_redirect"",""admin_blueprint_hook:session_or_jwt_plus_role_if_global_gate_passes"",""route_decorator:session+admin_role""]",web,"{""web"":[""app/modules/admin/templates/admin/users/index.html:867:fetch_literal""]}",runtime:url_map;source:app/modules/admin/routes/api_components/users.py:535,operations,pending,preserve path/method/status/envelope/auth/null/pagination
2d58e347fd21,/admin/api/users/export,GET,admin.admin_api.admin_export_users,admin,app/modules/admin/routes/api_components/users.py:656,app/modules/admin/routes/api_components/users.py:656,blueprint_decorator,"[""admin_required""]",[],"[""global_anonymous_login_redirect"",""admin_blueprint_hook:session_or_jwt_plus_role_if_global_gate_passes"",""route_decorator:session+admin_role""]",web,"{""web"":[""app/modules/admin/templates/admin/users/index.html:476:navigation_literal""]}",runtime:url_map;source:app/modules/admin/routes/api_components/users.py:656,operations,pending,preserve path/method/status/envelope/auth/null/pagination
5ead2e7b723d,/admin/campus,GET,admin.admin_pages.admin_campus_page,admin,app/modules/admin/routes/pages.py:164,app/modules/admin/routes/pages.py:164,blueprint_decorator,"[""admin_required""]",[],"[""global_anonymous_login_redirect"",""admin_blueprint_hook:session_or_jwt_plus_role_if_global_gate_passes"",""route_decorator:session+admin_role""]",tests;web,"{""tests"":[""tests/test_edu_schedule.py:1824:test_client_literal"",""tests/test_edu_schedule.py:2082:test_client_literal"",""tests/test_user_state_cache_permissions.py:65:test_client_literal""],""web"":[""app/modules/admin/templates/admin/admin_base.html:629:navigation_literal"",""app/modules/admin/templates/admin/campus/record_detail.html:53:navigation_literal""]}",runtime:url_map;source:app/modules/admin/routes/pages.py:164,campus,pending,preserve path/method/status/envelope/auth/null/pagination
349d6d491ce9,/admin/campus/records/<record_key>,GET,admin.admin_pages.admin_campus_record_detail_page,admin,app/modules/admin/routes/pages.py:171,app/modules/admin/routes/pages.py:171,blueprint_decorator,"[""admin_required""]",[],"[""global_anonymous_login_redirect"",""admin_blueprint_hook:session_or_jwt_plus_role_if_global_gate_passes"",""route_decorator:session+admin_role""]",tests,"{""tests"":[""tests/test_edu_schedule.py:2061:test_client_literal"",""tests/test_edu_schedule.py:2083:test_client_literal""]}",runtime:url_map;source:app/modules/admin/routes/pages.py:171,campus,pending,preserve path/method/status/envelope/auth/null/pagination
7fc71c43dfb0,/admin/chat,GET,admin.admin_pages.admin_chat_page,admin,app/modules/admin/routes/pages.py:158,app/modules/admin/routes/pages.py:158,blueprint_decorator,[],[],"[""global_anonymous_login_redirect"",""admin_blueprint_hook:session_or_jwt_plus_role_if_global_gate_passes"",""route_auth:none""]",web,"{""web"":[""app/modules/admin/templates/admin/admin_base.html:628:navigation_literal""]}",runtime:url_map;source:app/modules/admin/routes/pages.py:158,messaging,pending,preserve path/method/status/envelope/auth/null/pagination
b6942c24e452,/admin/coding/,GET,coding_admin.coding_admin.admin_coding_dashboard,coding,app/modules/coding/routes/admin.py:21,app/modules/coding/routes/admin.py:21,blueprint_decorator,"[""admin_required""]",[],"[""global_anonymous_login_redirect"",""route_decorator:session+admin_role""]",web,"{""web"":[""app/modules/admin/templates/admin/admin_base.html:627:navigation_literal""]}",runtime:url_map;source:app/modules/coding/routes/admin.py:21,coding,pending,preserve path/method/status/envelope/auth/null/pagination; independent blueprint; does not inherit admin blueprint before_request hook
6135e799b149,/admin/coding/api/questions,POST,coding_admin.coding_admin.api_create_question,coding,app/modules/coding/routes/admin.py:373,app/modules/coding/routes/admin.py:373,blueprint_decorator,"[""admin_required""]",[],"[""global_anonymous_login_redirect"",""route_decorator:session+admin_role""]",not_found_static_scan,not_found_static_scan,runtime:url_map;source:app/modules/coding/routes/admin.py:373,coding,pending,preserve path/method/status/envelope/auth/null/pagination; independent blueprint; does not inherit admin blueprint before_request hook
cee345f31195,/admin/coding/api/questions,GET,coding_admin.coding_admin.api_get_questions,coding,app/modules/coding/routes/admin.py:246,app/modules/coding/routes/admin.py:246,blueprint_decorator,"[""admin_required""]",[],"[""global_anonymous_login_redirect"",""route_decorator:session+admin_role""]",web,"{""web"":[""app/modules/coding/templates/admin/coding/dashboard.html:681:fetch_literal"",""app/modules/coding/templates/admin/coding/questions.html:255:fetch_literal""]}",runtime:url_map;source:app/modules/coding/routes/admin.py:246,coding,pending,preserve path/method/status/envelope/auth/null/pagination; independent blueprint; does not inherit admin blueprint before_request hook
fde1b03596a2,/admin/coding/api/questions/<int:question_id>,DELETE,coding_admin.coding_admin.api_delete_question,coding,app/modules/coding/routes/admin.py:423,app/modules/coding/routes/admin.py:423,blueprint_decorator,"[""admin_required""]",[],"[""global_anonymous_login_redirect"",""route_decorator:session+admin_role""]",web,"{""web"":[""app/modules/coding/templates/admin/coding/dashboard.html:840:fetch_literal"",""app/modules/coding/templates/admin/coding/questions.html:400:fetch_literal""]}",runtime:url_map;source:app/modules/coding/routes/admin.py:423,coding,pending,preserve path/method/status/envelope/auth/null/pagination; independent blueprint; does not inherit admin blueprint before_request hook
d030188eaf55,/admin/coding/api/questions/<int:question_id>,PUT,coding_admin.coding_admin.api_update_question,coding,app/modules/coding/routes/admin.py:398,app/modules/coding/routes/admin.py:398,blueprint_decorator,"[""admin_required""]",[],"[""global_anonymous_login_redirect"",""route_decorator:session+admin_role""]",not_found_static_scan,not_found_static_scan,runtime:url_map;source:app/modules/coding/routes/admin.py:398,coding,pending,preserve path/method/status/envelope/auth/null/pagination; independent blueprint; does not inherit admin blueprint before_request hook
e0a2b44442e7,/admin/coding/api/questions/batch_delete,POST,coding_admin.coding_admin.api_batch_delete_questions,coding,app/modules/coding/routes/admin.py:440,app/modules/coding/routes/admin.py:440,blueprint_decorator,"[""admin_required""]",[],"[""global_anonymous_login_redirect"",""route_decorator:session+admin_role""]",not_found_static_scan,not_found_static_scan,runtime:url_map;source:app/modules/coding/routes/admin.py:440,coding,pending,preserve path/method/status/envelope/auth/null/pagination; independent blueprint; does not inherit admin blueprint before_request hook
5eee50efe03b,/admin/coding/api/subjects,POST,coding_admin.coding_admin.api_create_subject,coding,app/modules/coding/routes/admin.py:117,app/modules/coding/routes/admin.py:117,blueprint_decorator,"[""admin_required""]",[],"[""global_anonymous_login_redirect"",""route_decorator:session+admin_role""]",not_found_static_scan,not_found_static_scan,runtime:url_map;source:app/modules/coding/routes/admin.py:117,coding,pending,preserve path/method/status/envelope/auth/null/pagination; independent blueprint; does not inherit admin blueprint before_request hook
e8787599d305,/admin/coding/api/subjects,GET,coding_admin.coding_admin.api_get_subjects,coding,app/modules/coding/routes/admin.py:54,app/modules/coding/routes/admin.py:54,blueprint_decorator,"[""admin_required""]",[],"[""global_anonymous_login_redirect"",""route_decorator:session+admin_role""]",web,"{""web"":[""app/modules/coding/templates/admin/coding/dashboard.html:471:fetch_literal"",""app/modules/coding/templates/admin/coding/dashboard.html:543:fetch_literal"",""app/modules/coding/templates/admin/coding/dashboard.html:633:fetch_literal"",""app/modules/coding/templates/admin/coding/edit.html:542:fetch_literal"",""app/modules/coding/templates/admin/coding/questions.html:196:fetch_literal"",""app/modules/coding/templates/admin/coding/subjects.html:176:fetch_literal"",""app/modules/coding/templates/admin/coding/subjects.html:247:fetch_literal""]}",runtime:url_map;source:app/modules/coding/routes/admin.py:54,coding,pending,preserve path/method/status/envelope/auth/null/pagination; independent blueprint; does not inherit admin blueprint before_request hook
108fdeb5e2d6,/admin/coding/api/subjects/<int:subject_id>,DELETE,coding_admin.coding_admin.api_delete_subject,coding,app/modules/coding/routes/admin.py:219,app/modules/coding/routes/admin.py:219,blueprint_decorator,"[""admin_required""]",[],"[""global_anonymous_login_redirect"",""route_decorator:session+admin_role""]",web,"{""web"":[""app/modules/coding/templates/admin/coding/dashboard.html:606:fetch_literal"",""app/modules/coding/templates/admin/coding/subjects.html:307:fetch_literal""]}",runtime:url_map;source:app/modules/coding/routes/admin.py:219,coding,pending,preserve path/method/status/envelope/auth/null/pagination; independent blueprint; does not inherit admin blueprint before_request hook
55a46926d611,/admin/coding/api/subjects/<int:subject_id>,PUT,coding_admin.coding_admin.api_update_subject,coding,app/modules/coding/routes/admin.py:165,app/modules/coding/routes/admin.py:165,blueprint_decorator,"[""admin_required""]",[],"[""global_anonymous_login_redirect"",""route_decorator:session+admin_role""]",not_found_static_scan,not_found_static_scan,runtime:url_map;source:app/modules/coding/routes/admin.py:165,coding,pending,preserve path/method/status/envelope/auth/null/pagination; independent blueprint; does not inherit admin blueprint before_request hook
a77f9f94394d,/admin/coding/questions,GET,coding_admin.coding_admin.admin_questions_page,coding,app/modules/coding/routes/admin.py:35,app/modules/coding/routes/admin.py:35,blueprint_decorator,"[""admin_required""]",[],"[""global_anonymous_login_redirect"",""route_decorator:session+admin_role""]",web,"{""web"":[""app/modules/coding/templates/admin/coding/edit.html:601:navigation_literal"",""app/modules/coding/templates/admin/coding/edit.html:606:navigation_literal""]}",runtime:url_map;source:app/modules/coding/routes/admin.py:35,coding,pending,preserve path/method/status/envelope/auth/null/pagination; independent blueprint; does not inherit admin blueprint before_request hook
1f4a6403c628,/admin/coding/questions/edit,GET,coding_admin.coding_admin.admin_question_edit_page,coding,app/modules/coding/routes/admin.py:43,app/modules/coding/routes/admin.py:43,blueprint_decorator,"[""admin_required""]",[],"[""global_anonymous_login_redirect"",""route_decorator:session+admin_role""]",not_found_static_scan,not_found_static_scan,runtime:url_map;source:app/modules/coding/routes/admin.py:43,coding,pending,preserve path/method/status/envelope/auth/null/pagination; independent blueprint; does not inherit admin blueprint before_request hook
78479b0cdf3c,/admin/coding/questions/edit/<int:question_id>,GET,coding_admin.coding_admin.admin_question_edit_page,coding,app/modules/coding/routes/admin.py:43,app/modules/coding/routes/admin.py:43,blueprint_decorator,"[""admin_required""]",[],"[""global_anonymous_login_redirect"",""route_decorator:session+admin_role""]",web,"{""web"":[""app/modules/coding/templates/admin/coding/questions.html:318:navigation_literal""]}",runtime:url_map;source:app/modules/coding/routes/admin.py:43,coding,pending,preserve path/method/status/envelope/auth/null/pagination; independent blueprint; does not inherit admin blueprint before_request hook
9648bd38ee6c,/admin/coding/subjects,GET,coding_admin.coding_admin.admin_subjects_page,coding,app/modules/coding/routes/admin.py:28,app/modules/coding/routes/admin.py:28,blueprint_decorator,"[""admin_required""]",[],"[""global_anonymous_login_redirect"",""route_decorator:session+admin_role""]",not_found_static_scan,not_found_static_scan,runtime:url_map;source:app/modules/coding/routes/admin.py:28,coding,pending,preserve path/method/status/envelope/auth/null/pagination; independent blueprint; does not inherit admin blueprint before_request hook
2173cf0d5426,/admin/dashboard,GET,admin.admin_pages.admin_dashboard,admin,app/modules/admin/routes/pages.py:12,app/modules/admin/routes/pages.py:12,blueprint_decorator,[],[],"[""global_anonymous_login_redirect"",""admin_blueprint_hook:session_or_jwt_plus_role_if_global_gate_passes"",""route_auth:none""]",web,"{""web"":[""app/modules/admin/templates/admin/admin_base.html:618:navigation_literal""]}",runtime:url_map;source:app/modules/admin/routes/pages.py:12,operations,pending,preserve path/method/status/envelope/auth/null/pagination
1e23b893f230,/admin/download_template,GET,admin.admin_api_legacy.download_template,admin,app/modules/admin/routes/api_legacy.py:837,app/modules/admin/routes/api_legacy.py:837,blueprint_decorator,[],[],"[""global_anonymous_login_redirect"",""admin_blueprint_hook:session_or_jwt_plus_role_if_global_gate_passes"",""route_auth:none""]",web,"{""web"":[""app/modules/admin/templates/admin/subjects/legacy.html:188:navigation_literal"",""app/modules/user_bank/templates/user_bank/bank/bank_questions/sections/_modal_import_excel.html:12:navigation_literal"",""app/modules/user_bank/templates/user_bank/manage/bank_manage_questions.html:419:navigation_literal""]}",runtime:url_map;source:app/modules/admin/routes/api_legacy.py:837,operations,pending,preserve path/method/status/envelope/auth/null/pagination
9fc82be4add0,/admin/forum,GET,admin.admin_pages.admin_forum_page,admin,app/modules/admin/routes/pages.py:283,app/modules/admin/routes/pages.py:283,blueprint_decorator,[],[],"[""global_anonymous_login_redirect"",""admin_blueprint_hook:session_or_jwt_plus_role_if_global_gate_passes"",""route_auth:none""]",web,"{""web"":[""app/modules/admin/templates/admin/admin_base.html:630:navigation_literal""]}",runtime:url_map;source:app/modules/admin/routes/pages.py:283,community,pending,preserve path/method/status/envelope/auth/null/pagination
fc00d854a7be,/admin/legacy-subjects,GET,admin.admin_pages.admin_legacy_subjects_page,admin,app/modules/admin/routes/pages.py:75,app/modules/admin/routes/pages.py:75,blueprint_decorator,[],[],"[""global_anonymous_login_redirect"",""admin_blueprint_hook:session_or_jwt_plus_role_if_global_gate_passes"",""route_auth:none""]",web,"{""web"":[""app/modules/admin/templates/admin/subjects/index.html:404:navigation_literal""]}",runtime:url_map;source:app/modules/admin/routes/pages.py:75,operations,pending,preserve path/method/status/envelope/auth/null/pagination
6c56513e0990,/admin/notifications,GET,admin.admin_pages.admin_notifications_page,admin,app/modules/admin/routes/pages.py:152,app/modules/admin/routes/pages.py:152,blueprint_decorator,[],[],"[""global_anonymous_login_redirect"",""admin_blueprint_hook:session_or_jwt_plus_role_if_global_gate_passes"",""route_auth:none""]",tests;web,"{""tests"":[""tests/test_admin_notifications_page.py:27:test_client_literal""],""web"":[""app/modules/admin/templates/admin/admin_base.html:633:navigation_literal""]}",runtime:url_map;source:app/modules/admin/routes/pages.py:152,messaging,pending,preserve path/method/status/envelope/auth/null/pagination
a941b60fe137,/admin/permissions,GET,admin.admin_pages.admin_permissions_page,admin,app/modules/admin/routes/pages.py:277,app/modules/admin/routes/pages.py:277,blueprint_decorator,[],"[""forbidden_response_signal""]","[""global_anonymous_login_redirect"",""admin_blueprint_hook:session_or_jwt_plus_role_if_global_gate_passes"",""route_auth:none""]",web,"{""web"":[""app/modules/admin/templates/admin/admin_base.html:625:navigation_literal""]}",runtime:url_map;source:app/modules/admin/routes/pages.py:277,operations,pending,preserve path/method/status/envelope/auth/null/pagination
fa4334affc94,/admin/questions,POST,admin.admin_api_legacy.add_question_legacy,admin,app/modules/admin/routes/api_legacy.py:99,app/modules/admin/routes/api_legacy.py:99,blueprint_decorator,[],"[""session_reference""]","[""global_anonymous_login_redirect"",""admin_blueprint_hook:session_or_jwt_plus_role_if_global_gate_passes"",""route_auth:none""]",not_found_static_scan,not_found_static_scan,runtime:url_map;source:app/modules/admin/routes/api_legacy.py:99,operations,pending,preserve path/method/status/envelope/auth/null/pagination
6cd7322bea3b,/admin/questions,GET,admin.admin_api_legacy.get_filtered_questions,admin,app/modules/admin/routes/api_legacy.py:45,app/modules/admin/routes/api_legacy.py:45,blueprint_decorator,[],[],"[""global_anonymous_login_redirect"",""admin_blueprint_hook:session_or_jwt_plus_role_if_global_gate_passes"",""route_auth:none""]",web,"{""web"":[""app/modules/admin/templates/admin/subjects/_question_scripts.html:81:fetch_literal""]}",runtime:url_map;source:app/modules/admin/routes/api_legacy.py:45,operations,pending,preserve path/method/status/envelope/auth/null/pagination
c2107737332b,/admin/questions/<int:question_id>,DELETE,admin.admin_api_legacy.delete_question_legacy,admin,app/modules/admin/routes/api_legacy.py:270,app/modules/admin/routes/api_legacy.py:270,blueprint_decorator,[],[],"[""global_anonymous_login_redirect"",""admin_blueprint_hook:session_or_jwt_plus_role_if_global_gate_passes"",""route_auth:none""]",web,"{""web"":[""app/modules/admin/templates/admin/subjects/_question_scripts.html:563:fetch_literal""]}",runtime:url_map;source:app/modules/admin/routes/api_legacy.py:270,operations,pending,preserve path/method/status/envelope/auth/null/pagination
d3961b3fedbb,/admin/questions/<int:question_id>,PUT,admin.admin_api_legacy.edit_question_legacy,admin,app/modules/admin/routes/api_legacy.py:185,app/modules/admin/routes/api_legacy.py:185,blueprint_decorator,[],"[""session_reference""]","[""global_anonymous_login_redirect"",""admin_blueprint_hook:session_or_jwt_plus_role_if_global_gate_passes"",""route_auth:none""]",not_found_static_scan,not_found_static_scan,runtime:url_map;source:app/modules/admin/routes/api_legacy.py:185,operations,pending,preserve path/method/status/envelope/auth/null/pagination
d7d727b88aea,/admin/questions/<int:question_id>,GET,admin.admin_api_legacy.get_single_question,admin,app/modules/admin/routes/api_legacy.py:165,app/modules/admin/routes/api_legacy.py:165,blueprint_decorator,[],[],"[""global_anonymous_login_redirect"",""admin_blueprint_hook:session_or_jwt_plus_role_if_global_gate_passes"",""route_auth:none""]",web,"{""web"":[""app/modules/admin/templates/admin/subjects/_question_scripts.html:446:fetch_literal""]}",runtime:url_map;source:app/modules/admin/routes/api_legacy.py:165,operations,pending,preserve path/method/status/envelope/auth/null/pagination
6926f8f74696,/admin/questions/batch_change_type,POST,admin.admin_api_legacy.batch_change_type,admin,app/modules/admin/routes/api_legacy.py:444,app/modules/admin/routes/api_legacy.py:444,blueprint_decorator,[],[],"[""global_anonymous_login_redirect"",""admin_blueprint_hook:session_or_jwt_plus_role_if_global_gate_passes"",""route_auth:none""]",web,"{""web"":[""app/modules/admin/templates/admin/subjects/_question_scripts.html:640:fetch_literal""]}",runtime:url_map;source:app/modules/admin/routes/api_legacy.py:444,operations,pending,preserve path/method/status/envelope/auth/null/pagination
e0a9bb473f5f,/admin/questions/batch_delete,POST,admin.admin_api_legacy.batch_delete_questions,admin,app/modules/admin/routes/api_legacy.py:421,app/modules/admin/routes/api_legacy.py:421,blueprint_decorator,[],[],"[""global_anonymous_login_redirect"",""admin_blueprint_hook:session_or_jwt_plus_role_if_global_gate_passes"",""route_auth:none""]",web,"{""web"":[""app/modules/admin/templates/admin/subjects/_question_scripts.html:588:fetch_literal""]}",runtime:url_map;source:app/modules/admin/routes/api_legacy.py:421,operations,pending,preserve path/method/status/envelope/auth/null/pagination
b0252533a490,/admin/questions/batch_move_subject,POST,admin.admin_api_legacy.batch_move_subject,admin,app/modules/admin/routes/api_legacy.py:474,app/modules/admin/routes/api_legacy.py:474,blueprint_decorator,[],[],"[""global_anonymous_login_redirect"",""admin_blueprint_hook:session_or_jwt_plus_role_if_global_gate_passes"",""route_auth:none""]",web,"{""web"":[""app/modules/admin/templates/admin/subjects/_question_scripts.html:670:fetch_literal""]}",runtime:url_map;source:app/modules/admin/routes/api_legacy.py:474,operations,pending,preserve path/method/status/envelope/auth/null/pagination
6aea8e5c9701,/admin/questions/batch_set_difficulty,POST,admin.admin_api_legacy.batch_set_difficulty,admin,app/modules/admin/routes/api_legacy.py:501,app/modules/admin/routes/api_legacy.py:501,blueprint_decorator,[],[],"[""global_anonymous_login_redirect"",""admin_blueprint_hook:session_or_jwt_plus_role_if_global_gate_passes"",""route_auth:none""]",web,"{""web"":[""app/modules/admin/templates/admin/subjects/_question_scripts.html:678:fetch_literal""]}",runtime:url_map;source:app/modules/admin/routes/api_legacy.py:501,operations,pending,preserve path/method/status/envelope/auth/null/pagination
712a47789f1d,/admin/questions/export,GET,admin.admin_api_legacy.export_questions_api,admin,app/modules/admin/routes/api_legacy.py:851,app/modules/admin/routes/api_legacy.py:851,blueprint_decorator,[],[],"[""global_anonymous_login_redirect"",""admin_blueprint_hook:session_or_jwt_plus_role_if_global_gate_passes"",""route_auth:none""]",not_found_static_scan,not_found_static_scan,runtime:url_map;source:app/modules/admin/routes/api_legacy.py:851,operations,pending,preserve path/method/status/envelope/auth/null/pagination
031479f5ae97,/admin/questions/export_package,GET,admin.admin_api_legacy.export_questions_package,admin,app/modules/admin/routes/api_legacy.py:896,app/modules/admin/routes/api_legacy.py:896,blueprint_decorator,[],[],"[""global_anonymous_login_redirect"",""admin_blueprint_hook:session_or_jwt_plus_role_if_global_gate_passes"",""route_auth:none""]",not_found_static_scan,not_found_static_scan,runtime:url_map;source:app/modules/admin/routes/api_legacy.py:896,operations,pending,preserve path/method/status/envelope/auth/null/pagination
735734e0287e,/admin/questions/import,POST,admin.admin_api_legacy.import_questions_api,admin,app/modules/admin/routes/api_legacy.py:285,app/modules/admin/routes/api_legacy.py:285,blueprint_decorator,[],"[""session_reference""]","[""global_anonymous_login_redirect"",""admin_blueprint_hook:session_or_jwt_plus_role_if_global_gate_passes"",""route_auth:none""]",web,"{""web"":[""app/modules/admin/templates/admin/subjects/_question_scripts.html:747:fetch_literal""]}",runtime:url_map;source:app/modules/admin/routes/api_legacy.py:285,operations,pending,preserve path/method/status/envelope/auth/null/pagination
19979a058485,/admin/questions/import_package,POST,admin.admin_api_legacy.import_questions_package,admin,app/modules/admin/routes/api_legacy.py:998,app/modules/admin/routes/api_legacy.py:998,blueprint_decorator,[],"[""session_reference""]","[""global_anonymous_login_redirect"",""admin_blueprint_hook:session_or_jwt_plus_role_if_global_gate_passes"",""route_auth:none""]",web,"{""web"":[""app/modules/admin/templates/admin/subjects/_question_scripts.html:802:fetch_literal""]}",runtime:url_map;source:app/modules/admin/routes/api_legacy.py:998,operations,pending,preserve path/method/status/envelope/auth/null/pagination
d7af0a5b9a49,/admin/settings,GET,admin.admin_pages.admin_settings_page,admin,app/modules/admin/routes/pages.py:184,app/modules/admin/routes/pages.py:184,blueprint_decorator,[],[],"[""global_anonymous_login_redirect"",""admin_blueprint_hook:session_or_jwt_plus_role_if_global_gate_passes"",""route_auth:none""]",web,"{""web"":[""app/modules/admin/templates/admin/admin_base.html:636:navigation_literal"",""app/modules/admin/templates/admin/settings/ai.html:10:navigation_literal"",""app/modules/admin/templates/admin/settings/auth_login.html:9:navigation_literal"",""app/modules/admin/templates/admin/settings/backup.html:8:navigation_literal"",""app/modules/admin/templates/admin/settings/edu_schedule.html:9:navigation_literal"",""app/modules/admin/templates/admin/settings/limits.html:8:navigation_literal"",""app/modules/admin/templates/admin/settings/mail.html:9:navigation_literal"",""app/modules/admin/templates/admin/settings/payment.html:9:navigation_literal"",""app/modules/admin/templates/admin/settings/sms.html:9:navigation_literal"",""app/modules/admin/templates/admin/settings/wechat_miniprogram.html:9:navigation_literal""]}",runtime:url_map;source:app/modules/admin/routes/pages.py:184,operations,pending,preserve path/method/status/envelope/auth/null/pagination
a298d370a663,/admin/settings/ai,GET,admin.admin_pages.admin_ai_settings_page,admin,app/modules/admin/routes/pages.py:217,app/modules/admin/routes/pages.py:217,blueprint_decorator,[],[],"[""global_anonymous_login_redirect"",""admin_blueprint_hook:session_or_jwt_plus_role_if_global_gate_passes"",""route_auth:none""]",web,"{""web"":[""app/modules/admin/templates/admin/settings/index.html:76:navigation_literal""]}",runtime:url_map;source:app/modules/admin/routes/pages.py:217,operations,pending,preserve path/method/status/envelope/auth/null/pagination
288f82e90456,/admin/settings/auth-login,GET,admin.admin_pages.admin_auth_login_settings_page,admin,app/modules/admin/routes/pages.py:243,app/modules/admin/routes/pages.py:243,blueprint_decorator,[],[],"[""global_anonymous_login_redirect"",""admin_blueprint_hook:session_or_jwt_plus_role_if_global_gate_passes"",""route_auth:none""]",web,"{""web"":[""app/modules/admin/templates/admin/settings/index.html:31:navigation_literal""]}",runtime:url_map;source:app/modules/admin/routes/pages.py:243,operations,pending,preserve path/method/status/envelope/auth/null/pagination
1003d1f58794,/admin/settings/backup,GET,admin.admin_pages.admin_backup_settings_page,admin,app/modules/admin/routes/pages.py:270,app/modules/admin/routes/pages.py:270,blueprint_decorator,"[""admin_required""]",[],"[""global_anonymous_login_redirect"",""admin_blueprint_hook:session_or_jwt_plus_role_if_global_gate_passes"",""route_decorator:session+admin_role""]",tests;web,"{""tests"":[""tests/test_admin_backup_page.py:51:test_client_literal"",""tests/test_admin_backup_page.py:52:test_client_literal"",""tests/test_admin_backup_page.py:56:test_client_literal""],""web"":[""app/modules/admin/templates/admin/settings/index.html:58:navigation_literal""]}",runtime:url_map;source:app/modules/admin/routes/pages.py:270,operations,pending,preserve path/method/status/envelope/auth/null/pagination
ad50c32146bf,/admin/settings/edu-schedule,GET,admin.admin_pages.admin_edu_schedule_settings_page,admin,app/modules/admin/routes/pages.py:261,app/modules/admin/routes/pages.py:261,blueprint_decorator,[],[],"[""global_anonymous_login_redirect"",""admin_blueprint_hook:session_or_jwt_plus_role_if_global_gate_passes"",""route_auth:none""]",tests;web,"{""tests"":[""tests/test_edu_schedule.py:1588:test_client_literal"",""tests/test_edu_schedule.py:811:test_client_literal""],""web"":[""app/modules/admin/templates/admin/settings/index.html:49:navigation_literal""]}",runtime:url_map;source:app/modules/admin/routes/pages.py:261,campus,pending,preserve path/method/status/envelope/auth/null/pagination
b084e84425de,/admin/settings/limits,GET,admin.admin_pages.admin_limit_settings_page,admin,app/modules/admin/routes/pages.py:211,app/modules/admin/routes/pages.py:211,blueprint_decorator,[],[],"[""global_anonymous_login_redirect"",""admin_blueprint_hook:session_or_jwt_plus_role_if_global_gate_passes"",""route_auth:none""]",web,"{""web"":[""app/modules/admin/templates/admin/settings/index.html:67:navigation_literal""]}",runtime:url_map;source:app/modules/admin/routes/pages.py:211,operations,pending,preserve path/method/status/envelope/auth/null/pagination
38a9c541d352,/admin/settings/mail,GET,admin.admin_pages.admin_mail_settings_page,admin,app/modules/admin/routes/pages.py:190,app/modules/admin/routes/pages.py:190,blueprint_decorator,[],[],"[""global_anonymous_login_redirect"",""admin_blueprint_hook:session_or_jwt_plus_role_if_global_gate_passes"",""route_auth:none""]",web,"{""web"":[""app/modules/admin/templates/admin/settings/index.html:13:navigation_literal""]}",runtime:url_map;source:app/modules/admin/routes/pages.py:190,operations,pending,preserve path/method/status/envelope/auth/null/pagination
259712a071c2,/admin/settings/payment,GET,admin.admin_pages.admin_payment_settings_page,admin,app/modules/admin/routes/pages.py:225,app/modules/admin/routes/pages.py:225,blueprint_decorator,[],[],"[""global_anonymous_login_redirect"",""admin_blueprint_hook:session_or_jwt_plus_role_if_global_gate_passes"",""route_auth:none""]",web,"{""web"":[""app/modules/admin/templates/admin/settings/index.html:85:navigation_literal""]}",runtime:url_map;source:app/modules/admin/routes/pages.py:225,operations,pending,preserve path/method/status/envelope/auth/null/pagination
236d9048c42c,/admin/settings/sms,GET,admin.admin_pages.admin_sms_settings_page,admin,app/modules/admin/routes/pages.py:234,app/modules/admin/routes/pages.py:234,blueprint_decorator,[],[],"[""global_anonymous_login_redirect"",""admin_blueprint_hook:session_or_jwt_plus_role_if_global_gate_passes"",""route_auth:none""]",web,"{""web"":[""app/modules/admin/templates/admin/settings/index.html:22:navigation_literal""]}",runtime:url_map;source:app/modules/admin/routes/pages.py:234,operations,pending,preserve path/method/status/envelope/auth/null/pagination
3c335248422c,/admin/settings/wechat-miniprogram,GET,admin.admin_pages.admin_wechat_miniprogram_settings_page,admin,app/modules/admin/routes/pages.py:252,app/modules/admin/routes/pages.py:252,blueprint_decorator,[],[],"[""global_anonymous_login_redirect"",""admin_blueprint_hook:session_or_jwt_plus_role_if_global_gate_passes"",""route_auth:none""]",web,"{""web"":[""app/modules/admin/templates/admin/settings/index.html:40:navigation_literal""]}",runtime:url_map;source:app/modules/admin/routes/pages.py:252,operations,pending,preserve path/method/status/envelope/auth/null/pagination
16682a9f15d2,/admin/subject_permissions,GET,admin.admin_pages.admin_subject_permissions_page,admin,app/modules/admin/routes/pages.py:178,app/modules/admin/routes/pages.py:178,blueprint_decorator,[],[],"[""global_anonymous_login_redirect"",""admin_blueprint_hook:session_or_jwt_plus_role_if_global_gate_passes"",""route_auth:none""]",web,"{""web"":[""app/modules/admin/templates/admin/admin_base.html:626:navigation_literal""]}",runtime:url_map;source:app/modules/admin/routes/pages.py:178,operations,pending,preserve path/method/status/envelope/auth/null/pagination
061def7628d7,/admin/subjects,GET,admin.admin_pages.admin_subjects_page,admin,app/modules/admin/routes/pages.py:69,app/modules/admin/routes/pages.py:69,blueprint_decorator,[],[],"[""global_anonymous_login_redirect"",""admin_blueprint_hook:session_or_jwt_plus_role_if_global_gate_passes"",""route_auth:none""]",tests;web,"{""tests"":[""tests/test_admin_user_banks.py:282:test_client_literal""],""web"":[""app/modules/admin/templates/admin/admin_base.html:621:navigation_literal"",""app/modules/admin/templates/admin/dashboard/index.html:363:navigation_literal"",""app/modules/admin/templates/admin/dashboard/index.html:373:navigation_literal"",""app/modules/admin/templates/admin/subjects/_content.html:9:navigation_literal"",""app/modules/admin/templates/admin/subjects/_question_list.html:8:navigation_literal"",""app/modules/admin/templates/admin/subjects/legacy.html:172:navigation_literal""]}",runtime:url_map;source:app/modules/admin/routes/pages.py:69,operations,pending,preserve path/method/status/envelope/auth/null/pagination
52ad8f899d66,/admin/subjects/<int:subject_id>/questions,GET,admin.admin_pages.admin_questions_page,admin,app/modules/admin/routes/pages.py:81,app/modules/admin/routes/pages.py:81,blueprint_decorator,[],[],"[""global_anonymous_login_redirect"",""admin_blueprint_hook:session_or_jwt_plus_role_if_global_gate_passes"",""route_auth:none""]",web,"{""web"":[""app/modules/admin/templates/admin/subjects/duplicate_check.html:347:navigation_literal"",""app/modules/admin/templates/admin/subjects/legacy.html:268:navigation_literal""]}",runtime:url_map;source:app/modules/admin/routes/pages.py:81,operations,pending,preserve path/method/status/envelope/auth/null/pagination
5548b24849ed,/admin/subjects/<int:subject_id>/questions/duplicate-check,GET,admin.admin_pages.admin_duplicate_check_page,admin,app/modules/admin/routes/pages.py:93,app/modules/admin/routes/pages.py:93,blueprint_decorator,[],[],"[""global_anonymous_login_redirect"",""admin_blueprint_hook:session_or_jwt_plus_role_if_global_gate_passes"",""route_auth:none""]",not_found_static_scan,not_found_static_scan,runtime:url_map;source:app/modules/admin/routes/pages.py:93,operations,pending,preserve path/method/status/envelope/auth/null/pagination
3a346cb29186,/admin/types,GET,admin.admin_api_legacy.get_question_types,admin,app/modules/admin/routes/api_legacy.py:27,app/modules/admin/routes/api_legacy.py:27,blueprint_decorator,[],[],"[""global_anonymous_login_redirect"",""admin_blueprint_hook:session_or_jwt_plus_role_if_global_gate_passes"",""route_auth:none""]",web,"{""web"":[""app/modules/admin/templates/admin/subjects/_question_scripts.html:68:fetch_literal""]}",runtime:url_map;source:app/modules/admin/routes/api_legacy.py:27,operations,pending,preserve path/method/status/envelope/auth/null/pagination
77caa23136b0,/admin/users,GET,admin.admin_pages.admin_users_page,admin,app/modules/admin/routes/pages.py:62,app/modules/admin/routes/pages.py:62,blueprint_decorator,[],[],"[""global_anonymous_login_redirect"",""admin_blueprint_hook:session_or_jwt_plus_role_if_global_gate_passes"",""route_auth:none""]",web,"{""web"":[""app/modules/admin/templates/admin/admin_base.html:624:navigation_literal"",""app/modules/admin/templates/admin/dashboard/index.html:385:navigation_literal"",""app/modules/admin/templates/admin/dashboard/index.html:395:navigation_literal"",""app/modules/admin/templates/admin/users/detail.html:446:navigation_literal""]}",runtime:url_map;source:app/modules/admin/routes/pages.py:62,operations,pending,preserve path/method/status/envelope/auth/null/pagination
a4a14937cdd4,/admin/users/<int:user_id>,DELETE,admin.admin_api_legacy.delete_user,admin,app/modules/admin/routes/api_legacy.py:751,app/modules/admin/routes/api_legacy.py:751,blueprint_decorator,[],"[""session_reference""]","[""global_anonymous_login_redirect"",""admin_blueprint_hook:session_or_jwt_plus_role_if_global_gate_passes"",""route_auth:none""]",not_found_static_scan,not_found_static_scan,runtime:url_map;source:app/modules/admin/routes/api_legacy.py:751,operations,pending,preserve path/method/status/envelope/auth/null/pagination
6f65d0bc8783,/admin/users/<int:user_id>,GET,admin.admin_pages.admin_user_detail_page,admin,app/modules/admin/routes/pages.py:105,app/modules/admin/routes/pages.py:105,blueprint_decorator,[],[],"[""global_anonymous_login_redirect"",""admin_blueprint_hook:session_or_jwt_plus_role_if_global_gate_passes"",""route_auth:none""]",web,"{""web"":[""app/modules/admin/templates/admin/users/index.html:678:navigation_literal"",""app/modules/admin/templates/admin/users/index.html:699:navigation_literal""]}",runtime:url_map;source:app/modules/admin/routes/pages.py:105,operations,pending,preserve path/method/status/envelope/auth/null/pagination
4f3a8d4757ed,/admin/users/<int:user_id>/reset_password,POST,admin.admin_api_legacy.reset_password,admin,app/modules/admin/routes/api_legacy.py:655,app/modules/admin/routes/api_legacy.py:655,blueprint_decorator,[],"[""session_reference""]","[""global_anonymous_login_redirect"",""admin_blueprint_hook:session_or_jwt_plus_role_if_global_gate_passes"",""route_auth:none""]",not_found_static_scan,not_found_static_scan,runtime:url_map;source:app/modules/admin/routes/api_legacy.py:655,operations,pending,preserve path/method/status/envelope/auth/null/pagination
6d3e986559c0,/admin/users/<int:user_id>/toggle_admin,POST,admin.admin_api_legacy.toggle_admin,admin,app/modules/admin/routes/api_legacy.py:533,app/modules/admin/routes/api_legacy.py:533,blueprint_decorator,[],"[""session_reference"",""forbidden_response_signal""]","[""global_anonymous_login_redirect"",""admin_blueprint_hook:session_or_jwt_plus_role_if_global_gate_passes"",""route_auth:none""]",not_found_static_scan,not_found_static_scan,runtime:url_map;source:app/modules/admin/routes/api_legacy.py:533,operations,pending,preserve path/method/status/envelope/auth/null/pagination
618c04cc948c,/admin/users/<int:user_id>/toggle_lock,POST,admin.admin_api_legacy.toggle_lock,admin,app/modules/admin/routes/api_legacy.py:631,app/modules/admin/routes/api_legacy.py:631,blueprint_decorator,[],"[""session_reference""]","[""global_anonymous_login_redirect"",""admin_blueprint_hook:session_or_jwt_plus_role_if_global_gate_passes"",""route_auth:none""]",not_found_static_scan,not_found_static_scan,runtime:url_map;source:app/modules/admin/routes/api_legacy.py:631,operations,pending,preserve path/method/status/envelope/auth/null/pagination
036ae5981e1b,/admin/users/<int:user_id>/toggle_notification_admin,POST,admin.admin_api_legacy.toggle_notification_admin,admin,app/modules/admin/routes/api_legacy.py:594,app/modules/admin/routes/api_legacy.py:594,blueprint_decorator,[],"[""session_reference"",""forbidden_response_signal""]","[""global_anonymous_login_redirect"",""admin_blueprint_hook:session_or_jwt_plus_role_if_global_gate_passes"",""route_auth:none""]",not_found_static_scan,not_found_static_scan,runtime:url_map;source:app/modules/admin/routes/api_legacy.py:594,messaging,pending,preserve path/method/status/envelope/auth/null/pagination
a996ef15df2e,/admin/users/<int:user_id>/toggle_subject_admin,POST,admin.admin_api_legacy.toggle_subject_admin,admin,app/modules/admin/routes/api_legacy.py:567,app/modules/admin/routes/api_legacy.py:567,blueprint_decorator,[],"[""session_reference"",""forbidden_response_signal""]","[""global_anonymous_login_redirect"",""admin_blueprint_hook:session_or_jwt_plus_role_if_global_gate_passes"",""route_auth:none""]",not_found_static_scan,not_found_static_scan,runtime:url_map;source:app/modules/admin/routes/api_legacy.py:567,operations,pending,preserve path/method/status/envelope/auth/null/pagination
8b6c617fe111,/admin/users/create,POST,admin.admin_api_legacy.create_user,admin,app/modules/admin/routes/api_legacy.py:715,app/modules/admin/routes/api_legacy.py:715,blueprint_decorator,[],[],"[""global_anonymous_login_redirect"",""admin_blueprint_hook:session_or_jwt_plus_role_if_global_gate_passes"",""route_auth:none""]",not_found_static_scan,not_found_static_scan,runtime:url_map;source:app/modules/admin/routes/api_legacy.py:715,operations,pending,preserve path/method/status/envelope/auth/null/pagination
4f85d79e69ef,/admin/users/export,GET,admin.admin_api_legacy.export_users,admin,app/modules/admin/routes/api_legacy.py:689,app/modules/admin/routes/api_legacy.py:689,blueprint_decorator,[],[],"[""global_anonymous_login_redirect"",""admin_blueprint_hook:session_or_jwt_plus_role_if_global_gate_passes"",""route_auth:none""]",not_found_static_scan,not_found_static_scan,runtime:url_map;source:app/modules/admin/routes/api_legacy.py:689,operations,pending,preserve path/method/status/envelope/auth/null/pagination
6693829af631,/ai-chat,GET,ai_chat.ai_chat_pages.ai_chat_page,ai_chat,app/modules/ai_chat/routes/pages.py:11,app/modules/ai_chat/routes/pages.py:11,blueprint_decorator,"[""auth_required""]","[""current_user_resolution""]","[""global_anonymous_login_redirect"",""route_decorator:session_or_jwt""]",tests;web,"{""tests"":[""tests/test_ai_chat.py:58:test_client_literal"",""tests/test_ai_chat.py:63:test_client_literal""],""web"":[""app/modules/main/templates/main/shared/_app_sidebar.html:518:navigation_literal""]}",runtime:url_map;source:app/modules/ai_chat/routes/pages.py:11,intelligence,pending,preserve path/method/status/envelope/auth/null/pagination
bc41547d5064,/api/ai-chat/models,GET,ai_chat.ai_chat_api.ai_chat_models,ai_chat,app/modules/ai_chat/routes/api.py:19,app/modules/ai_chat/routes/api.py:19,blueprint_decorator,"[""auth_required"",""limiter.limit('120/minute')""]",[],"[""global_session_or_valid_jwt_else_401"",""route_decorator:session_or_jwt""]",tests,"{""tests"":[""tests/test_ai_chat.py:79:test_client_literal""]}",runtime:url_map;source:app/modules/ai_chat/routes/api.py:19,intelligence,pending,preserve path/method/status/envelope/auth/null/pagination
67e30df402b3,/api/ai-chat/sessions,POST,ai_chat.ai_chat_api.ai_chat_create_session,ai_chat,app/modules/ai_chat/routes/api.py:34,app/modules/ai_chat/routes/api.py:34,blueprint_decorator,"[""auth_required"",""limiter.limit('30/minute')""]",[],"[""global_write_csrf_for_POST:valid_jwt_or_xhr_required"",""global_session_or_valid_jwt_else_401"",""route_decorator:session_or_jwt""]",tests,"{""tests"":[""tests/test_ai_chat.py:112:test_client_literal"",""tests/test_ai_chat.py:171:test_client_literal"",""tests/test_ai_chat.py:217:test_client_literal"",""tests/test_ai_chat.py:87:test_client_literal""]}",runtime:url_map;source:app/modules/ai_chat/routes/api.py:34,intelligence,pending,preserve path/method/status/envelope/auth/null/pagination
29bc43b0b0bc,/api/ai-chat/sessions,GET,ai_chat.ai_chat_api.ai_chat_sessions,ai_chat,app/modules/ai_chat/routes/api.py:26,app/modules/ai_chat/routes/api.py:26,blueprint_decorator,"[""auth_required"",""limiter.limit('120/minute')""]",[],"[""global_session_or_valid_jwt_else_401"",""route_decorator:session_or_jwt""]",tests,"{""tests"":[""tests/test_ai_chat.py:69:test_client_literal""]}",runtime:url_map;source:app/modules/ai_chat/routes/api.py:26,intelligence,pending,preserve path/method/status/envelope/auth/null/pagination
20ee2d1cdd1d,/api/ai-chat/sessions/<int:session_id>,DELETE,ai_chat.ai_chat_api.ai_chat_delete_session,ai_chat,app/modules/ai_chat/routes/api.py:79,app/modules/ai_chat/routes/api.py:79,blueprint_decorator,"[""auth_required"",""limiter.limit('30/minute')""]",[],"[""global_write_csrf_for_DELETE:valid_jwt_or_xhr_required"",""global_session_or_valid_jwt_else_401"",""route_decorator:session_or_jwt""]",not_found_static_scan,not_found_static_scan,runtime:url_map;source:app/modules/ai_chat/routes/api.py:79,intelligence,pending,preserve path/method/status/envelope/auth/null/pagination
b9a8ce10a7a8,/api/ai-chat/sessions/<int:session_id>,PATCH,ai_chat.ai_chat_api.ai_chat_update_session,ai_chat,app/modules/ai_chat/routes/api.py:60,app/modules/ai_chat/routes/api.py:60,blueprint_decorator,"[""auth_required"",""limiter.limit('30/minute')""]",[],"[""global_write_csrf_for_PATCH:valid_jwt_or_xhr_required"",""global_session_or_valid_jwt_else_401"",""route_decorator:session_or_jwt""]",tests,"{""tests"":[""tests/test_ai_chat.py:142:test_client_literal""]}",runtime:url_map;source:app/modules/ai_chat/routes/api.py:60,intelligence,pending,preserve path/method/status/envelope/auth/null/pagination
7a38fb03224e,/api/ai-chat/sessions/<int:session_id>/messages,GET,ai_chat.ai_chat_api.ai_chat_messages,ai_chat,app/modules/ai_chat/routes/api.py:50,app/modules/ai_chat/routes/api.py:50,blueprint_decorator,"[""auth_required"",""limiter.limit('120/minute')""]",[],"[""global_session_or_valid_jwt_else_401"",""route_decorator:session_or_jwt""]",tests,"{""tests"":[""tests/test_ai_chat.py:139:test_client_literal""]}",runtime:url_map;source:app/modules/ai_chat/routes/api.py:50,intelligence,pending,preserve path/method/status/envelope/auth/null/pagination
447c141bbc1f,/api/ai-chat/sessions/<int:session_id>/messages/stream,POST,ai_chat.ai_chat_api.ai_chat_stream_message,ai_chat,app/modules/ai_chat/routes/api.py:90,app/modules/ai_chat/routes/api.py:90,blueprint_decorator,"[""auth_required"",""limiter.limit('10/minute;60/hour')""]",[],"[""global_write_csrf_for_POST:valid_jwt_or_xhr_required"",""global_session_or_valid_jwt_else_401"",""route_decorator:session_or_jwt""]",tests;web,"{""tests"":[""tests/test_ai_chat.py:178:test_client_literal"",""tests/test_ai_chat.py:224:test_client_literal""],""web"":[""static/js/ai_chat.js:529:fetch_literal""]}",runtime:url_map;source:app/modules/ai_chat/routes/api.py:90,intelligence,pending,preserve path/method/status/envelope/auth/null/pagination
c63c1574cf70,/api/ai/explain,POST,api_ai_explain,quiz_alias,app/modules/quiz/routes/api_components/ai_coding.py:29,app/modules/quiz/__init__.py::add_url_rule,application_compatibility_alias,"[""auth_required"",""limiter.limit('3 per minute;30 per hour', key_func=_ai_explain_rate_key)""]","[""current_user_resolution""]","[""global_write_csrf_for_POST:valid_jwt_or_xhr_required"",""global_session_or_valid_jwt_else_401"",""route_decorator:session_or_jwt""]",tests;web,"{""tests"":[""tests/test_runtime_settings.py:431:test_client_literal"",""tests/test_runtime_settings.py:453:test_client_literal""],""web"":[""app/modules/quiz/templates/quiz/partials/quiz/assets/js/_05_core_state_fab.html:448:fetch_literal""]}",runtime:url_map;source:app/modules/quiz/routes/api_components/ai_coding.py:29,intelligence,pending,preserve path/method/status/envelope/auth/null/pagination
a5b84d3db3a6,/api/ai/explain_async,POST,api_ai_explain_async,quiz_alias,app/modules/quiz/routes/api_components/ai_jobs.py:55,app/modules/quiz/__init__.py::add_url_rule,application_compatibility_alias,"[""auth_required"",""limiter.limit('30 per minute', key_func=_rate_key)""]","[""current_user_resolution"",""unauthorized_response_signal""]","[""global_write_csrf_for_POST:valid_jwt_or_xhr_required"",""global_session_or_valid_jwt_else_401"",""route_decorator:session_or_jwt""]",not_found_static_scan,not_found_static_scan,runtime:url_map;source:app/modules/quiz/routes/api_components/ai_jobs.py:55,intelligence,pending,preserve path/method/status/envelope/auth/null/pagination
88d7dc05cdbb,/api/auth/login-methods,GET,auth.auth_api.api_auth_login_methods,auth,app/modules/auth/routes/api.py:152,app/modules/auth/routes/api.py:152,blueprint_decorator,[],[],"[""global_anonymous_allow_exact"",""route_auth:none""]",miniprogram;tests,"{""miniprogram"":[""miniprogram-1/miniprogram/utils/api-endpoints.ts:122:request""],""tests"":[""tests/test_auth_login_methods_settings.py:169:test_client_literal""]}",runtime:url_map;source:app/modules/auth/routes/api.py:152,identity,pending,preserve path/method/status/envelope/auth/null/pagination
8dbb1450005a,/api/chat/badge_counts,GET,chat.chat_api.chat_badge_counts,chat,app/modules/chat/routes/api.py:1174,app/modules/chat/routes/api.py:1174,blueprint_decorator,"[""limiter.limit('120/minute')""]","[""session_reference""]","[""global_session_or_valid_jwt_else_401"",""route_auth:none""]",not_found_static_scan,not_found_static_scan,runtime:url_map;source:app/modules/chat/routes/api.py:1174,messaging,pending,preserve path/method/status/envelope/auth/null/pagination
dd134873c34f,/api/chat/conversation_users,GET,chat.chat_api.chat_conversation_users,chat,app/modules/chat/routes/api.py:357,app/modules/chat/routes/api.py:357,blueprint_decorator,"[""limiter.limit('120/minute')""]","[""session_reference"",""unauthorized_response_signal""]","[""global_session_or_valid_jwt_else_401"",""route_auth:none""]",web,"{""web"":[""app/modules/quiz/templates/quiz/partials/quiz/assets/js/_02_forward.html:66:fetch_literal""]}",runtime:url_map;source:app/modules/chat/routes/api.py:357,messaging,pending,preserve path/method/status/envelope/auth/null/pagination
364e6fb60462,/api/chat/conversations,GET,chat.chat_api.chat_conversations,chat,app/modules/chat/routes/api.py:235,app/modules/chat/routes/api.py:235,blueprint_decorator,"[""limiter.limit('120/minute')""]","[""session_reference"",""unauthorized_response_signal""]","[""global_session_or_valid_jwt_else_401"",""route_auth:none""]",web,"{""web"":[""app/modules/chat/templates/chat/_chat_scripts_messages.html:193:fetch_literal"",""app/modules/main/templates/main/shared/app_shell.html:1557:fetch_literal""]}",runtime:url_map;source:app/modules/chat/routes/api.py:235,messaging,pending,preserve path/method/status/envelope/auth/null/pagination
b876af2b4754,/api/chat/conversations/create,POST,chat.chat_api.chat_create_conversation,chat,app/modules/chat/routes/api.py:407,app/modules/chat/routes/api.py:407,blueprint_decorator,"[""limiter.limit('30/minute')""]","[""session_reference"",""unauthorized_response_signal""]","[""global_write_csrf_for_POST:valid_jwt_or_xhr_required"",""global_session_or_valid_jwt_else_401"",""route_auth:none""]",web,"{""web"":[""app/modules/chat/templates/chat/_chat_scripts_messages.html:223:fetch_literal"",""app/modules/quiz/templates/quiz/partials/quiz/assets/js/_02_forward.html:123:fetch_literal""]}",runtime:url_map;source:app/modules/chat/routes/api.py:407,messaging,pending,preserve path/method/status/envelope/auth/null/pagination
8b025229f66a,/api/chat/interactions,GET,chat.chat_api.api_interactions,chat,app/modules/chat/routes/api_interactions.py:10,app/modules/chat/routes/api_interactions.py:10,blueprint_decorator,"[""limiter.limit('60/minute')""]","[""session_reference"",""unauthorized_response_signal""]","[""global_session_or_valid_jwt_else_401"",""route_auth:none""]",web,"{""web"":[""app/modules/chat/templates/chat/_chat_scripts_interactions.html:141:fetch_literal""]}",runtime:url_map;source:app/modules/chat/routes/api_interactions.py:10,messaging,pending,preserve path/method/status/envelope/auth/null/pagination
771717528a29,/api/chat/interactions/read,POST,chat.chat_api.api_interactions_read,chat,app/modules/chat/routes/api_interactions.py:24,app/modules/chat/routes/api_interactions.py:24,blueprint_decorator,"[""limiter.limit('30/minute')""]","[""session_reference"",""unauthorized_response_signal""]","[""global_write_csrf_for_POST:valid_jwt_or_xhr_required"",""global_session_or_valid_jwt_else_401"",""route_auth:none""]",web,"{""web"":[""app/modules/chat/templates/chat/_chat_scripts_interactions.html:115:fetch_literal""]}",runtime:url_map;source:app/modules/chat/routes/api_interactions.py:24,messaging,pending,preserve path/method/status/envelope/auth/null/pagination
a1503a215325,/api/chat/interactions/unread_count,GET,chat.chat_api.api_interactions_unread_count,chat,app/modules/chat/routes/api_interactions.py:44,app/modules/chat/routes/api_interactions.py:44,blueprint_decorator,"[""limiter.limit('120/minute')""]","[""session_reference""]","[""global_session_or_valid_jwt_else_401"",""route_auth:none""]",web,"{""web"":[""app/modules/chat/templates/chat/_chat_scripts_interactions.html:238:fetch_literal""]}",runtime:url_map;source:app/modules/chat/routes/api_interactions.py:44,messaging,pending,preserve path/method/status/envelope/auth/null/pagination
c42925b43ad5,/api/chat/messages,GET,chat.chat_api.chat_messages,chat,app/modules/chat/routes/api.py:577,app/modules/chat/routes/api.py:577,blueprint_decorator,"[""limiter.limit('120/minute')""]","[""session_reference"",""unauthorized_response_signal"",""forbidden_response_signal""]","[""global_session_or_valid_jwt_else_401"",""route_auth:none""]",not_found_static_scan,not_found_static_scan,runtime:url_map;source:app/modules/chat/routes/api.py:577,messaging,pending,preserve path/method/status/envelope/auth/null/pagination
e7f103fd679a,/api/chat/messages/revoke,POST,chat.chat_api.chat_revoke_message,chat,app/modules/chat/routes/api.py:1252,app/modules/chat/routes/api.py:1252,blueprint_decorator,"[""limiter.limit('30/minute')""]","[""session_reference"",""unauthorized_response_signal"",""forbidden_response_signal""]","[""global_write_csrf_for_POST:valid_jwt_or_xhr_required"",""global_session_or_valid_jwt_else_401"",""route_auth:none""]",web,"{""web"":[""app/modules/chat/templates/chat/_chat_scripts_messages.html:283:fetch_literal""]}",runtime:url_map;source:app/modules/chat/routes/api.py:1252,messaging,pending,preserve path/method/status/envelope/auth/null/pagination
969b473c4f03,/api/chat/messages/search,GET,chat.chat_api.chat_search_messages,chat,app/modules/chat/routes/api.py:1298,app/modules/chat/routes/api.py:1298,blueprint_decorator,"[""limiter.limit('60/minute')""]","[""session_reference"",""unauthorized_response_signal"",""forbidden_response_signal""]","[""global_session_or_valid_jwt_else_401"",""route_auth:none""]",web,"{""web"":[""app/modules/chat/templates/chat/_chat_scripts_messages.html:296:fetch_literal""]}",runtime:url_map;source:app/modules/chat/routes/api.py:1298,messaging,pending,preserve path/method/status/envelope/auth/null/pagination
21d4bbb6f5e2,/api/chat/messages/send,POST,chat.chat_api.chat_send_message,chat,app/modules/chat/routes/api.py:699,app/modules/chat/routes/api.py:699,blueprint_decorator,"[""limiter.limit('30/minute')""]","[""session_reference"",""unauthorized_response_signal"",""forbidden_response_signal""]","[""global_write_csrf_for_POST:valid_jwt_or_xhr_required"",""global_session_or_valid_jwt_else_401"",""route_auth:none""]",web,"{""web"":[""app/modules/chat/templates/chat/_chat_scripts_messages.html:235:fetch_literal""]}",runtime:url_map;source:app/modules/chat/routes/api.py:699,messaging,pending,preserve path/method/status/envelope/auth/null/pagination
78816d6aa366,/api/chat/messages/send_question,POST,chat.chat_api.chat_send_question,chat,app/modules/chat/routes/api.py:930,app/modules/chat/routes/api.py:930,blueprint_decorator,"[""limiter.limit('30/minute')""]","[""session_reference"",""unauthorized_response_signal"",""forbidden_response_signal""]","[""global_write_csrf_for_POST:valid_jwt_or_xhr_required"",""global_session_or_valid_jwt_else_401"",""route_auth:none""]",web,"{""web"":[""app/modules/quiz/templates/quiz/partials/quiz/assets/js/_02_forward.html:133:fetch_literal""]}",runtime:url_map;source:app/modules/chat/routes/api.py:930,messaging,pending,preserve path/method/status/envelope/auth/null/pagination
1f320ee08a41,/api/chat/messages/upload_audio,POST,chat.chat_api.chat_upload_audio,chat,app/modules/chat/routes/api.py:812,app/modules/chat/routes/api.py:812,blueprint_decorator,"[""limiter.limit('10/minute')""]","[""session_reference"",""unauthorized_response_signal"",""forbidden_response_signal""]","[""global_write_csrf_for_POST:valid_jwt_or_xhr_required"",""global_session_or_valid_jwt_else_401"",""route_auth:none""]",web,"{""web"":[""app/modules/chat/templates/chat/_chat_scripts_messages.html:251:fetch_literal""]}",runtime:url_map;source:app/modules/chat/routes/api.py:812,messaging,pending,preserve path/method/status/envelope/auth/null/pagination
0b3ed56be8fd,/api/chat/messages/upload_image,POST,chat.chat_api.chat_upload_image,chat,app/modules/chat/routes/api.py:725,app/modules/chat/routes/api.py:725,blueprint_decorator,"[""limiter.limit('10/minute')""]","[""session_reference"",""unauthorized_response_signal"",""forbidden_response_signal""]","[""global_write_csrf_for_POST:valid_jwt_or_xhr_required"",""global_session_or_valid_jwt_else_401"",""route_auth:none""]",web,"{""web"":[""app/modules/chat/templates/chat/_chat_scripts_messages.html:245:fetch_literal""]}",runtime:url_map;source:app/modules/chat/routes/api.py:725,messaging,pending,preserve path/method/status/envelope/auth/null/pagination
748c8f401ee8,/api/chat/question/<int:question_id>,GET,chat.chat_api.chat_get_question_detail,chat,app/modules/chat/routes/api.py:1025,app/modules/chat/routes/api.py:1025,blueprint_decorator,"[""limiter.limit('120/minute')""]","[""session_reference"",""unauthorized_response_signal""]","[""global_session_or_valid_jwt_else_401"",""route_auth:none""]",web,"{""web"":[""app/modules/chat/templates/chat/_chat_scripts_messages.html:121:fetch_literal""]}",runtime:url_map;source:app/modules/chat/routes/api.py:1025,messaging,pending,preserve path/method/status/envelope/auth/null/pagination
40d7ad1d02c8,/api/chat/unread_count,GET,chat.chat_api.chat_unread_count,chat,app/modules/chat/routes/api.py:1098,app/modules/chat/routes/api.py:1098,blueprint_decorator,"[""limiter.limit('120/minute')""]","[""session_reference""]","[""global_session_or_valid_jwt_else_401"",""route_auth:none""]",web,"{""web"":[""app/modules/main/templates/main/shared/_app_sidebar.html:740:fetch_literal"",""app/modules/main/templates/main/shared/app_shell.html:1548:fetch_literal""]}",runtime:url_map;source:app/modules/chat/routes/api.py:1098,messaging,pending,preserve path/method/status/envelope/auth/null/pagination
eaf716ce5218,/api/chat/user_profile,GET,chat.chat_api.chat_user_profile,chat,app/modules/chat/routes/api.py:529,app/modules/chat/routes/api.py:529,blueprint_decorator,"[""limiter.limit('120/minute')""]","[""session_reference"",""unauthorized_response_signal""]","[""global_session_or_valid_jwt_else_401"",""route_auth:none""]",web,"{""web"":[""app/modules/chat/templates/chat/_chat_scripts_messages.html:258:fetch_literal""]}",runtime:url_map;source:app/modules/chat/routes/api.py:529,messaging,pending,preserve path/method/status/envelope/auth/null/pagination
cb68e3982a5a,/api/chat/user_remark,"GET,POST",chat.chat_api.chat_user_remark,chat,app/modules/chat/routes/api.py:460,app/modules/chat/routes/api.py:460,blueprint_decorator,"[""limiter.limit('60/minute')""]","[""session_reference"",""unauthorized_response_signal""]","[""global_write_csrf_for_POST:valid_jwt_or_xhr_required"",""global_session_or_valid_jwt_else_401"",""route_auth:none""]",web,"{""web"":[""app/modules/chat/templates/chat/_chat_scripts_messages.html:265:fetch_literal"",""app/modules/chat/templates/chat/_chat_scripts_messages.html:273:fetch_literal""]}",runtime:url_map;source:app/modules/chat/routes/api.py:460,messaging,pending,preserve path/method/status/envelope/auth/null/pagination
5c9ae7782d1c,/api/chat/users,GET,chat.chat_api.chat_users,chat,app/modules/chat/routes/api.py:188,app/modules/chat/routes/api.py:188,blueprint_decorator,"[""limiter.limit('120/minute')""]","[""session_reference"",""unauthorized_response_signal""]","[""global_session_or_valid_jwt_else_401"",""route_auth:none""]",web,"{""web"":[""app/modules/chat/templates/chat/_chat_scripts_messages.html:215:fetch_literal""]}",runtime:url_map;source:app/modules/chat/routes/api.py:188,messaging,pending,preserve path/method/status/envelope/auth/null/pagination
1156cacff587,/api/data/ai-advice,POST,main.main_pages.api_data_ai_advice,main,app/modules/main/routes/pages_components/data_center.py:242,app/modules/main/routes/pages_components/data_center.py:242,blueprint_decorator,"[""auth_required"",""limiter.limit('30 per hour')""]","[""current_user_resolution"",""unauthorized_response_signal""]","[""global_write_csrf_for_POST:valid_jwt_or_xhr_required"",""global_session_or_valid_jwt_else_401"",""route_decorator:session_or_jwt""]",miniprogram;web,"{""miniprogram"":[""miniprogram-1/miniprogram/utils/api-endpoints.ts:348:request""],""web"":[""static/js/data_center.js:74:fetch_literal""]}",runtime:url_map;source:app/modules/main/routes/pages_components/data_center.py:242,learning,pending,preserve path/method/status/envelope/auth/null/pagination
79d6503d1216,/api/data/center,GET,main.main_pages.api_data_center,main,app/modules/main/routes/pages_components/data_center.py:205,app/modules/main/routes/pages_components/data_center.py:205,blueprint_decorator,"[""auth_required"",""limiter.limit('20 per minute;200 per hour')""]","[""current_user_resolution"",""unauthorized_response_signal""]","[""global_session_or_valid_jwt_else_401"",""route_decorator:session_or_jwt""]",miniprogram,"{""miniprogram"":[""miniprogram-1/miniprogram/utils/api-endpoints.ts:339:request""]}",runtime:url_map;source:app/modules/main/routes/pages_components/data_center.py:205,learning,pending,preserve path/method/status/envelope/auth/null/pagination
b4487d996c52,/api/data/tags,GET,main.main_pages.api_data_tags,main,app/modules/main/routes/pages_components/data_center.py:222,app/modules/main/routes/pages_components/data_center.py:222,blueprint_decorator,"[""auth_required"",""limiter.limit('20 per minute;200 per hour')""]","[""current_user_resolution"",""unauthorized_response_signal""]","[""global_session_or_valid_jwt_else_401"",""route_decorator:session_or_jwt""]",miniprogram,"{""miniprogram"":[""miniprogram-1/miniprogram/utils/api-endpoints.ts:344:request""]}",runtime:url_map;source:app/modules/main/routes/pages_components/data_center.py:222,learning,pending,preserve path/method/status/envelope/auth/null/pagination
29bbd88f4bc5,/api/edu-schedule/credentials,DELETE,edu_schedule.edu_schedule_api.api_delete_schedule_credentials,edu_schedule,app/modules/edu_schedule/routes/api.py:108,app/modules/edu_schedule/routes/api.py:108,blueprint_decorator,"[""auth_required""]","[""current_user_resolution""]","[""global_write_csrf_for_DELETE:valid_jwt_or_xhr_required"",""global_session_or_valid_jwt_else_401"",""route_decorator:session_or_jwt""]",miniprogram;web,"{""miniprogram"":[""miniprogram-1/miniprogram/utils/api-endpoints.ts:555:request""],""web"":[""app/modules/main/templates/main/account/bindings.html:485:fetch_literal""]}",runtime:url_map;source:app/modules/edu_schedule/routes/api.py:108,campus,pending,preserve path/method/status/envelope/auth/null/pagination
f53ec302ab29,/api/edu-schedule/credentials,POST,edu_schedule.edu_schedule_api.api_save_schedule_credentials,edu_schedule,app/modules/edu_schedule/routes/api.py:92,app/modules/edu_schedule/routes/api.py:92,blueprint_decorator,"[""auth_required""]","[""current_user_resolution""]","[""global_write_csrf_for_POST:valid_jwt_or_xhr_required"",""global_session_or_valid_jwt_else_401"",""route_decorator:session_or_jwt""]",miniprogram;tests;web,"{""miniprogram"":[""miniprogram-1/miniprogram/utils/api-endpoints.ts:549:request""],""tests"":[""tests/test_edu_schedule.py:1042:test_client_literal"",""tests/test_edu_schedule.py:1121:test_client_literal"",""tests/test_edu_schedule.py:1173:test_client_literal"",""tests/test_edu_schedule.py:1222:test_client_literal"",""tests/test_edu_schedule.py:2220:test_client_literal"",""tests/test_edu_schedule.py:2299:test_client_literal"",""tests/test_edu_schedule.py:334:test_client_literal"",""tests/test_edu_schedule.py:965:test_client_literal""],""web"":[""app/modules/main/templates/main/account/bindings.html:457:fetch_literal""]}",runtime:url_map;source:app/modules/edu_schedule/routes/api.py:92,campus,pending,preserve path/method/status/envelope/auth/null/pagination
348f46967e26,/api/edu-schedule/grades/query,POST,edu_schedule.edu_schedule_api.api_query_grades,edu_schedule,app/modules/edu_schedule/routes/api.py:144,app/modules/edu_schedule/routes/api.py:144,blueprint_decorator,"[""auth_required""]","[""current_user_resolution""]","[""global_write_csrf_for_POST:valid_jwt_or_xhr_required"",""global_session_or_valid_jwt_else_401"",""route_decorator:session_or_jwt""]",miniprogram;tests;web,"{""miniprogram"":[""miniprogram-1/miniprogram/utils/api-endpoints.ts:510:request""],""tests"":[""tests/test_edu_schedule.py:1232:test_client_literal"",""tests/test_edu_schedule.py:2304:test_client_literal"",""tests/test_edu_schedule_webvpn_auth.py:106:test_client_literal""],""web"":[""app/modules/edu_schedule/templates/edu_schedule/grades.html:805:fetch_literal""]}",runtime:url_map;source:app/modules/edu_schedule/routes/api.py:144,campus,pending,preserve path/method/status/envelope/auth/null/pagination
5233ffcaeb35,/api/edu-schedule/grades/snapshots,GET,edu_schedule.edu_schedule_api.api_list_grade_snapshots,edu_schedule,app/modules/edu_schedule/routes/api.py:223,app/modules/edu_schedule/routes/api.py:223,blueprint_decorator,"[""auth_required""]","[""current_user_resolution""]","[""global_session_or_valid_jwt_else_401"",""route_decorator:session_or_jwt""]",not_found_static_scan,not_found_static_scan,runtime:url_map;source:app/modules/edu_schedule/routes/api.py:223,campus,pending,preserve path/method/status/envelope/auth/null/pagination
151fe27d3962,/api/edu-schedule/query,POST,edu_schedule.edu_schedule_api.api_query_schedule,edu_schedule,app/modules/edu_schedule/routes/api.py:116,app/modules/edu_schedule/routes/api.py:116,blueprint_decorator,"[""auth_required""]","[""current_user_resolution""]","[""global_write_csrf_for_POST:valid_jwt_or_xhr_required"",""global_session_or_valid_jwt_else_401"",""route_decorator:session_or_jwt""]",miniprogram;tests;web,"{""miniprogram"":[""miniprogram-1/miniprogram/utils/api-endpoints.ts:502:request""],""tests"":[""tests/test_edu_schedule.py:1047:test_client_literal"",""tests/test_edu_schedule.py:1057:test_client_literal"",""tests/test_edu_schedule.py:1126:test_client_literal"",""tests/test_edu_schedule.py:1178:test_client_literal"",""tests/test_edu_schedule.py:1227:test_client_literal"",""tests/test_edu_schedule.py:2225:test_client_literal"",""tests/test_edu_schedule.py:2410:test_client_literal"",""tests/test_edu_schedule.py:970:test_client_literal""],""web"":[""app/modules/edu_schedule/templates/edu_schedule/index.html:707:fetch_literal""]}",runtime:url_map;source:app/modules/edu_schedule/routes/api.py:116,campus,pending,preserve path/method/status/envelope/auth/null/pagination
528362e30214,/api/edu-schedule/query-tasks/<task_id>,GET,edu_schedule.edu_schedule_api.api_get_query_task,edu_schedule,app/modules/edu_schedule/routes/api.py:172,app/modules/edu_schedule/routes/api.py:172,blueprint_decorator,"[""auth_required""]","[""current_user_resolution""]","[""global_session_or_valid_jwt_else_401"",""route_decorator:session_or_jwt""]",miniprogram;tests,"{""miniprogram"":[""miniprogram-1/miniprogram/utils/api-endpoints.ts:520:request""],""tests"":[""tests/test_edu_schedule.py:1141:test_client_literal"",""tests/test_edu_schedule.py:1244:test_client_literal"",""tests/test_edu_schedule.py:987:test_client_literal""]}",runtime:url_map;source:app/modules/edu_schedule/routes/api.py:172,campus,pending,preserve path/method/status/envelope/auth/null/pagination
2a680c6fa4c4,/api/edu-schedule/query-tasks/<task_id>/cancel,POST,edu_schedule.edu_schedule_api.api_cancel_query_task,edu_schedule,app/modules/edu_schedule/routes/api.py:183,app/modules/edu_schedule/routes/api.py:183,blueprint_decorator,"[""auth_required""]","[""current_user_resolution""]","[""global_write_csrf_for_POST:valid_jwt_or_xhr_required"",""global_session_or_valid_jwt_else_401"",""route_decorator:session_or_jwt""]",miniprogram;tests,"{""miniprogram"":[""miniprogram-1/miniprogram/utils/api-endpoints.ts:530:request""],""tests"":[""tests/test_edu_schedule.py:1240:test_client_literal""]}",runtime:url_map;source:app/modules/edu_schedule/routes/api.py:183,campus,pending,preserve path/method/status/envelope/auth/null/pagination
d659671eff06,/api/edu-schedule/snapshots,GET,edu_schedule.edu_schedule_api.api_list_schedule_snapshots,edu_schedule,app/modules/edu_schedule/routes/api.py:216,app/modules/edu_schedule/routes/api.py:216,blueprint_decorator,"[""auth_required""]","[""current_user_resolution""]","[""global_session_or_valid_jwt_else_401"",""route_decorator:session_or_jwt""]",not_found_static_scan,not_found_static_scan,runtime:url_map;source:app/modules/edu_schedule/routes/api.py:216,campus,pending,preserve path/method/status/envelope/auth/null/pagination
f59a2e9c9bc4,/api/edu-schedule/status,GET,edu_schedule.edu_schedule_api.api_schedule_status,edu_schedule,app/modules/edu_schedule/routes/api.py:75,app/modules/edu_schedule/routes/api.py:75,blueprint_decorator,"[""auth_required""]","[""current_user_resolution""]","[""global_session_or_valid_jwt_else_401"",""route_decorator:session_or_jwt""]",miniprogram;tests;web,"{""miniprogram"":[""miniprogram-1/miniprogram/utils/api-endpoints.ts:492:request""],""tests"":[""tests/test_edu_grade_overview.py:509:test_client_literal"",""tests/test_edu_grade_overview.py:754:test_client_literal"",""tests/test_edu_schedule.py:1185:test_client_literal"",""tests/test_edu_schedule.py:2391:test_client_literal"",""tests/test_edu_schedule.py:2466:test_client_literal""],""web"":[""app/modules/edu_schedule/templates/edu_schedule/grades.html:849:fetch_literal"",""app/modules/edu_schedule/templates/edu_schedule/index.html:749:fetch_literal"",""app/modules/main/templates/main/account/bindings.html:438:fetch_literal""]}",runtime:url_map;source:app/modules/edu_schedule/routes/api.py:75,campus,pending,preserve path/method/status/envelope/auth/null/pagination
65c11b06e675,/api/edu-schedule/webvpn-session/complete,POST,edu_schedule.edu_schedule_api.api_complete_user_webvpn_session_refresh,edu_schedule,app/modules/edu_schedule/routes/api.py:194,app/modules/edu_schedule/routes/api.py:194,blueprint_decorator,"[""auth_required""]","[""current_user_resolution""]","[""global_write_csrf_for_POST:valid_jwt_or_xhr_required"",""global_session_or_valid_jwt_else_401"",""route_decorator:session_or_jwt""]",miniprogram;tests;web,"{""miniprogram"":[""miniprogram-1/miniprogram/utils/api-endpoints.ts:540:request""],""tests"":[""tests/test_edu_schedule.py:1083:test_client_literal""],""web"":[""app/modules/edu_schedule/templates/edu_schedule/grades.html:913:fetch_literal"",""app/modules/edu_schedule/templates/edu_schedule/index.html:811:fetch_literal""]}",runtime:url_map;source:app/modules/edu_schedule/routes/api.py:194,campus,pending,preserve path/method/status/envelope/auth/null/pagination
50b0b98e14d7,/api/email/bind,POST,auth.auth_api.api_bind_email,auth,app/modules/auth/routes/api.py:205,app/modules/auth/routes/api.py:205,blueprint_decorator,"[""auth_required"",""limiter.limit('10 per minute')""]","[""current_user_resolution"",""unauthorized_response_signal""]","[""global_write_csrf_for_POST:valid_jwt_or_xhr_required"",""global_session_or_valid_jwt_else_401"",""route_decorator:session_or_jwt""]",miniprogram;web,"{""miniprogram"":[""miniprogram-1/miniprogram/utils/api-endpoints.ts:487:request""],""web"":[""app/modules/main/templates/main/account/bindings.html:580:fetch_literal"",""app/modules/main/templates/main/profile/profile.html:733:fetch_literal"",""app/modules/user/templates/user/profile.html:349:fetch_literal""]}",runtime:url_map;source:app/modules/auth/routes/api.py:205,identity,pending,preserve path/method/status/envelope/auth/null/pagination
4700a59f0068,/api/email/login,POST,auth.auth_api.api_email_login,auth,app/modules/auth/routes/api.py:265,app/modules/auth/routes/api.py:265,blueprint_decorator,"[""limiter.limit('10 per minute')""]","[""session_reference""]","[""global_anonymous_allow_exact"",""route_auth:none""]",web,"{""web"":[""app/modules/auth/templates/auth/login.html:1929:fetch_literal""]}",runtime:url_map;source:app/modules/auth/routes/api.py:265,identity,pending,preserve path/method/status/envelope/auth/null/pagination
196c8d22226e,/api/email/send-bind-code,POST,auth.auth_api.api_send_bind_code,auth,app/modules/auth/routes/api.py:162,app/modules/auth/routes/api.py:162,blueprint_decorator,"[""auth_required"",""limiter.limit('1 per minute;5 per hour')""]","[""current_user_resolution"",""unauthorized_response_signal""]","[""global_write_csrf_for_POST:valid_jwt_or_xhr_required"",""global_session_or_valid_jwt_else_401"",""route_decorator:session_or_jwt""]",miniprogram;web,"{""miniprogram"":[""miniprogram-1/miniprogram/utils/api-endpoints.ts:484:request""],""web"":[""app/modules/main/templates/main/account/bindings.html:550:fetch_literal"",""app/modules/main/templates/main/profile/profile.html:690:fetch_literal"",""app/modules/user/templates/user/profile.html:306:fetch_literal""]}",runtime:url_map;source:app/modules/auth/routes/api.py:162,identity,pending,preserve path/method/status/envelope/auth/null/pagination
52357e46008f,/api/email/send-login-code,POST,auth.auth_api.api_send_login_code,auth,app/modules/auth/routes/api.py:237,app/modules/auth/routes/api.py:237,blueprint_decorator,"[""limiter.limit('1 per minute;10 per hour')""]",[],"[""global_anonymous_allow_exact"",""route_auth:none""]",web,"{""web"":[""app/modules/auth/templates/auth/login.html:1472:fetch_literal""]}",runtime:url_map;source:app/modules/auth/routes/api.py:237,identity,pending,preserve path/method/status/envelope/auth/null/pagination
033a4cbe2a71,/api/exams/<int:exam_id>,"DELETE,GET",exam.exam_api.api_exam_detail_or_delete,exam,app/modules/exam/routes/api.py:123,app/modules/exam/routes/api.py:123,blueprint_decorator,"[""auth_required""]","[""current_user_resolution"",""unauthorized_response_signal"",""forbidden_response_signal""]","[""global_write_csrf_for_DELETE:valid_jwt_or_xhr_required"",""global_session_or_valid_jwt_else_401"",""route_decorator:session_or_jwt""]",miniprogram;web,"{""miniprogram"":[""miniprogram-1/miniprogram/utils/api-endpoints.ts:384:request"",""miniprogram-1/miniprogram/utils/api-endpoints.ts:386:request""],""web"":[""app/modules/exam/templates/exam/exam_detail_v2.html:122:fetch_literal"",""app/modules/exam/templates/exam/exams_v3.html:737:fetch_literal""]}",runtime:url_map;source:app/modules/exam/routes/api.py:123,assessment,pending,preserve path/method/status/envelope/auth/null/pagination
9dfeed1f5f4b,/api/exams/<int:exam_id>/grade,POST,exam.exam_api.api_exam_manual_grade,exam,app/modules/exam/routes/api.py:796,app/modules/exam/routes/api.py:796,blueprint_decorator,"[""auth_required""]","[""current_user_resolution"",""unauthorized_response_signal"",""forbidden_response_signal""]","[""global_write_csrf_for_POST:valid_jwt_or_xhr_required"",""global_session_or_valid_jwt_else_401"",""route_decorator:session_or_jwt""]",not_found_static_scan,not_found_static_scan,runtime:url_map;source:app/modules/exam/routes/api.py:796,assessment,pending,preserve path/method/status/envelope/auth/null/pagination
380180a12bde,/api/exams/<int:exam_id>/mistakes,POST,exam.exam_api.api_exam_to_mistakes,exam,app/modules/exam/routes/api.py:226,app/modules/exam/routes/api.py:226,blueprint_decorator,"[""auth_required""]","[""current_user_resolution"",""unauthorized_response_signal"",""forbidden_response_signal""]","[""global_write_csrf_for_POST:valid_jwt_or_xhr_required"",""global_session_or_valid_jwt_else_401"",""route_decorator:session_or_jwt""]",miniprogram;web,"{""miniprogram"":[""miniprogram-1/miniprogram/utils/api-endpoints.ts:407:request""],""web"":[""app/modules/exam/templates/exam/exam_detail_v2.html:110:fetch_literal"",""app/modules/exam/templates/exam/exam_settlement_v2.html:113:fetch_literal"",""app/modules/exam/templates/exam/exams_v3.html:749:fetch_literal""]}",runtime:url_map;source:app/modules/exam/routes/api.py:226,assessment,pending,preserve path/method/status/envelope/auth/null/pagination
256e23b16314,/api/exams/create,POST,exam.exam_api.api_exams_create,exam,app/modules/exam/routes/api.py:73,app/modules/exam/routes/api.py:73,blueprint_decorator,"[""auth_required""]","[""current_user_resolution"",""unauthorized_response_signal"",""forbidden_response_signal""]","[""global_write_csrf_for_POST:valid_jwt_or_xhr_required"",""global_session_or_valid_jwt_else_401"",""route_decorator:session_or_jwt""]",miniprogram;web,"{""miniprogram"":[""miniprogram-1/miniprogram/utils/api-endpoints.ts:382:request""],""web"":[""app/modules/exam/templates/exam/exams_v3.html:610:fetch_literal"",""app/modules/exam/templates/exam/exams_v3.html:663:fetch_literal"",""app/modules/main/templates/main/subject/subject_detail/body_end/_01_core.html:861:fetch_literal"",""app/modules/user_bank/templates/user_bank/bank/bank_practice/body_end/_04_actions.html:83:fetch_literal"",""static/js/exam_builder_inline_v3.js:792:fetch_literal""]}",runtime:url_map;source:app/modules/exam/routes/api.py:73,assessment,pending,preserve path/method/status/envelope/auth/null/pagination
ee831203df4d,/api/exams/records,GET,exam.exam_api.api_exams_records,exam,app/modules/exam/routes/api.py:401,app/modules/exam/routes/api.py:401,blueprint_decorator,"[""auth_required""]","[""current_user_resolution"",""unauthorized_response_signal""]","[""global_session_or_valid_jwt_else_401"",""route_decorator:session_or_jwt""]",miniprogram,"{""miniprogram"":[""miniprogram-1/miniprogram/utils/api-endpoints.ts:395:request""]}",runtime:url_map;source:app/modules/exam/routes/api.py:401,assessment,pending,preserve path/method/status/envelope/auth/null/pagination
22085e9fd12f,/api/exams/save_draft,POST,exam.exam_api.api_save_exam_draft,exam,app/modules/exam/routes/api.py:189,app/modules/exam/routes/api.py:189,blueprint_decorator,"[""auth_required""]","[""current_user_resolution"",""unauthorized_response_signal"",""forbidden_response_signal""]","[""global_write_csrf_for_POST:valid_jwt_or_xhr_required"",""global_session_or_valid_jwt_else_401"",""route_decorator:session_or_jwt""]",miniprogram;web,"{""miniprogram"":[""miniprogram-1/miniprogram/utils/api-endpoints.ts:402:request""],""web"":[""app/modules/quiz/templates/quiz/partials/quiz/assets/js/_09_settings_modal.html:550:fetch_literal""]}",runtime:url_map;source:app/modules/exam/routes/api.py:189,assessment,pending,preserve path/method/status/envelope/auth/null/pagination
45b252ea1a3b,/api/exams/stats,GET,exam.exam_api.api_exams_stats,exam,app/modules/exam/routes/api.py:530,app/modules/exam/routes/api.py:530,blueprint_decorator,"[""auth_required""]","[""current_user_resolution"",""unauthorized_response_signal""]","[""global_session_or_valid_jwt_else_401"",""route_decorator:session_or_jwt""]",miniprogram,"{""miniprogram"":[""miniprogram-1/miniprogram/utils/api-endpoints.ts:399:request""]}",runtime:url_map;source:app/modules/exam/routes/api.py:530,assessment,pending,preserve path/method/status/envelope/auth/null/pagination
d51e1bd734bb,/api/exams/submit,POST,exam.exam_api.api_exams_submit,exam,app/modules/exam/routes/api.py:96,app/modules/exam/routes/api.py:96,blueprint_decorator,"[""auth_required""]","[""current_user_resolution"",""unauthorized_response_signal""]","[""global_write_csrf_for_POST:valid_jwt_or_xhr_required"",""global_session_or_valid_jwt_else_401"",""route_decorator:session_or_jwt""]",miniprogram;web,"{""miniprogram"":[""miniprogram-1/miniprogram/utils/api-endpoints.ts:405:request""],""web"":[""app/modules/quiz/templates/quiz/partials/quiz/assets/js/_09_settings_modal.html:457:fetch_literal""]}",runtime:url_map;source:app/modules/exam/routes/api.py:96,assessment,pending,preserve path/method/status/envelope/auth/null/pagination
2195aece605d,/api/exams/templates,"GET,POST",exam.exam_api.api_exam_templates,exam,app/modules/exam/routes/api.py:301,app/modules/exam/routes/api.py:301,blueprint_decorator,"[""auth_required""]","[""current_user_resolution"",""unauthorized_response_signal""]","[""global_write_csrf_for_POST:valid_jwt_or_xhr_required"",""global_session_or_valid_jwt_else_401"",""route_decorator:session_or_jwt""]",miniprogram,"{""miniprogram"":[""miniprogram-1/miniprogram/utils/api-endpoints.ts:409:request"",""miniprogram-1/miniprogram/utils/api-endpoints.ts:418:request""]}",runtime:url_map;source:app/modules/exam/routes/api.py:301,assessment,pending,preserve path/method/status/envelope/auth/null/pagination
0d6a671475fd,/api/exams/templates/<int:template_id>,DELETE,exam.exam_api.api_exam_template_delete,exam,app/modules/exam/routes/api.py:383,app/modules/exam/routes/api.py:383,blueprint_decorator,"[""auth_required""]","[""current_user_resolution"",""unauthorized_response_signal"",""forbidden_response_signal""]","[""global_write_csrf_for_DELETE:valid_jwt_or_xhr_required"",""global_session_or_valid_jwt_else_401"",""route_decorator:session_or_jwt""]",miniprogram,"{""miniprogram"":[""miniprogram-1/miniprogram/utils/api-endpoints.ts:420:request""]}",runtime:url_map;source:app/modules/exam/routes/api.py:383,assessment,pending,preserve path/method/status/envelope/auth/null/pagination
6d548bfd6830,/api/favorite,POST,api_favorite,quiz_alias,app/modules/quiz/routes/api_components/core.py:43,app/modules/quiz/__init__.py::add_url_rule,application_compatibility_alias,"[""auth_required"",""limiter.limit('30/minute')""]","[""current_user_resolution"",""forbidden_response_signal""]","[""global_write_csrf_for_POST:valid_jwt_or_xhr_required"",""global_session_or_valid_jwt_else_401"",""route_decorator:session_or_jwt""]",web,"{""web"":[""app/modules/main/templates/main/search/search.html:1459:fetch_literal""]}",runtime:url_map;source:app/modules/quiz/routes/api_components/core.py:43,learning,pending,preserve path/method/status/envelope/auth/null/pagination
de0f38549b69,/api/forgot-password/reset,POST,auth.auth_api.api_reset_password,auth,app/modules/auth/routes/api.py:350,app/modules/auth/routes/api.py:350,blueprint_decorator,"[""limiter.limit('10 per minute')""]",[],"[""global_anonymous_allow_exact"",""route_auth:none""]",not_found_static_scan,not_found_static_scan,runtime:url_map;source:app/modules/auth/routes/api.py:350,identity,pending,preserve path/method/status/envelope/auth/null/pagination
e6dff6595cd3,/api/forgot-password/send-code,POST,auth.auth_api.api_send_forgot_password_code,auth,app/modules/auth/routes/api.py:319,app/modules/auth/routes/api.py:319,blueprint_decorator,"[""limiter.limit('1 per minute;5 per hour')""]",[],"[""global_anonymous_allow_exact"",""route_auth:none""]",web,"{""web"":[""app/modules/auth/templates/auth/login.html:1735:fetch_literal""]}",runtime:url_map;source:app/modules/auth/routes/api.py:319,identity,pending,preserve path/method/status/envelope/auth/null/pagination
570805fbf02a,/api/forum/boards,GET,forum.forum_api.api_get_boards,forum,app/modules/forum/routes/api_components/boards.py:10,app/modules/forum/routes/api_components/boards.py:10,blueprint_decorator,"[""auth_required""]",[],"[""global_session_or_valid_jwt_else_401"",""route_decorator:session_or_jwt""]",not_found_static_scan,not_found_static_scan,runtime:url_map;source:app/modules/forum/routes/api_components/boards.py:10,community,pending,preserve path/method/status/envelope/auth/null/pagination
b9f70de736d6,/api/forum/boards/sync,POST,forum.forum_api.api_sync_boards,forum,app/modules/forum/routes/api_components/boards.py:23,app/modules/forum/routes/api_components/boards.py:23,blueprint_decorator,"[""auth_required""]",[],"[""global_write_csrf_for_POST:valid_jwt_or_xhr_required"",""global_session_or_valid_jwt_else_401"",""route_decorator:session_or_jwt""]",not_found_static_scan,not_found_static_scan,runtime:url_map;source:app/modules/forum/routes/api_components/boards.py:23,community,pending,preserve path/method/status/envelope/auth/null/pagination
33faa80fb7b8,/api/forum/comments/<int:comment_id>,DELETE,forum.forum_api.api_delete_comment,forum,app/modules/forum/routes/api_components/comments.py:61,app/modules/forum/routes/api_components/comments.py:61,blueprint_decorator,"[""auth_required"",""limiter.limit('30 per minute;300 per day')""]","[""session_reference"",""current_user_resolution"",""forbidden_response_signal""]","[""global_write_csrf_for_DELETE:valid_jwt_or_xhr_required"",""global_session_or_valid_jwt_else_401"",""route_decorator:session_or_jwt""]",not_found_static_scan,not_found_static_scan,runtime:url_map;source:app/modules/forum/routes/api_components/comments.py:61,community,pending,preserve path/method/status/envelope/auth/null/pagination
30368737df52,/api/forum/favorite,POST,forum.forum_api.api_toggle_favorite,forum,app/modules/forum/routes/api_components/interactions.py:99,app/modules/forum/routes/api_components/interactions.py:99,blueprint_decorator,"[""auth_required"",""limiter.limit('30 per minute;500 per day')""]","[""current_user_resolution""]","[""global_write_csrf_for_POST:valid_jwt_or_xhr_required"",""global_session_or_valid_jwt_else_401"",""route_decorator:session_or_jwt""]",web,"{""web"":[""app/modules/forum/templates/forum/_scripts/_forum_interactions.html:273:fetch_literal""]}",runtime:url_map;source:app/modules/forum/routes/api_components/interactions.py:99,community,pending,preserve path/method/status/envelope/auth/null/pagination
907bca672e6e,/api/forum/forward,POST,forum.forum_api.api_forward_post,forum,app/modules/forum/routes/api_components/forward.py:10,app/modules/forum/routes/api_components/forward.py:10,blueprint_decorator,"[""auth_required""]","[""current_user_resolution""]","[""global_write_csrf_for_POST:valid_jwt_or_xhr_required"",""global_session_or_valid_jwt_else_401"",""route_decorator:session_or_jwt""]",web,"{""web"":[""app/modules/forum/templates/forum/_scripts/_forum_phase2.html:158:fetch_literal""]}",runtime:url_map;source:app/modules/forum/routes/api_components/forward.py:10,community,pending,preserve path/method/status/envelope/auth/null/pagination
96226d69e3f0,/api/forum/like,POST,forum.forum_api.api_toggle_like,forum,app/modules/forum/routes/api_components/interactions.py:14,app/modules/forum/routes/api_components/interactions.py:14,blueprint_decorator,"[""auth_required"",""limiter.limit('60 per minute;1000 per day')""]","[""current_user_resolution""]","[""global_write_csrf_for_POST:valid_jwt_or_xhr_required"",""global_session_or_valid_jwt_else_401"",""route_decorator:session_or_jwt""]",web,"{""web"":[""app/modules/forum/templates/forum/_scripts/_forum_comments.html:176:fetch_literal"",""app/modules/forum/templates/forum/_scripts/_forum_interactions.html:252:fetch_literal""]}",runtime:url_map;source:app/modules/forum/routes/api_components/interactions.py:14,community,pending,preserve path/method/status/envelope/auth/null/pagination
cf8fc724e76a,/api/forum/mentions,GET,forum.forum_api.api_get_mentions,forum,app/modules/forum/routes/api_components/mentions.py:10,app/modules/forum/routes/api_components/mentions.py:10,blueprint_decorator,"[""auth_required""]","[""current_user_resolution""]","[""global_session_or_valid_jwt_else_401"",""route_decorator:session_or_jwt""]",not_found_static_scan,not_found_static_scan,runtime:url_map;source:app/modules/forum/routes/api_components/mentions.py:10,community,pending,preserve path/method/status/envelope/auth/null/pagination
9d9833b9fc1c,/api/forum/mentions/read,POST,forum.forum_api.api_mark_mentions_read,forum,app/modules/forum/routes/api_components/mentions.py:25,app/modules/forum/routes/api_components/mentions.py:25,blueprint_decorator,"[""auth_required""]","[""current_user_resolution""]","[""global_write_csrf_for_POST:valid_jwt_or_xhr_required"",""global_session_or_valid_jwt_else_401"",""route_decorator:session_or_jwt""]",web,"{""web"":[""app/modules/chat/templates/chat/_chat_scripts_interactions.html:120:fetch_literal""]}",runtime:url_map;source:app/modules/forum/routes/api_components/mentions.py:25,community,pending,preserve path/method/status/envelope/auth/null/pagination
786c80e7d12e,/api/forum/my/favorites,GET,forum.forum_api.api_my_favorites,forum,app/modules/forum/routes/api_components/interactions.py:139,app/modules/forum/routes/api_components/interactions.py:139,blueprint_decorator,"[""auth_required"",""limiter.limit('60 per minute;600 per hour')""]","[""current_user_resolution""]","[""global_session_or_valid_jwt_else_401"",""route_decorator:session_or_jwt""]",not_found_static_scan,not_found_static_scan,runtime:url_map;source:app/modules/forum/routes/api_components/interactions.py:139,community,pending,preserve path/method/status/envelope/auth/null/pagination
44fa232d0ed6,/api/forum/posts,POST,forum.forum_api.api_create_post,forum,app/modules/forum/routes/api_components/posts.py:108,app/modules/forum/routes/api_components/posts.py:108,blueprint_decorator,"[""auth_required"",""limiter.limit('20 per minute;200 per day')""]","[""current_user_resolution"",""forbidden_response_signal""]","[""global_write_csrf_for_POST:valid_jwt_or_xhr_required"",""global_session_or_valid_jwt_else_401"",""route_decorator:session_or_jwt""]",web,"{""web"":[""app/modules/forum/templates/forum/_scripts/_forum_comments.html:151:fetch_literal"",""app/modules/forum/templates/forum/_scripts/_forum_interactions.html:303:fetch_literal""]}",runtime:url_map;source:app/modules/forum/routes/api_components/posts.py:108,community,pending,preserve path/method/status/envelope/auth/null/pagination
3b5c3ea2a8b7,/api/forum/posts,GET,forum.forum_api.api_get_posts,forum,app/modules/forum/routes/api_components/posts.py:45,app/modules/forum/routes/api_components/posts.py:45,blueprint_decorator,"[""auth_required"",""limiter.limit('60 per minute;600 per hour')""]","[""current_user_resolution""]","[""global_session_or_valid_jwt_else_401"",""route_decorator:session_or_jwt""]",web,"{""web"":[""app/modules/forum/templates/forum/_scripts/_forum_comments.html:101:fetch_literal"",""app/modules/forum/templates/forum/_scripts/_forum_interactions.html:156:fetch_literal"",""app/modules/forum/templates/forum/_scripts/_forum_reader.html:304:fetch_literal""]}",runtime:url_map;source:app/modules/forum/routes/api_components/posts.py:45,community,pending,preserve path/method/status/envelope/auth/null/pagination
8ac102117c19,/api/forum/posts/<int:post_id>,DELETE,forum.forum_api.api_delete_post,forum,app/modules/forum/routes/api_components/posts.py:175,app/modules/forum/routes/api_components/posts.py:175,blueprint_decorator,"[""auth_required"",""limiter.limit('20 per minute;200 per day')""]","[""session_reference"",""current_user_resolution"",""forbidden_response_signal""]","[""global_write_csrf_for_DELETE:valid_jwt_or_xhr_required"",""global_session_or_valid_jwt_else_401"",""route_decorator:session_or_jwt""]",not_found_static_scan,not_found_static_scan,runtime:url_map;source:app/modules/forum/routes/api_components/posts.py:175,community,pending,preserve path/method/status/envelope/auth/null/pagination
8be5c00d803f,/api/forum/posts/<int:post_id>,GET,forum.forum_api.api_get_post,forum,app/modules/forum/routes/api_components/posts.py:69,app/modules/forum/routes/api_components/posts.py:69,blueprint_decorator,"[""auth_required"",""limiter.limit('120 per minute;1200 per hour')""]","[""session_reference"",""current_user_resolution""]","[""global_session_or_valid_jwt_else_401"",""route_decorator:session_or_jwt""]",not_found_static_scan,not_found_static_scan,runtime:url_map;source:app/modules/forum/routes/api_components/posts.py:69,community,pending,preserve path/method/status/envelope/auth/null/pagination
5900ad4f0f13,/api/forum/posts/<int:post_id>,PUT,forum.forum_api.api_update_post,forum,app/modules/forum/routes/api_components/posts.py:148,app/modules/forum/routes/api_components/posts.py:148,blueprint_decorator,"[""auth_required"",""limiter.limit('30 per minute;300 per day')""]","[""current_user_resolution"",""forbidden_response_signal""]","[""global_write_csrf_for_PUT:valid_jwt_or_xhr_required"",""global_session_or_valid_jwt_else_401"",""route_decorator:session_or_jwt""]",not_found_static_scan,not_found_static_scan,runtime:url_map;source:app/modules/forum/routes/api_components/posts.py:148,community,pending,preserve path/method/status/envelope/auth/null/pagination
ab086aed927f,/api/forum/posts/<int:post_id>/comments,POST,forum.forum_api.api_create_comment,forum,app/modules/forum/routes/api_components/comments.py:32,app/modules/forum/routes/api_components/comments.py:32,blueprint_decorator,"[""auth_required"",""limiter.limit('30 per minute;300 per day')""]","[""current_user_resolution"",""forbidden_response_signal""]","[""global_write_csrf_for_POST:valid_jwt_or_xhr_required"",""global_session_or_valid_jwt_else_401"",""route_decorator:session_or_jwt""]",not_found_static_scan,not_found_static_scan,runtime:url_map;source:app/modules/forum/routes/api_components/comments.py:32,community,pending,preserve path/method/status/envelope/auth/null/pagination
a1f597d58156,/api/forum/posts/<int:post_id>/comments,GET,forum.forum_api.api_get_comments,forum,app/modules/forum/routes/api_components/comments.py:11,app/modules/forum/routes/api_components/comments.py:11,blueprint_decorator,"[""auth_required"",""limiter.limit('120 per minute;1200 per hour')""]","[""current_user_resolution""]","[""global_session_or_valid_jwt_else_401"",""route_decorator:session_or_jwt""]",not_found_static_scan,not_found_static_scan,runtime:url_map;source:app/modules/forum/routes/api_components/comments.py:11,community,pending,preserve path/method/status/envelope/auth/null/pagination
bac9701249f5,/api/forum/posts/<int:post_id>/hidden,POST,forum.forum_api.api_set_post_hidden,forum,app/modules/forum/routes/api_components/posts.py:191,app/modules/forum/routes/api_components/posts.py:191,blueprint_decorator,"[""auth_required"",""limiter.limit('30 per minute;300 per day')""]","[""session_reference"",""current_user_resolution"",""forbidden_response_signal""]","[""global_write_csrf_for_POST:valid_jwt_or_xhr_required"",""global_session_or_valid_jwt_else_401"",""route_decorator:session_or_jwt""]",not_found_static_scan,not_found_static_scan,runtime:url_map;source:app/modules/forum/routes/api_components/posts.py:191,community,pending,preserve path/method/status/envelope/auth/null/pagination
e69f2d9f0c92,/api/forum/posts/<int:post_id>/poll,GET,forum.forum_api.api_get_poll,forum,app/modules/forum/routes/api_components/polls.py:11,app/modules/forum/routes/api_components/polls.py:11,blueprint_decorator,"[""auth_required"",""limiter.limit('60 per minute;600 per hour')""]","[""current_user_resolution""]","[""global_session_or_valid_jwt_else_401"",""route_decorator:session_or_jwt""]",web,"{""web"":[""app/modules/forum/templates/forum/_scripts/_forum_phase2.html:52:fetch_literal""]}",runtime:url_map;source:app/modules/forum/routes/api_components/polls.py:11,community,pending,preserve path/method/status/envelope/auth/null/pagination
0491ab0f63ee,/api/forum/posts/<int:post_id>/poll/vote,POST,forum.forum_api.api_cast_vote,forum,app/modules/forum/routes/api_components/polls.py:27,app/modules/forum/routes/api_components/polls.py:27,blueprint_decorator,"[""auth_required"",""limiter.limit('20 per minute;200 per day')""]","[""current_user_resolution""]","[""global_write_csrf_for_POST:valid_jwt_or_xhr_required"",""global_session_or_valid_jwt_else_401"",""route_decorator:session_or_jwt""]",web,"{""web"":[""app/modules/forum/templates/forum/_scripts/_forum_phase2.html:79:fetch_literal""]}",runtime:url_map;source:app/modules/forum/routes/api_components/polls.py:27,community,pending,preserve path/method/status/envelope/auth/null/pagination
d6e435fb90ca,/api/forum/posts/<int:post_id>/sidebar,GET,forum.forum_api.api_get_post_sidebar,forum,app/modules/forum/routes/api_components/posts.py:88,app/modules/forum/routes/api_components/posts.py:88,blueprint_decorator,"[""auth_required"",""limiter.limit('120 per minute;1200 per hour')""]","[""session_reference"",""current_user_resolution""]","[""global_session_or_valid_jwt_else_401"",""route_decorator:session_or_jwt""]",not_found_static_scan,not_found_static_scan,runtime:url_map;source:app/modules/forum/routes/api_components/posts.py:88,community,pending,preserve path/method/status/envelope/auth/null/pagination
31633df6a370,/api/forum/reactions,GET,forum.forum_api.api_get_reactions,forum,app/modules/forum/routes/api_components/reactions.py:10,app/modules/forum/routes/api_components/reactions.py:10,blueprint_decorator,"[""auth_required""]","[""current_user_resolution""]","[""global_session_or_valid_jwt_else_401"",""route_decorator:session_or_jwt""]",web,"{""web"":[""app/modules/forum/templates/forum/_scripts/_forum_phase2.html:9:fetch_literal""]}",runtime:url_map;source:app/modules/forum/routes/api_components/reactions.py:10,community,pending,preserve path/method/status/envelope/auth/null/pagination
b31a445cbfd2,/api/forum/reactions,POST,forum.forum_api.api_toggle_reaction,forum,app/modules/forum/routes/api_components/reactions.py:31,app/modules/forum/routes/api_components/reactions.py:31,blueprint_decorator,"[""auth_required""]","[""current_user_resolution""]","[""global_write_csrf_for_POST:valid_jwt_or_xhr_required"",""global_session_or_valid_jwt_else_401"",""route_decorator:session_or_jwt""]",web,"{""web"":[""app/modules/forum/templates/forum/_scripts/_forum_phase2.html:44:fetch_literal""]}",runtime:url_map;source:app/modules/forum/routes/api_components/reactions.py:31,community,pending,preserve path/method/status/envelope/auth/null/pagination
d66071cd4b7a,/api/forum/report,POST,forum.forum_api.api_create_report,forum,app/modules/forum/routes/api_components/reports.py:14,app/modules/forum/routes/api_components/reports.py:14,blueprint_decorator,"[""auth_required"",""limiter.limit('20 per minute;100 per day')""]","[""current_user_resolution""]","[""global_write_csrf_for_POST:valid_jwt_or_xhr_required"",""global_session_or_valid_jwt_else_401"",""route_decorator:session_or_jwt""]",web,"{""web"":[""app/modules/forum/templates/forum/_scripts/_forum_phase2.html:96:fetch_literal""]}",runtime:url_map;source:app/modules/forum/routes/api_components/reports.py:14,community,pending,preserve path/method/status/envelope/auth/null/pagination
b206bbe93fe3,/api/forum/unread,GET,forum.forum_api.api_get_unread_count,forum,app/modules/forum/routes/api_components/mentions.py:40,app/modules/forum/routes/api_components/mentions.py:40,blueprint_decorator,"[""auth_required""]","[""current_user_resolution""]","[""global_session_or_valid_jwt_else_401"",""route_decorator:session_or_jwt""]",web,"{""web"":[""app/modules/main/templates/main/shared/_app_sidebar.html:741:fetch_literal""]}",runtime:url_map;source:app/modules/forum/routes/api_components/mentions.py:40,community,pending,preserve path/method/status/envelope/auth/null/pagination
5e81b2d75e87,/api/forum/upload/image,POST,forum.forum_api.api_upload_image,forum,app/modules/forum/routes/api_components/uploads.py:21,app/modules/forum/routes/api_components/uploads.py:21,blueprint_decorator,"[""auth_required"",""limiter.limit('10 per minute;200 per day')""]","[""current_user_resolution""]","[""global_write_csrf_for_POST:valid_jwt_or_xhr_required"",""global_session_or_valid_jwt_else_401"",""route_decorator:session_or_jwt""]",not_found_static_scan,not_found_static_scan,runtime:url_map;source:app/modules/forum/routes/api_components/uploads.py:21,community,pending,preserve path/method/status/envelope/auth/null/pagination
f94c18a63888,/api/forum/users/search,GET,forum.forum_api.api_search_users,forum,app/modules/forum/routes/api_components/interactions.py:204,app/modules/forum/routes/api_components/interactions.py:204,blueprint_decorator,"[""auth_required"",""limiter.limit('60 per minute;600 per hour')""]","[""current_user_resolution""]","[""global_session_or_valid_jwt_else_401"",""route_decorator:session_or_jwt""]",web,"{""web"":[""app/modules/forum/templates/forum/_scripts/_forum_mention.html:107:fetch_literal"",""app/modules/forum/templates/forum/_scripts/_forum_phase2.html:132:fetch_literal""]}",runtime:url_map;source:app/modules/forum/routes/api_components/interactions.py:204,community,pending,preserve path/method/status/envelope/auth/null/pagination
c256dab89924,/api/grade_subjective,POST,api_grade_subjective,quiz_alias,app/modules/quiz/routes/api_components/core_grading.py:224,app/modules/quiz/__init__.py::add_url_rule,application_compatibility_alias,"[""auth_required"",""limiter.limit('30/minute')""]","[""current_user_resolution"",""forbidden_response_signal""]","[""global_write_csrf_for_POST:valid_jwt_or_xhr_required"",""global_session_or_valid_jwt_else_401"",""route_decorator:session_or_jwt""]",tests;web,"{""tests"":[""tests/test_user_bank_quiz_record.py:351:test_client_literal"",""tests/test_user_bank_quiz_record.py:461:test_client_literal""],""web"":[""app/modules/quiz/templates/quiz/partials/quiz/assets/js/_08_check_answer.html:154:fetch_literal""]}",runtime:url_map;source:app/modules/quiz/routes/api_components/core_grading.py:224,learning,pending,preserve path/method/status/envelope/auth/null/pagination
101b9be3dd7e,/api/jobs/<job_id>,GET,api_job_status,quiz_alias,app/modules/quiz/routes/api_components/ai_jobs.py:152,app/modules/quiz/__init__.py::add_url_rule,application_compatibility_alias,"[""auth_required""]","[""current_user_resolution"",""unauthorized_response_signal"",""forbidden_response_signal""]","[""global_session_or_valid_jwt_else_401"",""route_decorator:session_or_jwt""]",not_found_static_scan,not_found_static_scan,runtime:url_map;source:app/modules/quiz/routes/api_components/ai_jobs.py:152,intelligence,pending,preserve path/method/status/envelope/auth/null/pagination
02366fc520ac,/api/login,POST,auth.auth_api.api_login,auth,app/modules/auth/routes/api.py:68,app/modules/auth/routes/api.py:68,blueprint_decorator,"[""limiter.limit('5 per minute')""]","[""session_reference"",""forbidden_response_signal""]","[""global_anonymous_allow_exact"",""route_auth:none""]",tests;web,"{""tests"":[""tests/test_auth_login_methods_settings.py:151:test_client_literal"",""tests/test_smoke_auth.py:16:test_client_literal"",""tests/test_smoke_auth.py:22:test_client_literal"",""tests/test_smoke_auth.py:36:test_client_literal""],""web"":[""app/modules/auth/templates/auth/login.html:1415:fetch_literal""]}",runtime:url_map;source:app/modules/auth/routes/api.py:68,identity,pending,preserve path/method/status/envelope/auth/null/pagination
f4da2ca93c3e,/api/logout,POST,auth.auth_api.api_logout,auth,app/modules/auth/routes/api.py:130,app/modules/auth/routes/api.py:130,blueprint_decorator,[],"[""session_reference""]","[""global_write_csrf_for_POST:valid_jwt_or_xhr_required"",""global_session_or_valid_jwt_else_401"",""route_auth:none""]",web,"{""web"":[""app/modules/main/templates/main/profile/profile_display.html:556:fetch_literal"",""app/modules/main/templates/main/shared/_app_sidebar.html:1098:fetch_literal""]}",runtime:url_map;source:app/modules/auth/routes/api.py:130,identity,pending,preserve path/method/status/envelope/auth/null/pagination
e0dffe1a8210,/api/mini/email/login,POST,auth.auth_api.api_mini_email_login,auth,app/modules/auth/routes/api.py:1083,app/modules/auth/routes/api.py:1083,blueprint_decorator,"[""limiter.limit('60 per minute')""]","[""jwt_or_authorization_reference"",""forbidden_response_signal""]","[""global_anonymous_allow_exact"",""route_auth:none""]",miniprogram,"{""miniprogram"":[""miniprogram-1/miniprogram/utils/api-endpoints.ts:115:request""]}",runtime:url_map;source:app/modules/auth/routes/api.py:1083,identity,pending,preserve path/method/status/envelope/auth/null/pagination
ee3e6fa877a5,/api/mini/email/send-login-code,POST,auth.auth_api.api_mini_send_login_code,auth,app/modules/auth/routes/api.py:1065,app/modules/auth/routes/api.py:1065,blueprint_decorator,"[""limiter.limit('3 per minute;10 per hour')""]",[],"[""global_anonymous_allow_exact"",""route_auth:none""]",miniprogram,"{""miniprogram"":[""miniprogram-1/miniprogram/utils/api-endpoints.ts:112:request""]}",runtime:url_map;source:app/modules/auth/routes/api.py:1065,identity,pending,preserve path/method/status/envelope/auth/null/pagination
41574ea0ebdc,/api/mini/forgot-password/reset,POST,auth.auth_api.api_mini_reset_password,auth,app/modules/auth/routes/api.py:1153,app/modules/auth/routes/api.py:1153,blueprint_decorator,"[""limiter.limit('10 per minute')""]",[],"[""global_write_csrf_for_POST:valid_jwt_or_xhr_required"",""global_session_or_valid_jwt_else_401"",""route_auth:none""]",miniprogram,"{""miniprogram"":[""miniprogram-1/miniprogram/utils/api-endpoints.ts:134:request""]}",runtime:url_map;source:app/modules/auth/routes/api.py:1153,identity,pending,preserve path/method/status/envelope/auth/null/pagination; legacy defect: miniprogram sends neither JWT nor XHR; CSRF hook returns 403 first; login gate would then return 401; route comment claims anonymous use; correction requires ADR
49995eaae524,/api/mini/forgot-password/send-code,POST,auth.auth_api.api_mini_send_forgot_password_code,auth,app/modules/auth/routes/api.py:1123,app/modules/auth/routes/api.py:1123,blueprint_decorator,"[""limiter.limit('1 per minute;5 per hour')""]",[],"[""global_write_csrf_for_POST:valid_jwt_or_xhr_required"",""global_session_or_valid_jwt_else_401"",""route_auth:none""]",miniprogram,"{""miniprogram"":[""miniprogram-1/miniprogram/utils/api-endpoints.ts:130:request""]}",runtime:url_map;source:app/modules/auth/routes/api.py:1123,identity,pending,preserve path/method/status/envelope/auth/null/pagination; legacy defect: miniprogram sends neither JWT nor XHR; CSRF hook returns 403 first; login gate would then return 401; route comment claims anonymous use; correction requires ADR
7efb246a39a4,/api/mini/login,POST,auth.auth_api.api_mini_password_login,auth,app/modules/auth/routes/api.py:1023,app/modules/auth/routes/api.py:1023,blueprint_decorator,"[""limiter.limit('60 per minute')""]","[""jwt_or_authorization_reference"",""forbidden_response_signal""]","[""global_anonymous_allow_exact"",""route_auth:none""]",miniprogram;tests,"{""miniprogram"":[""miniprogram-1/miniprogram/utils/api-endpoints.ts:109:request""],""tests"":[""tests/test_auth_login_methods_settings.py:155:test_client_literal""]}",runtime:url_map;source:app/modules/auth/routes/api.py:1023,identity,pending,preserve path/method/status/envelope/auth/null/pagination
d2128c98ac65,/api/mini/wechat/bind,POST,auth.auth_api.api_mini_wechat_bind,auth,app/modules/auth/routes/api.py:1185,app/modules/auth/routes/api.py:1185,blueprint_decorator,"[""jwt_required"",""limiter.limit('60 per minute')""]","[""jwt_or_authorization_reference"",""unauthorized_response_signal"",""forbidden_response_signal""]","[""global_write_csrf_for_POST:valid_jwt_or_xhr_required"",""global_session_or_valid_jwt_else_401"",""route_decorator:jwt""]",miniprogram,"{""miniprogram"":[""miniprogram-1/miniprogram/utils/api-endpoints.ts:119:request""]}",runtime:url_map;source:app/modules/auth/routes/api.py:1185,identity,pending,preserve path/method/status/envelope/auth/null/pagination
041ffdb73d60,/api/notifications,GET,notifications.notifications_api.api_notifications_list,notifications,app/modules/notifications/routes/api.py:85,app/modules/notifications/routes/api.py:85,blueprint_decorator,"[""limiter.limit('60 per minute;600 per hour')""]","[""unauthorized_response_signal""]","[""global_anonymous_allow_notification_route_inline_policy"",""route_auth:none""]",miniprogram;tests;web,"{""miniprogram"":[""miniprogram-1/miniprogram/utils/api-endpoints.ts:424:request""],""tests"":[""tests/test_admin_notifications_page.py:106:test_client_literal"",""tests/test_admin_notifications_page.py:116:test_client_literal"",""tests/test_admin_notifications_page.py:119:test_client_literal""],""web"":[""app/modules/main/templates/main/shared/app_shell.html:1417:fetch_literal"",""app/modules/main/templates/main/shared/app_shell.html:1466:fetch_literal"",""static/js/notifications_v4.js:317:fetch_literal""]}",runtime:url_map;source:app/modules/notifications/routes/api.py:85,messaging,pending,preserve path/method/status/envelope/auth/null/pagination
d21e4b23554d,/api/notifications/<int:nid>,GET,notifications.notifications_api.api_notifications_detail,notifications,app/modules/notifications/routes/api.py:135,app/modules/notifications/routes/api.py:135,blueprint_decorator,"[""limiter.limit('60 per minute;600 per hour')"",""auth_required""]","[""current_user_resolution""]","[""global_anonymous_allow_notification_route_inline_policy"",""route_decorator:session_or_jwt""]",miniprogram,"{""miniprogram"":[""miniprogram-1/miniprogram/utils/api-endpoints.ts:439:request""]}",runtime:url_map;source:app/modules/notifications/routes/api.py:135,messaging,pending,preserve path/method/status/envelope/auth/null/pagination
89fdd1e94068,/api/notifications/<int:nid>/dismiss,POST,notifications.notifications_api.api_notifications_dismiss,notifications,app/modules/notifications/routes/api.py:200,app/modules/notifications/routes/api.py:200,blueprint_decorator,"[""limiter.limit('30 per minute;300 per hour')"",""auth_required""]","[""current_user_resolution""]","[""global_write_csrf_for_POST:valid_jwt_or_xhr_required"",""global_anonymous_allow_notification_route_inline_policy"",""route_decorator:session_or_jwt""]",miniprogram,"{""miniprogram"":[""miniprogram-1/miniprogram/utils/api-endpoints.ts:443:request""]}",runtime:url_map;source:app/modules/notifications/routes/api.py:200,messaging,pending,preserve path/method/status/envelope/auth/null/pagination
0a5cd8d97f7b,/api/notifications/<int:nid>/read,POST,notifications.notifications_api.api_notifications_mark_read,notifications,app/modules/notifications/routes/api.py:182,app/modules/notifications/routes/api.py:182,blueprint_decorator,"[""limiter.limit('30 per minute;300 per hour')"",""auth_required""]","[""current_user_resolution""]","[""global_write_csrf_for_POST:valid_jwt_or_xhr_required"",""global_anonymous_allow_notification_route_inline_policy"",""route_decorator:session_or_jwt""]",miniprogram;tests;web,"{""miniprogram"":[""miniprogram-1/miniprogram/utils/api-endpoints.ts:441:request""],""tests"":[""tests/test_admin_notifications_page.py:111:test_client_literal""],""web"":[""static/js/notifications_v4.js:359:fetch_literal"",""static/js/notifications_v4.js:401:fetch_literal""]}",runtime:url_map;source:app/modules/notifications/routes/api.py:182,messaging,pending,preserve path/method/status/envelope/auth/null/pagination
7b301cb48bb1,/api/notifications/unread_count,GET,notifications.notifications_api.api_notifications_unread_count,notifications,app/modules/notifications/routes/api.py:219,app/modules/notifications/routes/api.py:219,blueprint_decorator,"[""limiter.limit('60 per minute;600 per hour')"",""auth_required""]","[""current_user_resolution""]","[""global_anonymous_allow_notification_route_inline_policy"",""route_decorator:session_or_jwt""]",miniprogram;web,"{""miniprogram"":[""miniprogram-1/miniprogram/utils/api-endpoints.ts:445:request""],""web"":[""app/modules/main/templates/main/shared/app_shell.html:1408:fetch_literal""]}",runtime:url_map;source:app/modules/notifications/routes/api.py:219,messaging,pending,preserve path/method/status/envelope/auth/null/pagination
e6aaaa9032c0,/api/ping,GET,api_ping,application,app/__init__.py:981,app/__init__.py::_register_health_endpoints,application_decorator,"[""limiter.exempt""]",[],"[""global_anonymous_allow_fast_path"",""route_auth:none""]",miniprogram;tests,"{""miniprogram"":[""miniprogram-1/miniprogram/pages/dev-settings/dev-settings.ts:372:wx.request""],""tests"":[""tests/test_deploy_healthcheck.py:100:test_client_literal"",""tests/test_deploy_healthcheck.py:101:test_client_literal"",""tests/test_deploy_healthcheck.py:88:test_client_literal"",""tests/test_deploy_healthcheck.py:99:test_client_literal"",""tests/test_smoke_auth.py:77:test_client_literal"",""tests/test_smoke_health.py:16:test_client_literal"",""tests/test_smoke_health.py:30:test_client_literal""]}",runtime:url_map;source:app/__init__.py:981,operations,pending,preserve path/method/status/envelope/auth/null/pagination
b997257559e3,/api/profile,GET,user.user_api.api_profile,user,app/modules/user/routes/api.py:504,app/modules/user/routes/api.py:504,blueprint_decorator,"[""auth_required""]","[""current_user_resolution""]","[""global_session_or_valid_jwt_else_401"",""route_decorator:session_or_jwt""]",miniprogram;tests;web,"{""miniprogram"":[""miniprogram-1/miniprogram/utils/api-endpoints.ts:449:request""],""tests"":[""tests/test_user_state_cache_permissions.py:105:test_client_literal"",""tests/test_wechat_new_user_nickname.py:66:test_client_literal""],""web"":[""app/modules/main/templates/main/account/bindings.html:525:fetch_literal"",""app/modules/main/templates/main/account/profile.html:503:fetch_literal"",""app/modules/main/templates/main/account/security.html:172:fetch_literal"",""app/modules/main/templates/main/profile/profile.html:499:fetch_literal"",""app/modules/main/templates/main/profile/profile_display.html:539:fetch_literal"",""app/modules/main/templates/main/profile/user_profile.html:277:fetch_literal"",""app/modules/main/templates/main/shared/_app_sidebar.html:893:fetch_literal"",""app/modules/user/templates/user/profile.html:227:fetch_literal"",""app/modules/user/templates/user/user_profile.html:286:fetch_literal""]}",runtime:url_map;source:app/modules/user/routes/api.py:504,identity,pending,preserve path/method/status/envelope/auth/null/pagination
e7237412ee95,/api/profile/avatar,POST,user.user_api.upload_avatar,user,app/modules/user/routes/api.py:764,app/modules/user/routes/api.py:764,blueprint_decorator,"[""auth_required""]","[""current_user_resolution""]","[""global_write_csrf_for_POST:valid_jwt_or_xhr_required"",""global_session_or_valid_jwt_else_401"",""route_decorator:session_or_jwt""]",miniprogram;web,"{""miniprogram"":[""miniprogram-1/miniprogram/utils/api-endpoints.ts:569:wx.uploadFile""],""web"":[""app/modules/main/templates/main/account/profile.html:571:fetch_literal"",""app/modules/main/templates/main/hub/hub.html:2015:fetch_literal"",""app/modules/main/templates/main/profile/user_profile.html:374:fetch_literal"",""app/modules/user/templates/user/user_profile.html:388:fetch_literal""]}",runtime:url_map;source:app/modules/user/routes/api.py:764,identity,pending,preserve path/method/status/envelope/auth/null/pagination
1a3882cb5af2,/api/profile/check-username,POST,user.user_api.check_username,user,app/modules/user/routes/api.py:357,app/modules/user/routes/api.py:357,blueprint_decorator,"[""auth_required""]","[""current_user_resolution""]","[""global_write_csrf_for_POST:valid_jwt_or_xhr_required"",""global_session_or_valid_jwt_else_401"",""route_decorator:session_or_jwt""]",miniprogram,"{""miniprogram"":[""miniprogram-1/miniprogram/utils/api-endpoints.ts:474:request""]}",runtime:url_map;source:app/modules/user/routes/api.py:357,identity,pending,preserve path/method/status/envelope/auth/null/pagination
1914a36dd4ea,/api/profile/password,POST,user.user_api.change_password,user,app/modules/user/routes/api.py:598,app/modules/user/routes/api.py:598,blueprint_decorator,"[""auth_required""]","[""current_user_resolution""]","[""global_write_csrf_for_POST:valid_jwt_or_xhr_required"",""global_session_or_valid_jwt_else_401"",""route_decorator:session_or_jwt""]",miniprogram;web,"{""miniprogram"":[""miniprogram-1/miniprogram/utils/api-endpoints.ts:477:request""],""web"":[""app/modules/main/templates/main/account/security.html:199:fetch_literal"",""app/modules/main/templates/main/hub/hub.html:2094:fetch_literal"",""app/modules/main/templates/main/profile/profile.html:795:fetch_literal"",""app/modules/user/templates/user/profile.html:397:fetch_literal""]}",runtime:url_map;source:app/modules/user/routes/api.py:598,identity,pending,preserve path/method/status/envelope/auth/null/pagination
af0af7320dd3,/api/profile/privacy,POST,user.user_api.api_update_privacy,user,app/modules/user/routes/api.py:1333,app/modules/user/routes/api.py:1333,blueprint_decorator,"[""auth_required""]","[""current_user_resolution""]","[""global_write_csrf_for_POST:valid_jwt_or_xhr_required"",""global_session_or_valid_jwt_else_401"",""route_decorator:session_or_jwt""]",not_found_static_scan,not_found_static_scan,runtime:url_map;source:app/modules/user/routes/api.py:1333,identity,pending,preserve path/method/status/envelope/auth/null/pagination
193b779df9e4,/api/profile/update,POST,user.user_api.update_profile,user,app/modules/user/routes/api.py:386,app/modules/user/routes/api.py:386,blueprint_decorator,"[""auth_required""]","[""session_reference"",""current_user_resolution""]","[""global_write_csrf_for_POST:valid_jwt_or_xhr_required"",""global_session_or_valid_jwt_else_401"",""route_decorator:session_or_jwt""]",miniprogram;web,"{""miniprogram"":[""miniprogram-1/miniprogram/utils/api-endpoints.ts:471:request""],""web"":[""app/modules/main/templates/main/account/profile.html:544:fetch_literal"",""app/modules/main/templates/main/hub/hub.html:1990:fetch_literal"",""app/modules/main/templates/main/profile/user_profile.html:351:fetch_literal"",""app/modules/user/templates/user/user_profile.html:365:fetch_literal""]}",runtime:url_map;source:app/modules/user/routes/api.py:386,identity,pending,preserve path/method/status/envelope/auth/null/pagination
7f23a2deabf0,/api/progress,"DELETE,GET,POST",api_progress,quiz_alias,app/modules/quiz/routes/api_components/progress_tags_notifications.py:24,app/modules/quiz/__init__.py::add_url_rule,application_compatibility_alias,"[""auth_required"",""limiter.limit('30/minute')""]","[""current_user_resolution"",""unauthorized_response_signal""]","[""global_write_csrf_for_DELETE+POST:valid_jwt_or_xhr_required"",""global_session_or_valid_jwt_else_401"",""route_decorator:session_or_jwt""]",miniprogram;web,"{""miniprogram"":[""miniprogram-1/miniprogram/utils/api-endpoints.ts:351:request"",""miniprogram-1/miniprogram/utils/api-endpoints.ts:354:request"",""miniprogram-1/miniprogram/utils/api-endpoints.ts:357:request""],""web"":[""app/modules/main/templates/main/hub/hub.html:1719:fetch_literal"",""app/modules/main/templates/main/quiz/quiz_settings.html:856:fetch_literal"",""app/modules/main/templates/main/quiz/quiz_settings.html:868:fetch_literal"",""app/modules/main/templates/main/settings/hotkeys.html:255:fetch_literal"",""app/modules/main/templates/main/settings/hotkeys.html:265:fetch_literal"",""app/modules/main/templates/main/settings/practice.html:395:fetch_literal"",""app/modules/main/templates/main/settings/practice.html:405:fetch_literal"",""app/modules/main/templates/main/settings/theme.html:252:fetch_literal"",""app/modules/main/templates/main/settings/theme.html:262:fetch_literal"",""app/modules/main/templates/main/shared/app_shell.html:1266:fetch_literal"",""app/modules/main/templates/main/subject/subject_detail/body_end/_01_core.html:772:fetch_literal"",""app/modules/quiz/templates/quiz/partials/quiz/assets/js/_00_bootstrap.html:314:fetch_literal"",""app/modules/quiz/templates/quiz/partials/quiz/assets/js/_06_init_progress.html:89:fetch_literal"",""app/modules/quiz/templates/quiz/partials/quiz/assets/js/_08_check_answer.html:1027:fetch_literal"",""app/modules/quiz/templates/quiz/partials/quiz/assets/js/_08_check_answer.html:1042:fetch_literal"",""app/modules/quiz/templates/quiz/partials/quiz/assets/js/_08_check_answer.html:839:fetch_literal"",""app/modules/user_bank/templates/user_bank/bank/bank_practice/body_end/_01_core.html:769:fetch_literal""]}",runtime:url_map;source:app/modules/quiz/routes/api_components/progress_tags_notifications.py:24,learning,pending,preserve path/method/status/envelope/auth/null/pagination
14642ebe7c1d,/api/public/banks,GET,public_bank.get_public_banks,user_bank,app/modules/user_bank/routes/public.py:110,app/modules/user_bank/routes/public.py:110,blueprint_decorator,[],[],"[""global_anonymous_allow_exact"",""route_auth:none""]",miniprogram;tests,"{""miniprogram"":[""miniprogram-1/miniprogram/utils/api-endpoints.ts:154:request""],""tests"":[""tests/test_public_bank_plaza_sync.py:252:test_client_literal"",""tests/test_public_bank_plaza_sync.py:315:test_client_literal"",""tests/test_smoke_api.py:50:test_client_literal""]}",runtime:url_map;source:app/modules/user_bank/routes/public.py:110,catalog,pending,preserve path/method/status/envelope/auth/null/pagination
37cd782b28dc,/api/public/banks/<int:bank_id>,GET,public_bank.get_public_bank_detail_route,user_bank,app/modules/user_bank/routes/public.py:124,app/modules/user_bank/routes/public.py:124,blueprint_decorator,[],[],"[""global_anonymous_allow_public_bank_prefix"",""route_auth:none""]",not_found_static_scan,not_found_static_scan,runtime:url_map;source:app/modules/user_bank/routes/public.py:124,catalog,pending,preserve path/method/status/envelope/auth/null/pagination
36e6f4ce409d,/api/public/banks/<int:bank_id>/join,POST,public_bank.join_public_bank,user_bank,app/modules/user_bank/routes/public.py:162,app/modules/user_bank/routes/public.py:162,blueprint_decorator,"[""auth_required""]","[""current_user_resolution""]","[""global_write_csrf_for_POST:valid_jwt_or_xhr_required"",""global_anonymous_allow_public_bank_prefix"",""route_decorator:session_or_jwt""]",not_found_static_scan,not_found_static_scan,runtime:url_map;source:app/modules/user_bank/routes/public.py:162,personalbank,pending,preserve path/method/status/envelope/auth/null/pagination
874a82c00060,/api/public/banks/<source_type>/<int:bank_id>/join,"DELETE,POST",public_bank.join_or_leave_public_bank,user_bank,app/modules/user_bank/routes/public.py:148,app/modules/user_bank/routes/public.py:148,blueprint_decorator,"[""auth_required""]","[""current_user_resolution""]","[""global_write_csrf_for_DELETE+POST:valid_jwt_or_xhr_required"",""global_anonymous_allow_public_bank_prefix"",""route_decorator:session_or_jwt""]",miniprogram;tests,"{""miniprogram"":[""miniprogram-1/miniprogram/utils/api-endpoints.ts:219:request"",""miniprogram-1/miniprogram/utils/api-endpoints.ts:226:request""],""tests"":[""tests/test_public_bank_plaza_sync.py:332:test_client_literal""]}",runtime:url_map;source:app/modules/user_bank/routes/public.py:148,personalbank,pending,preserve path/method/status/envelope/auth/null/pagination
db1ac691d6fb,/api/public/banks/boards,GET,public_bank.public_bank_boards,user_bank,app/modules/user_bank/routes/public.py:68,app/modules/user_bank/routes/public.py:68,blueprint_decorator,[],[],"[""global_anonymous_allow_public_bank_prefix"",""route_auth:none""]",not_found_static_scan,not_found_static_scan,runtime:url_map;source:app/modules/user_bank/routes/public.py:68,catalog,pending,preserve path/method/status/envelope/auth/null/pagination
8cfb837021af,/api/public/banks/card/<source_type>/<int:bank_id>,GET,public_bank.get_public_bank_card_detail,user_bank,app/modules/user_bank/routes/public.py:136,app/modules/user_bank/routes/public.py:136,blueprint_decorator,[],[],"[""global_anonymous_allow_public_bank_prefix"",""route_auth:none""]",miniprogram;tests,"{""miniprogram"":[""miniprogram-1/miniprogram/utils/api-endpoints.ts:186:request""],""tests"":[""tests/test_public_bank_plaza_sync.py:324:test_client_literal"",""tests/test_public_bank_plaza_sync.py:339:test_client_literal""]}",runtime:url_map;source:app/modules/user_bank/routes/public.py:136,catalog,pending,preserve path/method/status/envelope/auth/null/pagination
a473896ff467,/api/public/banks/hot,GET,public_bank.public_bank_hot,user_bank,app/modules/user_bank/routes/public.py:74,app/modules/user_bank/routes/public.py:74,blueprint_decorator,[],[],"[""global_anonymous_allow_public_bank_prefix"",""route_auth:none""]",not_found_static_scan,not_found_static_scan,runtime:url_map;source:app/modules/user_bank/routes/public.py:74,catalog,pending,preserve path/method/status/envelope/auth/null/pagination
b25e59c46675,/api/public/banks/joined,GET,public_bank.public_bank_joined_list,user_bank,app/modules/user_bank/routes/public.py:97,app/modules/user_bank/routes/public.py:97,blueprint_decorator,"[""auth_required""]","[""current_user_resolution""]","[""global_anonymous_allow_public_bank_prefix"",""route_decorator:session_or_jwt""]",web,"{""web"":[""static/js/public_bank_joined.js:40:fetch_literal""]}",runtime:url_map;source:app/modules/user_bank/routes/public.py:97,personalbank,pending,preserve path/method/status/envelope/auth/null/pagination
b7e49e77a026,/api/public/banks/list,GET,public_bank.public_bank_list,user_bank,app/modules/user_bank/routes/public.py:84,app/modules/user_bank/routes/public.py:84,blueprint_decorator,[],[],"[""global_anonymous_allow_public_bank_prefix"",""route_auth:none""]",tests,"{""tests"":[""tests/test_public_bank_plaza_sync.py:153:test_client_literal"",""tests/test_public_bank_plaza_sync.py:246:test_client_literal"",""tests/test_public_bank_plaza_sync.py:59:test_client_literal"",""tests/test_public_bank_plaza_sync.py:77:test_client_literal""]}",runtime:url_map;source:app/modules/user_bank/routes/public.py:84,catalog,pending,preserve path/method/status/envelope/auth/null/pagination
f3644c1474f3,/api/public/banks/summary,GET,public_bank.public_bank_summary,user_bank,app/modules/user_bank/routes/public.py:59,app/modules/user_bank/routes/public.py:59,blueprint_decorator,[],[],"[""global_anonymous_allow_public_bank_prefix"",""route_auth:none""]",not_found_static_scan,not_found_static_scan,runtime:url_map;source:app/modules/user_bank/routes/public.py:59,catalog,pending,preserve path/method/status/envelope/auth/null/pagination
c618fb5f9f97,/api/questions/count,GET,api_questions_count,quiz_alias,app/modules/quiz/routes/api_components/core_counts.py:34,app/modules/quiz/__init__.py::add_url_rule,application_compatibility_alias,"[""limiter.limit('60 per minute;600 per hour')""]","[""current_user_resolution"",""forbidden_response_signal""]","[""global_anonymous_allow_except_mode_favorites_or_mistakes_returns_401"",""route_auth:none""]",tests;web,"{""tests"":[""tests/test_smoke_api.py:24:test_client_literal""],""web"":[""app/modules/main/templates/main/favorites/favorites_detail.html:317:fetch_literal"",""app/modules/main/templates/main/mistakes/mistakes_detail.html:319:fetch_literal"",""app/modules/main/templates/main/subject/subject_detail/body_end/_01_core.html:732:fetch_literal"",""app/modules/main/templates/main/subject/subject_detail/body_end/_07_export.html:67:fetch_literal""]}",runtime:url_map;source:app/modules/quiz/routes/api_components/core_counts.py:34,catalog,pending,preserve path/method/status/envelope/auth/null/pagination
20f46b0b55fd,/api/questions/user_counts,GET,api_questions_user_counts,quiz_alias,app/modules/quiz/routes/api_components/core_counts.py:158,app/modules/quiz/__init__.py::add_url_rule,application_compatibility_alias,"[""limiter.limit('60 per minute;600 per hour')""]","[""current_user_resolution""]","[""global_anonymous_allow_returns_zero_counts"",""route_auth:none""]",not_found_static_scan,not_found_static_scan,runtime:url_map;source:app/modules/quiz/routes/api_components/core_counts.py:158,learning,pending,preserve path/method/status/envelope/auth/null/pagination
9eb23cfb85da,/api/quiz/ai/explain,POST,quiz_api.api_ai_explain,quiz,app/modules/quiz/routes/api_components/ai_coding.py:29,app/modules/quiz/routes/api_components/ai_coding.py:29,blueprint_decorator,"[""auth_required"",""limiter.limit('3 per minute;30 per hour', key_func=_ai_explain_rate_key)""]","[""current_user_resolution""]","[""global_write_csrf_for_POST:valid_jwt_or_xhr_required"",""global_session_or_valid_jwt_else_401"",""route_decorator:session_or_jwt""]",miniprogram,"{""miniprogram"":[""miniprogram-1/miniprogram/utils/api-endpoints.ts:283:request""]}",runtime:url_map;source:app/modules/quiz/routes/api_components/ai_coding.py:29,intelligence,pending,preserve path/method/status/envelope/auth/null/pagination
c938291a63e9,/api/quiz/ai/explain_async,POST,quiz_api.api_ai_explain_async,quiz,app/modules/quiz/routes/api_components/ai_jobs.py:55,app/modules/quiz/routes/api_components/ai_jobs.py:55,blueprint_decorator,"[""auth_required"",""limiter.limit('30 per minute', key_func=_rate_key)""]","[""current_user_resolution"",""unauthorized_response_signal""]","[""global_write_csrf_for_POST:valid_jwt_or_xhr_required"",""global_session_or_valid_jwt_else_401"",""route_decorator:session_or_jwt""]",not_found_static_scan,not_found_static_scan,runtime:url_map;source:app/modules/quiz/routes/api_components/ai_jobs.py:55,intelligence,pending,preserve path/method/status/envelope/auth/null/pagination
cf1f7288fae5,/api/quiz/coding/execute,POST,quiz_api.api_coding_execute,quiz,app/modules/quiz/routes/api_components/ai_coding.py:117,app/modules/quiz/routes/api_components/ai_coding.py:117,blueprint_decorator,"[""limiter.limit('10 per minute')""]","[""session_reference"",""unauthorized_response_signal""]","[""global_write_csrf_for_POST:valid_jwt_or_xhr_required"",""global_session_or_valid_jwt_else_401"",""route_auth:none""]",not_found_static_scan,not_found_static_scan,runtime:url_map;source:app/modules/quiz/routes/api_components/ai_coding.py:117,coding,pending,preserve path/method/status/envelope/auth/null/pagination
b52d3008d4d1,/api/quiz/favorite,POST,quiz_api.toggle_favorite,quiz,app/modules/quiz/routes/api_components/core.py:43,app/modules/quiz/routes/api_components/core.py:43,blueprint_decorator,"[""auth_required"",""limiter.limit('30/minute')""]","[""current_user_resolution"",""forbidden_response_signal""]","[""global_write_csrf_for_POST:valid_jwt_or_xhr_required"",""global_session_or_valid_jwt_else_401"",""route_decorator:session_or_jwt""]",miniprogram,"{""miniprogram"":[""miniprogram-1/miniprogram/utils/api-endpoints.ts:279:request""]}",runtime:url_map;source:app/modules/quiz/routes/api_components/core.py:43,learning,pending,preserve path/method/status/envelope/auth/null/pagination
7de6db064715,/api/quiz/grade_subjective,POST,quiz_api.api_grade_subjective,quiz,app/modules/quiz/routes/api_components/core_grading.py:224,app/modules/quiz/routes/api_components/core_grading.py:224,blueprint_decorator,"[""auth_required"",""limiter.limit('30/minute')""]","[""current_user_resolution"",""forbidden_response_signal""]","[""global_write_csrf_for_POST:valid_jwt_or_xhr_required"",""global_session_or_valid_jwt_else_401"",""route_decorator:session_or_jwt""]",miniprogram;tests,"{""miniprogram"":[""miniprogram-1/miniprogram/utils/api-endpoints.ts:275:request""],""tests"":[""tests/test_user_bank_quiz_record.py:407:test_client_literal"",""tests/test_user_bank_quiz_record.py:528:test_client_literal""]}",runtime:url_map;source:app/modules/quiz/routes/api_components/core_grading.py:224,learning,pending,preserve path/method/status/envelope/auth/null/pagination
2e2664962668,/api/quiz/history,GET,quiz_api.api_history_stats,quiz,app/modules/quiz/routes/api_components/core_history.py:37,app/modules/quiz/routes/api_components/core_history.py:37,blueprint_decorator,"[""auth_required"",""limiter.limit('20 per minute;200 per hour')""]","[""current_user_resolution"",""unauthorized_response_signal""]","[""global_session_or_valid_jwt_else_401"",""route_decorator:session_or_jwt""]",miniprogram,"{""miniprogram"":[""miniprogram-1/miniprogram/utils/api-endpoints.ts:334:request""]}",runtime:url_map;source:app/modules/quiz/routes/api_components/core_history.py:37,learning,pending,preserve path/method/status/envelope/auth/null/pagination
5a0a0fd6f3a0,/api/quiz/jobs/<job_id>,GET,quiz_api.api_job_status,quiz,app/modules/quiz/routes/api_components/ai_jobs.py:152,app/modules/quiz/routes/api_components/ai_jobs.py:152,blueprint_decorator,"[""auth_required""]","[""current_user_resolution"",""unauthorized_response_signal"",""forbidden_response_signal""]","[""global_session_or_valid_jwt_else_401"",""route_decorator:session_or_jwt""]",not_found_static_scan,not_found_static_scan,runtime:url_map;source:app/modules/quiz/routes/api_components/ai_jobs.py:152,intelligence,pending,preserve path/method/status/envelope/auth/null/pagination
c95017baf00b,/api/quiz/notifications_legacy,GET,quiz_api.get_notifications_legacy,quiz,app/modules/quiz/routes/api_components/progress_tags_notifications.py:264,app/modules/quiz/routes/api_components/progress_tags_notifications.py:264,blueprint_decorator,"[""auth_required"",""limiter.limit('60/minute')""]","[""current_user_resolution""]","[""global_session_or_valid_jwt_else_401"",""route_decorator:session_or_jwt""]",not_found_static_scan,not_found_static_scan,runtime:url_map;source:app/modules/quiz/routes/api_components/progress_tags_notifications.py:264,messaging,pending,preserve path/method/status/envelope/auth/null/pagination
9ea34cd458d2,/api/quiz/notifications_legacy/<int:nid>/dismiss,POST,quiz_api.dismiss_notification_legacy,quiz,app/modules/quiz/routes/api_components/progress_tags_notifications.py:305,app/modules/quiz/routes/api_components/progress_tags_notifications.py:305,blueprint_decorator,"[""auth_required"",""limiter.limit('30/minute')""]","[""current_user_resolution""]","[""global_write_csrf_for_POST:valid_jwt_or_xhr_required"",""global_session_or_valid_jwt_else_401"",""route_decorator:session_or_jwt""]",not_found_static_scan,not_found_static_scan,runtime:url_map;source:app/modules/quiz/routes/api_components/progress_tags_notifications.py:305,messaging,pending,preserve path/method/status/envelope/auth/null/pagination
1e59f49d87aa,/api/quiz/progress,"DELETE,GET,POST",quiz_api.progress_api,quiz,app/modules/quiz/routes/api_components/progress_tags_notifications.py:24,app/modules/quiz/routes/api_components/progress_tags_notifications.py:24,blueprint_decorator,"[""auth_required"",""limiter.limit('30/minute')""]","[""current_user_resolution"",""unauthorized_response_signal""]","[""global_write_csrf_for_DELETE+POST:valid_jwt_or_xhr_required"",""global_session_or_valid_jwt_else_401"",""route_decorator:session_or_jwt""]",not_found_static_scan,not_found_static_scan,runtime:url_map;source:app/modules/quiz/routes/api_components/progress_tags_notifications.py:24,learning,pending,preserve path/method/status/envelope/auth/null/pagination
bacda2bed9be,/api/quiz/questions,GET,quiz_api.api_get_questions,quiz,app/modules/quiz/routes/api_components/questions_study.py:70,app/modules/quiz/routes/api_components/questions_study.py:70,blueprint_decorator,"[""jwt_required""]","[""jwt_or_authorization_reference""]","[""global_session_or_valid_jwt_else_401"",""route_decorator:jwt""]",miniprogram;tests,"{""miniprogram"":[""miniprogram-1/miniprogram/utils/api-endpoints.ts:244:request""],""tests"":[""tests/test_user_bank_quiz_record.py:287:test_client_literal""]}",runtime:url_map;source:app/modules/quiz/routes/api_components/questions_study.py:70,learning,pending,preserve path/method/status/envelope/auth/null/pagination
5272d44a3138,/api/quiz/questions/<int:question_id>,GET,quiz_api.api_get_question_detail,quiz,app/modules/quiz/routes/api_components/questions_study.py:258,app/modules/quiz/routes/api_components/questions_study.py:258,blueprint_decorator,"[""auth_required""]","[""forbidden_response_signal""]","[""global_session_or_valid_jwt_else_401"",""route_decorator:session_or_jwt""]",miniprogram;web,"{""miniprogram"":[""miniprogram-1/miniprogram/utils/api-endpoints.ts:247:request""],""web"":[""app/modules/main/templates/main/subject/subject_detail/body_end/_03_search.html:230:fetch_literal"",""app/modules/main/templates/main/subject/subject_detail/body_end/_06_reinforce.html:109:fetch_literal"",""app/modules/main/templates/main/subject/subject_detail/body_end/_06_reinforce.html:168:fetch_literal"",""app/modules/main/templates/main/subject/subject_detail/body_end/_06_reinforce.html:180:fetch_literal""]}",runtime:url_map;source:app/modules/quiz/routes/api_components/questions_study.py:258,learning,pending,preserve path/method/status/envelope/auth/null/pagination
624b5ac217d0,/api/quiz/questions/<int:question_id>,PUT,quiz_api.api_update_question,quiz,app/modules/quiz/routes/api_components/questions_study.py:375,app/modules/quiz/routes/api_components/questions_study.py:375,blueprint_decorator,"[""auth_required"",""limiter.limit('10/minute')""]","[""current_user_resolution"",""unauthorized_response_signal"",""forbidden_response_signal""]","[""global_write_csrf_for_PUT:valid_jwt_or_xhr_required"",""global_session_or_valid_jwt_else_401"",""route_decorator:session_or_jwt""]",miniprogram,"{""miniprogram"":[""miniprogram-1/miniprogram/utils/api-endpoints.ts:833:request""]}",runtime:url_map;source:app/modules/quiz/routes/api_components/questions_study.py:375,learning,pending,preserve path/method/status/envelope/auth/null/pagination
abe53704e095,/api/quiz/questions/<int:question_id>/tags,"GET,POST",quiz_api.question_tags_api,quiz,app/modules/quiz/routes/api_components/progress_tags_notifications.py:206,app/modules/quiz/routes/api_components/progress_tags_notifications.py:206,blueprint_decorator,"[""auth_required"",""limiter.limit('20/minute')""]","[""current_user_resolution"",""unauthorized_response_signal"",""forbidden_response_signal""]","[""global_write_csrf_for_POST:valid_jwt_or_xhr_required"",""global_session_or_valid_jwt_else_401"",""route_decorator:session_or_jwt""]",miniprogram,"{""miniprogram"":[""miniprogram-1/miniprogram/utils/api-endpoints.ts:821:request"",""miniprogram-1/miniprogram/utils/api-endpoints.ts:825:request""]}",runtime:url_map;source:app/modules/quiz/routes/api_components/progress_tags_notifications.py:206,learning,pending,preserve path/method/status/envelope/auth/null/pagination
bb21e7730d04,/api/quiz/questions/count,GET,quiz_api.api_questions_count,quiz,app/modules/quiz/routes/api_components/core_counts.py:34,app/modules/quiz/routes/api_components/core_counts.py:34,blueprint_decorator,"[""limiter.limit('60 per minute;600 per hour')""]","[""current_user_resolution"",""forbidden_response_signal""]","[""global_session_or_valid_jwt_else_401"",""route_auth:none""]",miniprogram,"{""miniprogram"":[""miniprogram-1/miniprogram/utils/api-endpoints.ts:323:request""]}",runtime:url_map;source:app/modules/quiz/routes/api_components/core_counts.py:34,catalog,pending,preserve path/method/status/envelope/auth/null/pagination
cdbecd968cba,/api/quiz/questions/user_counts,GET,quiz_api.api_user_counts,quiz,app/modules/quiz/routes/api_components/core_counts.py:158,app/modules/quiz/routes/api_components/core_counts.py:158,blueprint_decorator,"[""limiter.limit('60 per minute;600 per hour')""]","[""current_user_resolution""]","[""global_session_or_valid_jwt_else_401"",""route_auth:none""]",miniprogram,"{""miniprogram"":[""miniprogram-1/miniprogram/utils/api-endpoints.ts:330:request""]}",runtime:url_map;source:app/modules/quiz/routes/api_components/core_counts.py:158,learning,pending,preserve path/method/status/envelope/auth/null/pagination
67dccafb3ea4,/api/quiz/record_result,POST,quiz_api.record_result,quiz,app/modules/quiz/routes/api_components/core.py:85,app/modules/quiz/routes/api_components/core.py:85,blueprint_decorator,"[""auth_required"",""limiter.limit('60/minute')""]","[""current_user_resolution"",""forbidden_response_signal""]","[""global_write_csrf_for_POST:valid_jwt_or_xhr_required"",""global_session_or_valid_jwt_else_401"",""route_decorator:session_or_jwt""]",miniprogram,"{""miniprogram"":[""miniprogram-1/miniprogram/utils/api-endpoints.ts:263:request""]}",runtime:url_map;source:app/modules/quiz/routes/api_components/core.py:85,learning,pending,preserve path/method/status/envelope/auth/null/pagination
9c473c8cfb67,/api/quiz/reinforce,GET,quiz_api.api_reinforce,quiz,app/modules/quiz/routes/api_components/core_reinforce.py:176,app/modules/quiz/routes/api_components/core_reinforce.py:176,blueprint_decorator,"[""auth_required"",""limiter.limit('20/minute')""]","[""current_user_resolution""]","[""global_session_or_valid_jwt_else_401"",""route_decorator:session_or_jwt""]",miniprogram;web,"{""miniprogram"":[""miniprogram-1/miniprogram/utils/api-endpoints.ts:372:request""],""web"":[""app/modules/main/templates/main/subject/subject_detail/body_end/_06_reinforce.html:472:fetch_literal"",""app/modules/user_bank/templates/user_bank/bank/bank_practice/body_end/_05_reinforce.html:232:fetch_literal""]}",runtime:url_map;source:app/modules/quiz/routes/api_components/core_reinforce.py:176,learning,pending,preserve path/method/status/envelope/auth/null/pagination
bf3236e06b84,/api/quiz/search,GET,quiz_api.api_search_questions,quiz,app/modules/quiz/routes/api_components/search.py:30,app/modules/quiz/routes/api_components/search.py:30,blueprint_decorator,"[""auth_required"",""limiter.limit('30 per minute;300 per hour')""]","[""current_user_resolution""]","[""global_session_or_valid_jwt_else_401"",""route_decorator:session_or_jwt""]",miniprogram;web,"{""miniprogram"":[""miniprogram-1/miniprogram/utils/api-endpoints.ts:259:request""],""web"":[""app/modules/main/templates/main/subject/subject_detail/body_end/_03_search.html:113:fetch_literal""]}",runtime:url_map;source:app/modules/quiz/routes/api_components/search.py:30,learning,pending,preserve path/method/status/envelope/auth/null/pagination
bf3cb0c4f9ab,/api/quiz/study/learn/record,POST,quiz_api.study_learn_record,quiz,app/modules/quiz/routes/api_components/questions_study.py:561,app/modules/quiz/routes/api_components/questions_study.py:561,blueprint_decorator,"[""auth_required"",""limiter.limit('60/minute')""]","[""current_user_resolution"",""forbidden_response_signal""]","[""global_write_csrf_for_POST:valid_jwt_or_xhr_required"",""global_session_or_valid_jwt_else_401"",""route_decorator:session_or_jwt""]",web,"{""web"":[""app/modules/quiz/templates/quiz/partials/quiz/assets/js/_07_render_show_question.html:788:fetch_literal""]}",runtime:url_map;source:app/modules/quiz/routes/api_components/questions_study.py:561,learning,pending,preserve path/method/status/envelope/auth/null/pagination
278e1eac5eb4,/api/quiz/study/review/master,POST,quiz_api.study_review_master,quiz,app/modules/quiz/routes/api_components/questions_study.py:778,app/modules/quiz/routes/api_components/questions_study.py:778,blueprint_decorator,"[""auth_required"",""limiter.limit('30/minute')""]","[""current_user_resolution"",""forbidden_response_signal""]","[""global_write_csrf_for_POST:valid_jwt_or_xhr_required"",""global_session_or_valid_jwt_else_401"",""route_decorator:session_or_jwt""]",web,"{""web"":[""app/modules/quiz/templates/quiz/partials/quiz/assets/js/_07_render_show_question.html:835:fetch_literal""]}",runtime:url_map;source:app/modules/quiz/routes/api_components/questions_study.py:778,learning,pending,preserve path/method/status/envelope/auth/null/pagination
c797832c43db,/api/quiz/study/review/record,POST,quiz_api.study_review_record,quiz,app/modules/quiz/routes/api_components/questions_study.py:708,app/modules/quiz/routes/api_components/questions_study.py:708,blueprint_decorator,"[""auth_required"",""limiter.limit('60/minute')""]","[""current_user_resolution"",""forbidden_response_signal""]","[""global_write_csrf_for_POST:valid_jwt_or_xhr_required"",""global_session_or_valid_jwt_else_401"",""route_decorator:session_or_jwt""]",web,"{""web"":[""app/modules/quiz/templates/quiz/partials/quiz/assets/js/_07_render_show_question.html:807:fetch_literal""]}",runtime:url_map;source:app/modules/quiz/routes/api_components/questions_study.py:708,learning,pending,preserve path/method/status/envelope/auth/null/pagination
52585295556c,/api/quiz/study/review/summary,GET,quiz_api.study_review_summary,quiz,app/modules/quiz/routes/api_components/questions_study.py:681,app/modules/quiz/routes/api_components/questions_study.py:681,blueprint_decorator,"[""auth_required"",""limiter.limit('30 per minute;300 per hour')""]","[""current_user_resolution"",""forbidden_response_signal""]","[""global_session_or_valid_jwt_else_401"",""route_decorator:session_or_jwt""]",not_found_static_scan,not_found_static_scan,runtime:url_map;source:app/modules/quiz/routes/api_components/questions_study.py:681,learning,pending,preserve path/method/status/envelope/auth/null/pagination
d3cd12aaca90,/api/quiz/subjects,GET,quiz_api.api_subjects,quiz,app/modules/quiz/routes/api_components/subjects.py:33,app/modules/quiz/routes/api_components/subjects.py:33,blueprint_decorator,"[""auth_required"",""limiter.limit('60 per minute;600 per hour')""]","[""current_user_resolution"",""forbidden_response_signal""]","[""global_session_or_valid_jwt_else_401"",""route_decorator:session_or_jwt""]",miniprogram;tests,"{""miniprogram"":[""miniprogram-1/miniprogram/utils/api-endpoints.ts:137:request""],""tests"":[""tests/test_smoke_api.py:16:test_client_literal"",""tests/test_smoke_auth.py:87:test_client_literal""]}",runtime:url_map;source:app/modules/quiz/routes/api_components/subjects.py:33,learning,pending,preserve path/method/status/envelope/auth/null/pagination
9ffa45b71103,/api/quiz/subjects/<subject>/favorites/trend,GET,quiz_api.api_subject_favorites_trend,quiz,app/modules/quiz/routes/api_components/subjects.py:1032,app/modules/quiz/routes/api_components/subjects.py:1032,blueprint_decorator,"[""auth_required"",""limiter.limit('20 per minute;200 per hour')""]","[""current_user_resolution"",""unauthorized_response_signal""]","[""global_session_or_valid_jwt_else_401"",""route_decorator:session_or_jwt""]",miniprogram,"{""miniprogram"":[""miniprogram-1/miniprogram/utils/api-endpoints.ts:315:request""]}",runtime:url_map;source:app/modules/quiz/routes/api_components/subjects.py:1032,learning,pending,preserve path/method/status/envelope/auth/null/pagination
91204289b3ce,/api/quiz/subjects/<subject>/info,GET,quiz_api.api_subject_info,quiz,app/modules/quiz/routes/api_components/subjects.py:200,app/modules/quiz/routes/api_components/subjects.py:200,blueprint_decorator,"[""auth_required"",""limiter.limit('30 per minute;300 per hour')""]","[""current_user_resolution"",""forbidden_response_signal""]","[""global_session_or_valid_jwt_else_401"",""route_decorator:session_or_jwt""]",miniprogram,"{""miniprogram"":[""miniprogram-1/miniprogram/utils/api-endpoints.ts:287:request""]}",runtime:url_map;source:app/modules/quiz/routes/api_components/subjects.py:200,learning,pending,preserve path/method/status/envelope/auth/null/pagination
d895bea1983a,/api/quiz/subjects/<subject>/questions,GET,quiz_api.api_subject_questions,quiz,app/modules/quiz/routes/api_components/subjects.py:832,app/modules/quiz/routes/api_components/subjects.py:832,blueprint_decorator,"[""auth_required"",""limiter.limit('30 per minute;300 per hour')""]","[""current_user_resolution"",""unauthorized_response_signal""]","[""global_session_or_valid_jwt_else_401"",""route_decorator:session_or_jwt""]",miniprogram,"{""miniprogram"":[""miniprogram-1/miniprogram/utils/api-endpoints.ts:311:request""]}",runtime:url_map;source:app/modules/quiz/routes/api_components/subjects.py:832,learning,pending,preserve path/method/status/envelope/auth/null/pagination
c21a8a1f1d3e,/api/quiz/subjects/<subject>/stats,GET,quiz_api.api_subject_stats_detail,quiz,app/modules/quiz/routes/api_components/subjects.py:341,app/modules/quiz/routes/api_components/subjects.py:341,blueprint_decorator,"[""auth_required"",""limiter.limit('20 per minute;200 per hour')""]","[""current_user_resolution"",""unauthorized_response_signal"",""forbidden_response_signal""]","[""global_session_or_valid_jwt_else_401"",""route_decorator:session_or_jwt""]",miniprogram,"{""miniprogram"":[""miniprogram-1/miniprogram/utils/api-endpoints.ts:297:request""]}",runtime:url_map;source:app/modules/quiz/routes/api_components/subjects.py:341,learning,pending,preserve path/method/status/envelope/auth/null/pagination
7fd9b0fc8111,/api/quiz/subjects/meta,GET,quiz_api.api_subjects_meta,quiz,app/modules/quiz/routes/api_components/subjects.py:100,app/modules/quiz/routes/api_components/subjects.py:100,blueprint_decorator,"[""auth_required"",""limiter.limit('60 per minute;600 per hour')""]","[""current_user_resolution""]","[""global_session_or_valid_jwt_else_401"",""route_decorator:session_or_jwt""]",miniprogram,"{""miniprogram"":[""miniprogram-1/miniprogram/utils/api-endpoints.ts:141:request""]}",runtime:url_map;source:app/modules/quiz/routes/api_components/subjects.py:100,learning,pending,preserve path/method/status/envelope/auth/null/pagination
af8df0b4e70a,/api/quiz/tags,"DELETE,GET,POST",quiz_api.tags_api,quiz,app/modules/quiz/routes/api_components/progress_tags_notifications.py:85,app/modules/quiz/routes/api_components/progress_tags_notifications.py:85,blueprint_decorator,"[""auth_required"",""limiter.limit('20/minute')""]","[""current_user_resolution"",""unauthorized_response_signal"",""forbidden_response_signal""]","[""global_write_csrf_for_DELETE+POST:valid_jwt_or_xhr_required"",""global_session_or_valid_jwt_else_401"",""route_decorator:session_or_jwt""]",miniprogram;web,"{""miniprogram"":[""miniprogram-1/miniprogram/utils/api-endpoints.ts:810:request"",""miniprogram-1/miniprogram/utils/api-endpoints.ts:814:request"",""miniprogram-1/miniprogram/utils/api-endpoints.ts:818:request""],""web"":[""app/modules/main/templates/main/subject/subject_detail/body_end/_01_core.html:602:fetch_literal""]}",runtime:url_map;source:app/modules/quiz/routes/api_components/progress_tags_notifications.py:85,learning,pending,preserve path/method/status/envelope/auth/null/pagination
87bb4fb340c8,/api/record_result,POST,api_record_result,quiz_alias,app/modules/quiz/routes/api_components/core.py:85,app/modules/quiz/__init__.py::add_url_rule,application_compatibility_alias,"[""auth_required"",""limiter.limit('60/minute')""]","[""current_user_resolution"",""forbidden_response_signal""]","[""global_write_csrf_for_POST:valid_jwt_or_xhr_required"",""global_session_or_valid_jwt_else_401"",""route_decorator:session_or_jwt""]",web,"{""web"":[""app/modules/quiz/templates/quiz/partials/quiz/assets/js/_08_check_answer.html:293:fetch_literal""]}",runtime:url_map;source:app/modules/quiz/routes/api_components/core.py:85,learning,pending,preserve path/method/status/envelope/auth/null/pagination
81b2d06153b6,/api/settings/about,GET,user.user_api.api_settings_about,user,app/modules/user/routes/api.py:903,app/modules/user/routes/api.py:903,blueprint_decorator,"[""auth_required""]","[""session_reference"",""current_user_resolution""]","[""global_session_or_valid_jwt_else_401"",""route_decorator:session_or_jwt""]",miniprogram,"{""miniprogram"":[""miniprogram-1/miniprogram/utils/api-endpoints.ts:635:request""]}",runtime:url_map;source:app/modules/user/routes/api.py:903,identity,pending,preserve path/method/status/envelope/auth/null/pagination
58b1f98ba766,/api/sms/bind,POST,auth.sms_api.bind_phone,auth,app/modules/auth/routes/sms_api.py:101,app/modules/auth/routes/sms_api.py:101,blueprint_decorator,"[""auth_required"",""limiter.limit('10 per minute')""]","[""current_user_resolution""]","[""global_session_or_valid_jwt_else_401"",""route_decorator:session_or_jwt""]",web,"{""web"":[""app/modules/main/templates/main/account/bindings.html:640:fetch_literal"",""app/modules/main/templates/main/hub/hub.html:2067:fetch_literal""]}",runtime:url_map;source:app/modules/auth/routes/sms_api.py:101,identity,pending,preserve path/method/status/envelope/auth/null/pagination
b52d9d128e0d,/api/sms/forgot-password/reset,POST,auth.sms_api.reset_password,auth,app/modules/auth/routes/sms_api.py:135,app/modules/auth/routes/sms_api.py:135,blueprint_decorator,"[""limiter.limit('10 per minute')""]",[],"[""global_anonymous_allow_exact"",""route_auth:none""]",not_found_static_scan,not_found_static_scan,runtime:url_map;source:app/modules/auth/routes/sms_api.py:135,identity,pending,preserve path/method/status/envelope/auth/null/pagination
572a59dccd28,/api/sms/forgot-password/send-code,POST,auth.sms_api.send_forgot_password_code,auth,app/modules/auth/routes/sms_api.py:119,app/modules/auth/routes/sms_api.py:119,blueprint_decorator,"[""limiter.limit('1 per minute;5 per hour')""]",[],"[""global_anonymous_allow_exact"",""route_auth:none""]",web,"{""web"":[""app/modules/auth/templates/auth/login.html:1797:fetch_literal""]}",runtime:url_map;source:app/modules/auth/routes/sms_api.py:119,identity,pending,preserve path/method/status/envelope/auth/null/pagination
269ffec0d0cd,/api/sms/login,POST,auth.sms_api.phone_login,auth,app/modules/auth/routes/sms_api.py:48,app/modules/auth/routes/sms_api.py:48,blueprint_decorator,"[""limiter.limit('10 per minute')""]","[""jwt_or_authorization_reference""]","[""global_anonymous_allow_exact"",""route_auth:none""]",tests;web,"{""tests"":[""tests/test_auth_login_methods_settings.py:148:test_client_literal""],""web"":[""app/modules/auth/templates/auth/login.html:1622:fetch_literal""]}",runtime:url_map;source:app/modules/auth/routes/sms_api.py:48,identity,pending,preserve path/method/status/envelope/auth/null/pagination
1a219820897f,/api/sms/send-bind-code,POST,auth.sms_api.send_bind_code,auth,app/modules/auth/routes/sms_api.py:83,app/modules/auth/routes/sms_api.py:83,blueprint_decorator,"[""auth_required"",""limiter.limit('1 per minute;5 per hour')""]","[""current_user_resolution""]","[""global_session_or_valid_jwt_else_401"",""route_decorator:session_or_jwt""]",web,"{""web"":[""app/modules/main/templates/main/account/bindings.html:610:fetch_literal"",""app/modules/main/templates/main/hub/hub.html:2042:fetch_literal""]}",runtime:url_map;source:app/modules/auth/routes/sms_api.py:83,identity,pending,preserve path/method/status/envelope/auth/null/pagination
37f18c1e821a,/api/sms/send-login-code,POST,auth.sms_api.send_login_code,auth,app/modules/auth/routes/sms_api.py:29,app/modules/auth/routes/sms_api.py:29,blueprint_decorator,"[""limiter.limit('5 per minute;10 per hour')""]",[],"[""global_anonymous_allow_exact"",""route_auth:none""]",tests;web,"{""tests"":[""tests/test_auth_login_methods_settings.py:143:test_client_literal""],""web"":[""app/modules/auth/templates/auth/login.html:1534:fetch_literal""]}",runtime:url_map;source:app/modules/auth/routes/sms_api.py:29,identity,pending,preserve path/method/status/envelope/auth/null/pagination
ace1e4c28e8c,/api/sse/preflight,GET,sse.sse_preflight,sse,app/core/sse/routes.py:80,app/core/sse/routes.py:80,blueprint_decorator,[],"[""session_reference"",""unauthorized_response_signal""]","[""global_session_or_valid_jwt_else_401"",""route_auth:none""]",tests;web,"{""tests"":[""tests/test_sse_runtime_config.py:13:test_client_literal""],""web"":[""app/modules/main/templates/main/shared/app_shell.html:1673:fetch_literal""]}",runtime:url_map;source:app/core/sse/routes.py:80,messaging,pending,preserve path/method/status/envelope/auth/null/pagination
d20f3c0d2264,/api/sse/stream,GET,sse.sse_stream,sse,app/core/sse/routes.py:101,app/core/sse/routes.py:101,blueprint_decorator,[],"[""session_reference"",""unauthorized_response_signal""]","[""global_session_or_valid_jwt_else_401"",""route_auth:none""]",tests;web,"{""tests"":[""tests/test_sse_runtime_config.py:33:test_client_literal""],""web"":[""app/modules/main/templates/main/shared/app_shell.html:1731:event_source_literal""]}",runtime:url_map;source:app/core/sse/routes.py:101,messaging,pending,preserve path/method/status/envelope/auth/null/pagination
bfc8079d63de,/api/stats/by_subject,GET,user.user_api.stats_by_subject,user,app/modules/user/routes/api.py:694,app/modules/user/routes/api.py:694,blueprint_decorator,[],"[""session_reference"",""unauthorized_response_signal""]","[""global_session_or_valid_jwt_else_401"",""route_auth:none""]",not_found_static_scan,not_found_static_scan,runtime:url_map;source:app/modules/user/routes/api.py:694,learning,pending,preserve path/method/status/envelope/auth/null/pagination
6e4561abf335,/api/stats/by_type,GET,user.user_api.stats_by_type,user,app/modules/user/routes/api.py:725,app/modules/user/routes/api.py:725,blueprint_decorator,[],"[""session_reference"",""unauthorized_response_signal""]","[""global_session_or_valid_jwt_else_401"",""route_auth:none""]",not_found_static_scan,not_found_static_scan,runtime:url_map;source:app/modules/user/routes/api.py:725,learning,pending,preserve path/method/status/envelope/auth/null/pagination
7de8331891aa,/api/stats/daily,GET,user.user_api.stats_daily,user,app/modules/user/routes/api.py:662,app/modules/user/routes/api.py:662,blueprint_decorator,[],"[""session_reference"",""unauthorized_response_signal""]","[""global_session_or_valid_jwt_else_401"",""route_auth:none""]",tests;web,"{""tests"":[""tests/test_home_personal_bank_stats.py:136:test_client_literal""],""web"":[""app/modules/main/templates/main/hub/hub.html:1631:fetch_literal""]}",runtime:url_map;source:app/modules/user/routes/api.py:662,learning,pending,preserve path/method/status/envelope/auth/null/pagination
6d9f94eaf417,/api/subjects/<int:subject_id>/export,"GET,POST",main.main_api.export_subject_questions,main,app/modules/main/routes/api.py:22,app/modules/main/routes/api.py:22,blueprint_decorator,"[""auth_required"",""limiter.limit('3/minute')""]","[""current_user_resolution"",""unauthorized_response_signal""]","[""global_write_csrf_for_POST:valid_jwt_or_xhr_required"",""global_session_or_valid_jwt_else_401"",""route_decorator:session_or_jwt""]",miniprogram,"{""miniprogram"":[""miniprogram-1/miniprogram/pages/subject-detail-v2/subject-detail-v2.ts:1697:wx.downloadFile""]}",runtime:url_map;source:app/modules/main/routes/api.py:22,catalog,pending,preserve path/method/status/envelope/auth/null/pagination
de7da3128b51,/api/uploads/<path:filename>,GET,user.user_api.uploaded_file,user,app/modules/user/routes/api.py:829,app/modules/user/routes/api.py:829,blueprint_decorator,[],[],"[""global_session_or_valid_jwt_else_401"",""route_auth:none""]",not_found_static_scan,not_found_static_scan,runtime:url_map;source:app/modules/user/routes/api.py:829,identity,pending,preserve path/method/status/envelope/auth/null/pagination
cd2efe187720,/api/user/<int:uid>/favorites,GET,user.user_api.api_user_favorites,user,app/modules/user/routes/api.py:1214,app/modules/user/routes/api.py:1214,blueprint_decorator,[],"[""session_reference"",""current_user_resolution""]","[""global_session_or_valid_jwt_else_401"",""route_auth:none""]",not_found_static_scan,not_found_static_scan,runtime:url_map;source:app/modules/user/routes/api.py:1214,community,pending,preserve path/method/status/envelope/auth/null/pagination
a31606b8bffa,/api/user/<int:uid>/likes,GET,user.user_api.api_user_likes,user,app/modules/user/routes/api.py:1274,app/modules/user/routes/api.py:1274,blueprint_decorator,[],"[""session_reference"",""current_user_resolution""]","[""global_session_or_valid_jwt_else_401"",""route_auth:none""]",not_found_static_scan,not_found_static_scan,runtime:url_map;source:app/modules/user/routes/api.py:1274,community,pending,preserve path/method/status/envelope/auth/null/pagination
02a65b115274,/api/user/<int:uid>/profile,GET,user.user_api.api_user_profile,user,app/modules/user/routes/api.py:1008,app/modules/user/routes/api.py:1008,blueprint_decorator,[],"[""session_reference"",""current_user_resolution""]","[""global_session_or_valid_jwt_else_401"",""route_auth:none""]",not_found_static_scan,not_found_static_scan,runtime:url_map;source:app/modules/user/routes/api.py:1008,identity,pending,preserve path/method/status/envelope/auth/null/pagination
ab5230cb27bc,/api/user/<int:uid>/works,GET,user.user_api.api_user_works,user,app/modules/user/routes/api.py:1091,app/modules/user/routes/api.py:1091,blueprint_decorator,[],[],"[""global_session_or_valid_jwt_else_401"",""route_auth:none""]",web,"{""web"":[""app/modules/chat/templates/chat/_chat_scripts_profile.html:90:fetch_literal""]}",runtime:url_map;source:app/modules/user/routes/api.py:1091,community,pending,preserve path/method/status/envelope/auth/null/pagination; cross-module read facade over personalbank and community data; target owner is community pending ADR
2e53f71a3dcf,/api/user/<int:user_id>/follow_status,GET,forum.forum_user_api.api_follow_status,forum,app/modules/forum/routes/api_follow.py:69,app/modules/forum/routes/api_follow.py:69,blueprint_decorator,"[""limiter.limit('60 per minute;600 per hour')""]","[""session_reference"",""unauthorized_response_signal""]","[""global_session_or_valid_jwt_else_401"",""route_auth:none""]",not_found_static_scan,not_found_static_scan,runtime:url_map;source:app/modules/forum/routes/api_follow.py:69,community,pending,preserve path/method/status/envelope/auth/null/pagination
2ff7e2037b0f,/api/user/<int:user_id>/followers,GET,forum.forum_user_api.api_followers,forum,app/modules/forum/routes/api_follow.py:81,app/modules/forum/routes/api_follow.py:81,blueprint_decorator,"[""limiter.limit('60 per minute;600 per hour')""]","[""session_reference"",""unauthorized_response_signal""]","[""global_session_or_valid_jwt_else_401"",""route_auth:none""]",not_found_static_scan,not_found_static_scan,runtime:url_map;source:app/modules/forum/routes/api_follow.py:81,community,pending,preserve path/method/status/envelope/auth/null/pagination
c90f673bf557,/api/user/<int:user_id>/following,GET,forum.forum_user_api.api_following,forum,app/modules/forum/routes/api_follow.py:94,app/modules/forum/routes/api_follow.py:94,blueprint_decorator,"[""limiter.limit('60 per minute;600 per hour')""]","[""session_reference"",""unauthorized_response_signal""]","[""global_session_or_valid_jwt_else_401"",""route_auth:none""]",not_found_static_scan,not_found_static_scan,runtime:url_map;source:app/modules/forum/routes/api_follow.py:94,community,pending,preserve path/method/status/envelope/auth/null/pagination
35a243474ee9,/api/user/banks/api,POST,user_bank_api_root.user_bank_api.create_bank,user_bank,app/modules/user_bank/routes/api_banks.py:117,app/modules/user_bank/__init__.py::user_bank_api_root,blueprint_compatibility_alias,"[""auth_required""]","[""current_user_resolution""]","[""global_write_csrf_for_POST:valid_jwt_or_xhr_required"",""global_session_or_valid_jwt_else_401"",""route_decorator:session_or_jwt""]",miniprogram,"{""miniprogram"":[""miniprogram-1/miniprogram/utils/api-endpoints.ts:647:request""]}",runtime:url_map;source:app/modules/user_bank/routes/api_banks.py:117,personalbank,pending,preserve path/method/status/envelope/auth/null/pagination
aae181713ff0,/api/user/banks/api/<int:bank_id>,DELETE,user_bank_api_root.user_bank_api.delete_bank,user_bank,app/modules/user_bank/routes/api_banks.py:294,app/modules/user_bank/__init__.py::user_bank_api_root,blueprint_compatibility_alias,"[""auth_required""]","[""current_user_resolution""]","[""global_write_csrf_for_DELETE:valid_jwt_or_xhr_required"",""global_session_or_valid_jwt_else_401"",""route_decorator:session_or_jwt""]",not_found_static_scan,not_found_static_scan,runtime:url_map;source:app/modules/user_bank/routes/api_banks.py:294,personalbank,pending,preserve path/method/status/envelope/auth/null/pagination
f2732cb489ff,/api/user/banks/api/<int:bank_id>,GET,user_bank_api_root.user_bank_api.get_bank_detail,user_bank,app/modules/user_bank/routes/api_banks.py:78,app/modules/user_bank/__init__.py::user_bank_api_root,blueprint_compatibility_alias,"[""auth_required""]","[""current_user_resolution"",""forbidden_response_signal""]","[""global_session_or_valid_jwt_else_401"",""route_decorator:session_or_jwt""]",miniprogram;tests,"{""miniprogram"":[""miniprogram-1/miniprogram/utils/api-endpoints.ts:697:request""],""tests"":[""tests/test_user_bank_shares.py:183:test_client_literal"",""tests/test_user_bank_shares.py:196:test_client_literal""]}",runtime:url_map;source:app/modules/user_bank/routes/api_banks.py:78,personalbank,pending,preserve path/method/status/envelope/auth/null/pagination
833d246fe02e,/api/user/banks/api/<int:bank_id>,PUT,user_bank_api_root.user_bank_api.update_bank,user_bank,app/modules/user_bank/routes/api_banks.py:202,app/modules/user_bank/__init__.py::user_bank_api_root,blueprint_compatibility_alias,"[""auth_required""]","[""current_user_resolution""]","[""global_write_csrf_for_PUT:valid_jwt_or_xhr_required"",""global_session_or_valid_jwt_else_401"",""route_decorator:session_or_jwt""]",not_found_static_scan,not_found_static_scan,runtime:url_map;source:app/modules/user_bank/routes/api_banks.py:202,personalbank,pending,preserve path/method/status/envelope/auth/null/pagination
36fd61e06f5f,/api/user/banks/api/<int:bank_id>/cover/upload,POST,user_bank_api_root.user_bank_api.upload_existing_bank_cover,user_bank,app/modules/user_bank/routes/api_uploads.py:168,app/modules/user_bank/__init__.py::user_bank_api_root,blueprint_compatibility_alias,"[""auth_required"",""limiter.limit('10 per minute;200 per day')""]","[""current_user_resolution""]","[""global_write_csrf_for_POST:valid_jwt_or_xhr_required"",""global_session_or_valid_jwt_else_401"",""route_decorator:session_or_jwt""]",not_found_static_scan,not_found_static_scan,runtime:url_map;source:app/modules/user_bank/routes/api_uploads.py:168,personalbank,pending,preserve path/method/status/envelope/auth/null/pagination
24bd0ac0b0f9,/api/user/banks/api/<int:bank_id>/favorites/trend,GET,user_bank_api_root.user_bank_api.get_bank_favorites_trend,user_bank,app/modules/user_bank/routes/api_favorites.py:16,app/modules/user_bank/__init__.py::user_bank_api_root,blueprint_compatibility_alias,"[""auth_required""]","[""current_user_resolution"",""forbidden_response_signal""]","[""global_session_or_valid_jwt_else_401"",""route_decorator:session_or_jwt""]",miniprogram,"{""miniprogram"":[""miniprogram-1/miniprogram/utils/api-endpoints.ts:757:request""]}",runtime:url_map;source:app/modules/user_bank/routes/api_favorites.py:16,personalbank,pending,preserve path/method/status/envelope/auth/null/pagination
dade1d7c0a8a,/api/user/banks/api/<int:bank_id>/my-stats,GET,user_bank_api_root.user_bank_api.get_my_stats,user_bank,app/modules/user_bank/routes/api_quiz.py:345,app/modules/user_bank/__init__.py::user_bank_api_root,blueprint_compatibility_alias,"[""auth_required""]","[""current_user_resolution"",""forbidden_response_signal""]","[""global_session_or_valid_jwt_else_401"",""route_decorator:session_or_jwt""]",miniprogram,"{""miniprogram"":[""miniprogram-1/miniprogram/utils/api-endpoints.ts:743:request""]}",runtime:url_map;source:app/modules/user_bank/routes/api_quiz.py:345,personalbank,pending,preserve path/method/status/envelope/auth/null/pagination
fd1dd2db4d5b,/api/user/banks/api/<int:bank_id>/public,POST,user_bank_api_root.user_bank_api.set_bank_public,user_bank,app/modules/user_bank/routes/api_banks.py:320,app/modules/user_bank/__init__.py::user_bank_api_root,blueprint_compatibility_alias,"[""auth_required""]","[""current_user_resolution""]","[""global_write_csrf_for_POST:valid_jwt_or_xhr_required"",""global_session_or_valid_jwt_else_401"",""route_decorator:session_or_jwt""]",miniprogram,"{""miniprogram"":[""miniprogram-1/miniprogram/utils/api-endpoints.ts:701:request""]}",runtime:url_map;source:app/modules/user_bank/routes/api_banks.py:320,personalbank,pending,preserve path/method/status/envelope/auth/null/pagination
1a8a90eaa4c0,/api/user/banks/api/<int:bank_id>/question-images/upload,POST,user_bank_api_root.user_bank_api.upload_question_image,user_bank,app/modules/user_bank/routes/api_uploads.py:179,app/modules/user_bank/__init__.py::user_bank_api_root,blueprint_compatibility_alias,"[""auth_required"",""limiter.limit('20 per minute;400 per day')""]","[""current_user_resolution""]","[""global_write_csrf_for_POST:valid_jwt_or_xhr_required"",""global_session_or_valid_jwt_else_401"",""route_decorator:session_or_jwt""]",not_found_static_scan,not_found_static_scan,runtime:url_map;source:app/modules/user_bank/routes/api_uploads.py:179,personalbank,pending,preserve path/method/status/envelope/auth/null/pagination
596d02faf0e3,/api/user/banks/api/<int:bank_id>/questions,POST,user_bank_api_root.user_bank_api.add_question,user_bank,app/modules/user_bank/routes/api_questions.py:364,app/modules/user_bank/__init__.py::user_bank_api_root,blueprint_compatibility_alias,"[""auth_required""]","[""current_user_resolution""]","[""global_write_csrf_for_POST:valid_jwt_or_xhr_required"",""global_session_or_valid_jwt_else_401"",""route_decorator:session_or_jwt""]",not_found_static_scan,not_found_static_scan,runtime:url_map;source:app/modules/user_bank/routes/api_questions.py:364,personalbank,pending,preserve path/method/status/envelope/auth/null/pagination
5e009b1c01e7,/api/user/banks/api/<int:bank_id>/questions,GET,user_bank_api_root.user_bank_api.get_bank_questions,user_bank,app/modules/user_bank/routes/api_questions.py:95,app/modules/user_bank/__init__.py::user_bank_api_root,blueprint_compatibility_alias,"[""auth_required""]","[""current_user_resolution"",""unauthorized_response_signal"",""forbidden_response_signal""]","[""global_session_or_valid_jwt_else_401"",""route_decorator:session_or_jwt""]",miniprogram,"{""miniprogram"":[""miniprogram-1/miniprogram/utils/api-endpoints.ts:711:request"",""miniprogram-1/miniprogram/utils/api-endpoints.ts:806:request""]}",runtime:url_map;source:app/modules/user_bank/routes/api_questions.py:95,personalbank,pending,preserve path/method/status/envelope/auth/null/pagination
35e91c99fcc3,/api/user/banks/api/<int:bank_id>/questions/<int:question_id>,DELETE,user_bank_api_root.user_bank_api.delete_question,user_bank,app/modules/user_bank/routes/api_questions.py:613,app/modules/user_bank/__init__.py::user_bank_api_root,blueprint_compatibility_alias,"[""auth_required""]","[""current_user_resolution""]","[""global_write_csrf_for_DELETE:valid_jwt_or_xhr_required"",""global_session_or_valid_jwt_else_401"",""route_decorator:session_or_jwt""]",miniprogram,"{""miniprogram"":[""miniprogram-1/miniprogram/utils/api-endpoints.ts:865:request""]}",runtime:url_map;source:app/modules/user_bank/routes/api_questions.py:613,personalbank,pending,preserve path/method/status/envelope/auth/null/pagination
bcfe2479ffe8,/api/user/banks/api/<int:bank_id>/questions/<int:question_id>,GET,user_bank_api_root.user_bank_api.get_question_detail,user_bank,app/modules/user_bank/routes/api_questions.py:465,app/modules/user_bank/__init__.py::user_bank_api_root,blueprint_compatibility_alias,"[""auth_required""]","[""current_user_resolution"",""unauthorized_response_signal"",""forbidden_response_signal""]","[""global_session_or_valid_jwt_else_401"",""route_decorator:session_or_jwt""]",miniprogram,"{""miniprogram"":[""miniprogram-1/miniprogram/utils/api-endpoints.ts:715:request""]}",runtime:url_map;source:app/modules/user_bank/routes/api_questions.py:465,personalbank,pending,preserve path/method/status/envelope/auth/null/pagination
07b0c055747d,/api/user/banks/api/<int:bank_id>/questions/<int:question_id>,PUT,user_bank_api_root.user_bank_api.update_question,user_bank,app/modules/user_bank/routes/api_questions.py:492,app/modules/user_bank/__init__.py::user_bank_api_root,blueprint_compatibility_alias,"[""auth_required""]","[""current_user_resolution""]","[""global_write_csrf_for_PUT:valid_jwt_or_xhr_required"",""global_session_or_valid_jwt_else_401"",""route_decorator:session_or_jwt""]",miniprogram,"{""miniprogram"":[""miniprogram-1/miniprogram/utils/api-endpoints.ts:861:request""]}",runtime:url_map;source:app/modules/user_bank/routes/api_questions.py:492,personalbank,pending,preserve path/method/status/envelope/auth/null/pagination
d437aedfa318,/api/user/banks/api/<int:bank_id>/questions/<int:question_id>/favorite,POST,user_bank_api_root.user_bank_api.toggle_favorite,user_bank,app/modules/user_bank/routes/api_favorites.py:84,app/modules/user_bank/__init__.py::user_bank_api_root,blueprint_compatibility_alias,"[""auth_required""]","[""current_user_resolution"",""forbidden_response_signal""]","[""global_write_csrf_for_POST:valid_jwt_or_xhr_required"",""global_session_or_valid_jwt_else_401"",""route_decorator:session_or_jwt""]",miniprogram,"{""miniprogram"":[""miniprogram-1/miniprogram/utils/api-endpoints.ts:740:request""]}",runtime:url_map;source:app/modules/user_bank/routes/api_favorites.py:84,personalbank,pending,preserve path/method/status/envelope/auth/null/pagination
045c18d0c898,/api/user/banks/api/<int:bank_id>/questions/<int:question_id>/tags,"GET,POST",user_bank_api_root.user_bank_api.bank_question_tags_api,user_bank,app/modules/user_bank/routes/api_tags.py:285,app/modules/user_bank/__init__.py::user_bank_api_root,blueprint_compatibility_alias,"[""auth_required""]","[""current_user_resolution""]","[""global_write_csrf_for_POST:valid_jwt_or_xhr_required"",""global_session_or_valid_jwt_else_401"",""route_decorator:session_or_jwt""]",miniprogram,"{""miniprogram"":[""miniprogram-1/miniprogram/utils/api-endpoints.ts:849:request"",""miniprogram-1/miniprogram/utils/api-endpoints.ts:853:request""]}",runtime:url_map;source:app/modules/user_bank/routes/api_tags.py:285,personalbank,pending,preserve path/method/status/envelope/auth/null/pagination
641d330858e5,/api/user/banks/api/<int:bank_id>/questions/batch_delete,POST,user_bank_api_root.user_bank_api.batch_delete_questions,user_bank,app/modules/user_bank/routes/api_questions.py:655,app/modules/user_bank/__init__.py::user_bank_api_root,blueprint_compatibility_alias,"[""auth_required""]","[""current_user_resolution""]","[""global_write_csrf_for_POST:valid_jwt_or_xhr_required"",""global_session_or_valid_jwt_else_401"",""route_decorator:session_or_jwt""]",not_found_static_scan,not_found_static_scan,runtime:url_map;source:app/modules/user_bank/routes/api_questions.py:655,personalbank,pending,preserve path/method/status/envelope/auth/null/pagination
cfd8b68df1e3,/api/user/banks/api/<int:bank_id>/questions/batch_update,POST,user_bank_api_root.user_bank_api.batch_update_questions,user_bank,app/modules/user_bank/routes/api_questions.py:701,app/modules/user_bank/__init__.py::user_bank_api_root,blueprint_compatibility_alias,"[""auth_required""]","[""current_user_resolution""]","[""global_write_csrf_for_POST:valid_jwt_or_xhr_required"",""global_session_or_valid_jwt_else_401"",""route_decorator:session_or_jwt""]",not_found_static_scan,not_found_static_scan,runtime:url_map;source:app/modules/user_bank/routes/api_questions.py:701,personalbank,pending,preserve path/method/status/envelope/auth/null/pagination
a2b92a750185,/api/user/banks/api/<int:bank_id>/questions/copy,POST,user_bank_api_root.user_bank_api.copy_questions,user_bank,app/modules/user_bank/routes/api_questions.py:854,app/modules/user_bank/__init__.py::user_bank_api_root,blueprint_compatibility_alias,"[""auth_required""]",[],"[""global_write_csrf_for_POST:valid_jwt_or_xhr_required"",""global_session_or_valid_jwt_else_401"",""route_decorator:session_or_jwt""]",not_found_static_scan,not_found_static_scan,runtime:url_map;source:app/modules/user_bank/routes/api_questions.py:854,personalbank,pending,preserve path/method/status/envelope/auth/null/pagination
03ac4043fc41,/api/user/banks/api/<int:bank_id>/questions/duplicate-check,GET,user_bank_api_root.user_bank_api.get_question_duplicates,user_bank,app/modules/user_bank/routes/api_duplicate_check.py:22,app/modules/user_bank/__init__.py::user_bank_api_root,blueprint_compatibility_alias,"[""auth_required""]","[""unauthorized_response_signal""]","[""global_session_or_valid_jwt_else_401"",""route_decorator:session_or_jwt""]",not_found_static_scan,not_found_static_scan,runtime:url_map;source:app/modules/user_bank/routes/api_duplicate_check.py:22,personalbank,pending,preserve path/method/status/envelope/auth/null/pagination
03ad4a51d945,/api/user/banks/api/<int:bank_id>/questions/duplicate-check,POST,user_bank_api_root.user_bank_api.run_question_duplicates,user_bank,app/modules/user_bank/routes/api_duplicate_check.py:35,app/modules/user_bank/__init__.py::user_bank_api_root,blueprint_compatibility_alias,"[""auth_required""]","[""unauthorized_response_signal""]","[""global_write_csrf_for_POST:valid_jwt_or_xhr_required"",""global_session_or_valid_jwt_else_401"",""route_decorator:session_or_jwt""]",not_found_static_scan,not_found_static_scan,runtime:url_map;source:app/modules/user_bank/routes/api_duplicate_check.py:35,personalbank,pending,preserve path/method/status/envelope/auth/null/pagination
84dff3bfee87,/api/user/banks/api/<int:bank_id>/questions/export,GET,user_bank_api_root.user_bank_api.export_questions_json,user_bank,app/modules/user_bank/routes/api_transfer.py:493,app/modules/user_bank/__init__.py::user_bank_api_root,blueprint_compatibility_alias,"[""auth_required""]","[""current_user_resolution"",""forbidden_response_signal""]","[""global_session_or_valid_jwt_else_401"",""route_decorator:session_or_jwt""]",not_found_static_scan,not_found_static_scan,runtime:url_map;source:app/modules/user_bank/routes/api_transfer.py:493,personalbank,pending,preserve path/method/status/envelope/auth/null/pagination
305ffad6c1a2,/api/user/banks/api/<int:bank_id>/questions/export/excel,GET,user_bank_api_root.user_bank_api.export_questions_excel,user_bank,app/modules/user_bank/routes/api_transfer.py:593,app/modules/user_bank/__init__.py::user_bank_api_root,blueprint_compatibility_alias,"[""auth_required""]","[""current_user_resolution"",""forbidden_response_signal""]","[""global_session_or_valid_jwt_else_401"",""route_decorator:session_or_jwt""]",not_found_static_scan,not_found_static_scan,runtime:url_map;source:app/modules/user_bank/routes/api_transfer.py:593,personalbank,pending,preserve path/method/status/envelope/auth/null/pagination
14710ba733ac,/api/user/banks/api/<int:bank_id>/questions/export/package,GET,user_bank_api_root.user_bank_api.export_questions_package,user_bank,app/modules/user_bank/routes/api_transfer.py:865,app/modules/user_bank/__init__.py::user_bank_api_root,blueprint_compatibility_alias,"[""auth_required""]","[""current_user_resolution"",""forbidden_response_signal""]","[""global_session_or_valid_jwt_else_401"",""route_decorator:session_or_jwt""]",not_found_static_scan,not_found_static_scan,runtime:url_map;source:app/modules/user_bank/routes/api_transfer.py:865,personalbank,pending,preserve path/method/status/envelope/auth/null/pagination
fe10df4927ef,/api/user/banks/api/<int:bank_id>/questions/export/pdf,GET,user_bank_api_root.user_bank_api.export_questions_pdf,user_bank,app/modules/user_bank/routes/api_transfer.py:486,app/modules/user_bank/__init__.py::user_bank_api_root,blueprint_compatibility_alias,"[""auth_required""]",[],"[""global_session_or_valid_jwt_else_401"",""route_decorator:session_or_jwt""]",not_found_static_scan,not_found_static_scan,runtime:url_map;source:app/modules/user_bank/routes/api_transfer.py:486,personalbank,pending,preserve path/method/status/envelope/auth/null/pagination
66a1cf7d4fe8,/api/user/banks/api/<int:bank_id>/questions/export/word,GET,user_bank_api_root.user_bank_api.export_questions_word,user_bank,app/modules/user_bank/routes/api_transfer.py:479,app/modules/user_bank/__init__.py::user_bank_api_root,blueprint_compatibility_alias,"[""auth_required""]",[],"[""global_session_or_valid_jwt_else_401"",""route_decorator:session_or_jwt""]",not_found_static_scan,not_found_static_scan,runtime:url_map;source:app/modules/user_bank/routes/api_transfer.py:479,personalbank,pending,preserve path/method/status/envelope/auth/null/pagination
4d0482b86974,/api/user/banks/api/<int:bank_id>/questions/import,POST,user_bank_api_root.user_bank_api.import_questions,user_bank,app/modules/user_bank/routes/api_transfer.py:44,app/modules/user_bank/__init__.py::user_bank_api_root,blueprint_compatibility_alias,"[""auth_required""]","[""current_user_resolution""]","[""global_write_csrf_for_POST:valid_jwt_or_xhr_required"",""global_session_or_valid_jwt_else_401"",""route_decorator:session_or_jwt""]",not_found_static_scan,not_found_static_scan,runtime:url_map;source:app/modules/user_bank/routes/api_transfer.py:44,personalbank,pending,preserve path/method/status/envelope/auth/null/pagination
c82beff04744,/api/user/banks/api/<int:bank_id>/questions/import/excel,POST,user_bank_api_root.user_bank_api.import_questions_excel,user_bank,app/modules/user_bank/routes/api_transfer.py:713,app/modules/user_bank/__init__.py::user_bank_api_root,blueprint_compatibility_alias,"[""auth_required""]","[""current_user_resolution""]","[""global_write_csrf_for_POST:valid_jwt_or_xhr_required"",""global_session_or_valid_jwt_else_401"",""route_decorator:session_or_jwt""]",not_found_static_scan,not_found_static_scan,runtime:url_map;source:app/modules/user_bank/routes/api_transfer.py:713,personalbank,pending,preserve path/method/status/envelope/auth/null/pagination
d640cb4f26ce,/api/user/banks/api/<int:bank_id>/questions/import/json,POST,user_bank_api_root.user_bank_api.import_questions_json,user_bank,app/modules/user_bank/routes/api_transfer.py:130,app/modules/user_bank/__init__.py::user_bank_api_root,blueprint_compatibility_alias,"[""auth_required""]","[""current_user_resolution""]","[""global_write_csrf_for_POST:valid_jwt_or_xhr_required"",""global_session_or_valid_jwt_else_401"",""route_decorator:session_or_jwt""]",not_found_static_scan,not_found_static_scan,runtime:url_map;source:app/modules/user_bank/routes/api_transfer.py:130,personalbank,pending,preserve path/method/status/envelope/auth/null/pagination
5295482c55f2,/api/user/banks/api/<int:bank_id>/questions/import/package,POST,user_bank_api_root.user_bank_api.import_questions_package,user_bank,app/modules/user_bank/routes/api_transfer.py:985,app/modules/user_bank/__init__.py::user_bank_api_root,blueprint_compatibility_alias,"[""auth_required""]","[""current_user_resolution""]","[""global_write_csrf_for_POST:valid_jwt_or_xhr_required"",""global_session_or_valid_jwt_else_401"",""route_decorator:session_or_jwt""]",not_found_static_scan,not_found_static_scan,runtime:url_map;source:app/modules/user_bank/routes/api_transfer.py:985,personalbank,pending,preserve path/method/status/envelope/auth/null/pagination
d446b87c5708,/api/user/banks/api/<int:bank_id>/questions/import/word/extract,POST,user_bank_api_root.user_bank_api.extract_questions_word_docx,user_bank,app/modules/user_bank/routes/api_transfer.py:284,app/modules/user_bank/__init__.py::user_bank_api_root,blueprint_compatibility_alias,"[""auth_required""]","[""current_user_resolution""]","[""global_write_csrf_for_POST:valid_jwt_or_xhr_required"",""global_session_or_valid_jwt_else_401"",""route_decorator:session_or_jwt""]",not_found_static_scan,not_found_static_scan,runtime:url_map;source:app/modules/user_bank/routes/api_transfer.py:284,personalbank,pending,preserve path/method/status/envelope/auth/null/pagination
d03362f58d86,/api/user/banks/api/<int:bank_id>/quiz,GET,user_bank_api_root.user_bank_api.get_quiz_questions,user_bank,app/modules/user_bank/routes/api_quiz.py:45,app/modules/user_bank/__init__.py::user_bank_api_root,blueprint_compatibility_alias,"[""auth_required""]","[""current_user_resolution"",""forbidden_response_signal""]","[""global_session_or_valid_jwt_else_401"",""route_decorator:session_or_jwt""]",miniprogram,"{""miniprogram"":[""miniprogram-1/miniprogram/utils/api-endpoints.ts:729:request""]}",runtime:url_map;source:app/modules/user_bank/routes/api_quiz.py:45,personalbank,pending,preserve path/method/status/envelope/auth/null/pagination
e32b9ac952b0,/api/user/banks/api/<int:bank_id>/quiz/record,POST,user_bank_api_root.user_bank_api.record_quiz_result,user_bank,app/modules/user_bank/routes/api_quiz.py:281,app/modules/user_bank/__init__.py::user_bank_api_root,blueprint_compatibility_alias,"[""auth_required""]","[""current_user_resolution"",""forbidden_response_signal""]","[""global_write_csrf_for_POST:valid_jwt_or_xhr_required"",""global_session_or_valid_jwt_else_401"",""route_decorator:session_or_jwt""]",miniprogram,"{""miniprogram"":[""miniprogram-1/miniprogram/utils/api-endpoints.ts:736:request""]}",runtime:url_map;source:app/modules/user_bank/routes/api_quiz.py:281,personalbank,pending,preserve path/method/status/envelope/auth/null/pagination
7f412ef8b5c9,/api/user/banks/api/<int:bank_id>/shares,POST,user_bank_api_root.user_bank_api.create_share,user_bank,app/modules/user_bank/routes/api_shares.py:183,app/modules/user_bank/__init__.py::user_bank_api_root,blueprint_compatibility_alias,"[""auth_required""]","[""current_user_resolution"",""forbidden_response_signal""]","[""global_write_csrf_for_POST:valid_jwt_or_xhr_required"",""global_session_or_valid_jwt_else_401"",""route_decorator:session_or_jwt""]",miniprogram;tests,"{""miniprogram"":[""miniprogram-1/miniprogram/utils/api-endpoints.ts:792:request""],""tests"":[""tests/test_user_bank_shares.py:102:test_client_literal"",""tests/test_user_bank_shares.py:128:test_client_literal"",""tests/test_user_bank_shares.py:167:test_client_literal""]}",runtime:url_map;source:app/modules/user_bank/routes/api_shares.py:183,personalbank,pending,preserve path/method/status/envelope/auth/null/pagination
e817f8083d74,/api/user/banks/api/<int:bank_id>/shares,GET,user_bank_api_root.user_bank_api.get_shares,user_bank,app/modules/user_bank/routes/api_shares.py:29,app/modules/user_bank/__init__.py::user_bank_api_root,blueprint_compatibility_alias,"[""auth_required""]","[""current_user_resolution""]","[""global_session_or_valid_jwt_else_401"",""route_decorator:session_or_jwt""]",miniprogram,"{""miniprogram"":[""miniprogram-1/miniprogram/utils/api-endpoints.ts:780:request""]}",runtime:url_map;source:app/modules/user_bank/routes/api_shares.py:29,personalbank,pending,preserve path/method/status/envelope/auth/null/pagination
003fa8083b3a,/api/user/banks/api/<int:bank_id>/shares/<int:share_id>,DELETE,user_bank_api_root.user_bank_api.delete_share,user_bank,app/modules/user_bank/routes/api_shares.py:272,app/modules/user_bank/__init__.py::user_bank_api_root,blueprint_compatibility_alias,"[""auth_required""]","[""current_user_resolution""]","[""global_write_csrf_for_DELETE:valid_jwt_or_xhr_required"",""global_session_or_valid_jwt_else_401"",""route_decorator:session_or_jwt""]",miniprogram;tests,"{""miniprogram"":[""miniprogram-1/miniprogram/utils/api-endpoints.ts:796:request""],""tests"":[""tests/test_user_bank_shares.py:189:test_client_literal""]}",runtime:url_map;source:app/modules/user_bank/routes/api_shares.py:272,personalbank,pending,preserve path/method/status/envelope/auth/null/pagination
b26d0af7da0f,/api/user/banks/api/<int:bank_id>/shares/<int:share_id>/records,GET,user_bank_api_root.user_bank_api.get_share_records,user_bank,app/modules/user_bank/routes/api_shares.py:292,app/modules/user_bank/__init__.py::user_bank_api_root,blueprint_compatibility_alias,"[""auth_required""]","[""current_user_resolution""]","[""global_session_or_valid_jwt_else_401"",""route_decorator:session_or_jwt""]",not_found_static_scan,not_found_static_scan,runtime:url_map;source:app/modules/user_bank/routes/api_shares.py:292,personalbank,pending,preserve path/method/status/envelope/auth/null/pagination
28f5eaf97166,/api/user/banks/api/<int:bank_id>/shares/<int:share_id>/records/<int:target_user_id>,DELETE,user_bank_api_root.user_bank_api.remove_share_record,user_bank,app/modules/user_bank/routes/api_shares.py:322,app/modules/user_bank/__init__.py::user_bank_api_root,blueprint_compatibility_alias,"[""auth_required""]","[""current_user_resolution"",""forbidden_response_signal""]","[""global_write_csrf_for_DELETE:valid_jwt_or_xhr_required"",""global_session_or_valid_jwt_else_401"",""route_decorator:session_or_jwt""]",not_found_static_scan,not_found_static_scan,runtime:url_map;source:app/modules/user_bank/routes/api_shares.py:322,personalbank,pending,preserve path/method/status/envelope/auth/null/pagination
a8aed01af9ac,/api/user/banks/api/<int:bank_id>/stats,GET,user_bank_api_root.user_bank_api.get_bank_stats_detail,user_bank,app/modules/user_bank/routes/api_quiz.py:380,app/modules/user_bank/__init__.py::user_bank_api_root,blueprint_compatibility_alias,"[""auth_required""]","[""current_user_resolution"",""forbidden_response_signal""]","[""global_session_or_valid_jwt_else_401"",""route_decorator:session_or_jwt""]",miniprogram,"{""miniprogram"":[""miniprogram-1/miniprogram/utils/api-endpoints.ts:752:request""]}",runtime:url_map;source:app/modules/user_bank/routes/api_quiz.py:380,personalbank,pending,preserve path/method/status/envelope/auth/null/pagination
b1b22a11511b,/api/user/banks/api/<int:bank_id>/tags,"DELETE,GET,POST",user_bank_api_root.user_bank_api.bank_tags_api,user_bank,app/modules/user_bank/routes/api_tags.py:186,app/modules/user_bank/__init__.py::user_bank_api_root,blueprint_compatibility_alias,"[""auth_required""]","[""current_user_resolution""]","[""global_write_csrf_for_DELETE+POST:valid_jwt_or_xhr_required"",""global_session_or_valid_jwt_else_401"",""route_decorator:session_or_jwt""]",miniprogram,"{""miniprogram"":[""miniprogram-1/miniprogram/utils/api-endpoints.ts:837:request"",""miniprogram-1/miniprogram/utils/api-endpoints.ts:841:request"",""miniprogram-1/miniprogram/utils/api-endpoints.ts:845:request""]}",runtime:url_map;source:app/modules/user_bank/routes/api_tags.py:186,personalbank,pending,preserve path/method/status/envelope/auth/null/pagination
d67a16965b08,/api/user/banks/api/<int:bank_id>/usage-stats,GET,user_bank_api_root.user_bank_api.get_bank_usage_stats,user_bank,app/modules/user_bank/routes/api_shares.py:56,app/modules/user_bank/__init__.py::user_bank_api_root,blueprint_compatibility_alias,"[""auth_required""]","[""current_user_resolution"",""forbidden_response_signal""]","[""global_session_or_valid_jwt_else_401"",""route_decorator:session_or_jwt""]",miniprogram,"{""miniprogram"":[""miniprogram-1/miniprogram/utils/api-endpoints.ts:784:request""]}",runtime:url_map;source:app/modules/user_bank/routes/api_shares.py:56,personalbank,pending,preserve path/method/status/envelope/auth/null/pagination
6858f6fa506f,/api/user/banks/api/<int:bank_id>/user-counts,GET,user_bank_api_root.user_bank_api.get_user_counts,user_bank,app/modules/user_bank/routes/api_quiz.py:774,app/modules/user_bank/__init__.py::user_bank_api_root,blueprint_compatibility_alias,"[""auth_required""]","[""current_user_resolution"",""forbidden_response_signal""]","[""global_session_or_valid_jwt_else_401"",""route_decorator:session_or_jwt""]",miniprogram,"{""miniprogram"":[""miniprogram-1/miniprogram/utils/api-endpoints.ts:764:request""]}",runtime:url_map;source:app/modules/user_bank/routes/api_quiz.py:774,personalbank,pending,preserve path/method/status/envelope/auth/null/pagination
fc15ed2e7cb4,/api/user/banks/api/categories,POST,user_bank_api_root.user_bank_api.create_category,user_bank,app/modules/user_bank/routes/api_categories.py:34,app/modules/user_bank/__init__.py::user_bank_api_root,blueprint_compatibility_alias,"[""auth_required""]","[""current_user_resolution""]","[""global_write_csrf_for_POST:valid_jwt_or_xhr_required"",""global_session_or_valid_jwt_else_401"",""route_decorator:session_or_jwt""]",not_found_static_scan,not_found_static_scan,runtime:url_map;source:app/modules/user_bank/routes/api_categories.py:34,personalbank,pending,preserve path/method/status/envelope/auth/null/pagination
19b37a262989,/api/user/banks/api/categories,GET,user_bank_api_root.user_bank_api.get_categories,user_bank,app/modules/user_bank/routes/api_categories.py:15,app/modules/user_bank/__init__.py::user_bank_api_root,blueprint_compatibility_alias,"[""auth_required""]","[""current_user_resolution""]","[""global_session_or_valid_jwt_else_401"",""route_decorator:session_or_jwt""]",not_found_static_scan,not_found_static_scan,runtime:url_map;source:app/modules/user_bank/routes/api_categories.py:15,personalbank,pending,preserve path/method/status/envelope/auth/null/pagination
fc1f8c0871cf,/api/user/banks/api/categories/<int:category_id>,DELETE,user_bank_api_root.user_bank_api.delete_category,user_bank,app/modules/user_bank/routes/api_categories.py:120,app/modules/user_bank/__init__.py::user_bank_api_root,blueprint_compatibility_alias,"[""auth_required""]","[""current_user_resolution""]","[""global_write_csrf_for_DELETE:valid_jwt_or_xhr_required"",""global_session_or_valid_jwt_else_401"",""route_decorator:session_or_jwt""]",not_found_static_scan,not_found_static_scan,runtime:url_map;source:app/modules/user_bank/routes/api_categories.py:120,personalbank,pending,preserve path/method/status/envelope/auth/null/pagination
397a85f5eee2,/api/user/banks/api/categories/<int:category_id>,PUT,user_bank_api_root.user_bank_api.update_category,user_bank,app/modules/user_bank/routes/api_categories.py:80,app/modules/user_bank/__init__.py::user_bank_api_root,blueprint_compatibility_alias,"[""auth_required""]","[""current_user_resolution""]","[""global_write_csrf_for_PUT:valid_jwt_or_xhr_required"",""global_session_or_valid_jwt_else_401"",""route_decorator:session_or_jwt""]",not_found_static_scan,not_found_static_scan,runtime:url_map;source:app/modules/user_bank/routes/api_categories.py:80,personalbank,pending,preserve path/method/status/envelope/auth/null/pagination
b893ef84850b,/api/user/banks/api/cover/upload,POST,user_bank_api_root.user_bank_api.upload_bank_cover,user_bank,app/modules/user_bank/routes/api_uploads.py:159,app/modules/user_bank/__init__.py::user_bank_api_root,blueprint_compatibility_alias,"[""auth_required"",""limiter.limit('10 per minute;200 per day')""]","[""current_user_resolution""]","[""global_write_csrf_for_POST:valid_jwt_or_xhr_required"",""global_session_or_valid_jwt_else_401"",""route_decorator:session_or_jwt""]",not_found_static_scan,not_found_static_scan,runtime:url_map;source:app/modules/user_bank/routes/api_uploads.py:159,personalbank,pending,preserve path/method/status/envelope/auth/null/pagination
aa1452081778,/api/user/banks/api/join,POST,user_bank_api_root.user_bank_api.join_bank,user_bank,app/modules/user_bank/routes/api_shares.py:424,app/modules/user_bank/__init__.py::user_bank_api_root,blueprint_compatibility_alias,"[""auth_required"",""limiter.limit('10/minute')""]","[""current_user_resolution""]","[""global_write_csrf_for_POST:valid_jwt_or_xhr_required"",""global_session_or_valid_jwt_else_401"",""route_decorator:session_or_jwt""]",miniprogram;tests,"{""miniprogram"":[""miniprogram-1/miniprogram/utils/api-endpoints.ts:768:request"",""miniprogram-1/miniprogram/utils/api-endpoints.ts:772:request""],""tests"":[""tests/test_user_bank_shares.py:112:test_client_literal"",""tests/test_user_bank_shares.py:138:test_client_literal"",""tests/test_user_bank_shares.py:176:test_client_literal""]}",runtime:url_map;source:app/modules/user_bank/routes/api_shares.py:424,personalbank,pending,preserve path/method/status/envelope/auth/null/pagination
a41b85995f88,/api/user/banks/api/join/preview,GET,user_bank_api_root.user_bank_api.preview_join_bank,user_bank,app/modules/user_bank/routes/api_shares.py:345,app/modules/user_bank/__init__.py::user_bank_api_root,blueprint_compatibility_alias,"[""auth_required"",""limiter.limit('20/minute')""]","[""current_user_resolution""]","[""global_session_or_valid_jwt_else_401"",""route_decorator:session_or_jwt""]",miniprogram,"{""miniprogram"":[""miniprogram-1/miniprogram/utils/api-endpoints.ts:776:request""]}",runtime:url_map;source:app/modules/user_bank/routes/api_shares.py:345,personalbank,pending,preserve path/method/status/envelope/auth/null/pagination
3f0be7c1ee78,/api/user/banks/api/list,GET,user_bank_api_root.user_bank_api.get_banks,user_bank,app/modules/user_bank/routes/api_banks.py:43,app/modules/user_bank/__init__.py::user_bank_api_root,blueprint_compatibility_alias,"[""auth_required""]","[""current_user_resolution""]","[""global_session_or_valid_jwt_else_401"",""route_decorator:session_or_jwt""]",miniprogram,"{""miniprogram"":[""miniprogram-1/miniprogram/utils/api-endpoints.ts:651:request""]}",runtime:url_map;source:app/modules/user_bank/routes/api_banks.py:43,personalbank,pending,preserve path/method/status/envelope/auth/null/pagination
2140c7777ea1,/api/user/banks/api/overview,GET,user_bank_api_root.user_bank_api.get_my_bank_overview,user_bank,app/modules/user_bank/routes/api_banks.py:28,app/modules/user_bank/__init__.py::user_bank_api_root,blueprint_compatibility_alias,"[""auth_required""]","[""current_user_resolution""]","[""global_session_or_valid_jwt_else_401"",""route_decorator:session_or_jwt""]",miniprogram,"{""miniprogram"":[""miniprogram-1/miniprogram/utils/api-endpoints.ts:660:request""]}",runtime:url_map;source:app/modules/user_bank/routes/api_banks.py:28,personalbank,pending,preserve path/method/status/envelope/auth/null/pagination
4c40f401db62,/api/user/banks/api/shared,GET,user_bank_api_root.user_bank_api.get_shared_banks,user_bank,app/modules/user_bank/routes/api_shares.py:521,app/modules/user_bank/__init__.py::user_bank_api_root,blueprint_compatibility_alias,"[""auth_required""]","[""current_user_resolution""]","[""global_session_or_valid_jwt_else_401"",""route_decorator:session_or_jwt""]",miniprogram;tests,"{""miniprogram"":[""miniprogram-1/miniprogram/utils/api-endpoints.ts:694:request""],""tests"":[""tests/test_user_bank_shares.py:120:test_client_literal"",""tests/test_user_bank_shares.py:146:test_client_literal"",""tests/test_user_bank_shares.py:202:test_client_literal""]}",runtime:url_map;source:app/modules/user_bank/routes/api_shares.py:521,personalbank,pending,preserve path/method/status/envelope/auth/null/pagination
cf34c255b085,/api/user/banks/api/shared/<int:bank_id>,DELETE,user_bank_api_root.user_bank_api.remove_shared_bank,user_bank,app/modules/user_bank/routes/api_shares.py:547,app/modules/user_bank/__init__.py::user_bank_api_root,blueprint_compatibility_alias,"[""auth_required""]","[""current_user_resolution""]","[""global_write_csrf_for_DELETE:valid_jwt_or_xhr_required"",""global_session_or_valid_jwt_else_401"",""route_decorator:session_or_jwt""]",not_found_static_scan,not_found_static_scan,runtime:url_map;source:app/modules/user_bank/routes/api_shares.py:547,personalbank,pending,preserve path/method/status/envelope/auth/null/pagination
a6fda3638fc3,/api/user/banks/api/shares/all,GET,user_bank_api_root.user_bank_api.get_all_shares,user_bank,app/modules/user_bank/routes/api_shares.py:152,app/modules/user_bank/__init__.py::user_bank_api_root,blueprint_compatibility_alias,"[""auth_required""]","[""current_user_resolution""]","[""global_session_or_valid_jwt_else_401"",""route_decorator:session_or_jwt""]",not_found_static_scan,not_found_static_scan,runtime:url_map;source:app/modules/user_bank/routes/api_shares.py:152,personalbank,pending,preserve path/method/status/envelope/auth/null/pagination
59c9c7366ec3,/api/user/checkin,POST,user.user_api.user_checkin,user,app/modules/user/routes/api.py:210,app/modules/user/routes/api.py:210,blueprint_decorator,"[""auth_required""]","[""current_user_resolution""]","[""global_write_csrf_for_POST:valid_jwt_or_xhr_required"",""global_session_or_valid_jwt_else_401"",""route_decorator:session_or_jwt""]",miniprogram;web,"{""miniprogram"":[""miniprogram-1/miniprogram/utils/api-endpoints.ts:614:request""],""web"":[""app/modules/main/templates/main/hub/hub.html:1517:fetch_literal""]}",runtime:url_map;source:app/modules/user/routes/api.py:210,learning,pending,preserve path/method/status/envelope/auth/null/pagination
088865391e1a,/api/user/checkin/status,GET,user.user_api.user_checkin_status,user,app/modules/user/routes/api.py:154,app/modules/user/routes/api.py:154,blueprint_decorator,"[""auth_required""]","[""current_user_resolution""]","[""global_session_or_valid_jwt_else_401"",""route_decorator:session_or_jwt""]",miniprogram;web,"{""miniprogram"":[""miniprogram-1/miniprogram/utils/api-endpoints.ts:605:request""],""web"":[""app/modules/main/templates/main/hub/hub.html:1500:fetch_literal""]}",runtime:url_map;source:app/modules/user/routes/api.py:154,learning,pending,preserve path/method/status/envelope/auth/null/pagination
0f8a0636fa75,/api/user/follow,POST,forum.forum_user_api.api_follow_user,forum,app/modules/forum/routes/api_follow.py:12,app/modules/forum/routes/api_follow.py:12,blueprint_decorator,"[""limiter.limit('30 per minute;300 per day')""]","[""session_reference"",""unauthorized_response_signal""]","[""global_write_csrf_for_POST:valid_jwt_or_xhr_required"",""global_session_or_valid_jwt_else_401"",""route_auth:none""]",not_found_static_scan,not_found_static_scan,runtime:url_map;source:app/modules/forum/routes/api_follow.py:12,community,pending,preserve path/method/status/envelope/auth/null/pagination
18352825da6c,/api/user/last-practice,GET,user.user_api.user_last_practice,user,app/modules/user/routes/api.py:843,app/modules/user/routes/api.py:843,blueprint_decorator,"[""auth_required""]","[""current_user_resolution""]","[""global_session_or_valid_jwt_else_401"",""route_decorator:session_or_jwt""]",miniprogram,"{""miniprogram"":[""miniprogram-1/miniprogram/utils/api-endpoints.ts:625:request""]}",runtime:url_map;source:app/modules/user/routes/api.py:843,learning,pending,preserve path/method/status/envelope/auth/null/pagination
497b72cfd701,/api/user/stats,GET,user.user_api.user_stats,user,app/modules/user/routes/api.py:283,app/modules/user/routes/api.py:283,blueprint_decorator,[],"[""session_reference"",""unauthorized_response_signal""]","[""global_session_or_valid_jwt_else_401"",""route_auth:none""]",not_found_static_scan,not_found_static_scan,runtime:url_map;source:app/modules/user/routes/api.py:283,learning,pending,preserve path/method/status/envelope/auth/null/pagination
dd33c371113a,/api/user/unfollow,POST,forum.forum_user_api.api_unfollow_user,forum,app/modules/forum/routes/api_follow.py:47,app/modules/forum/routes/api_follow.py:47,blueprint_decorator,"[""limiter.limit('30 per minute;300 per day')""]","[""session_reference"",""unauthorized_response_signal""]","[""global_write_csrf_for_POST:valid_jwt_or_xhr_required"",""global_session_or_valid_jwt_else_401"",""route_auth:none""]",not_found_static_scan,not_found_static_scan,runtime:url_map;source:app/modules/forum/routes/api_follow.py:47,community,pending,preserve path/method/status/envelope/auth/null/pagination
3def8a3db01b,/api/user/update,POST,user.user_api.update_user,user,app/modules/user/routes/api.py:342,app/modules/user/routes/api.py:342,blueprint_decorator,[],"[""session_reference"",""unauthorized_response_signal""]","[""global_write_csrf_for_POST:valid_jwt_or_xhr_required"",""global_session_or_valid_jwt_else_401"",""route_auth:none""]",not_found_static_scan,not_found_static_scan,runtime:url_map;source:app/modules/user/routes/api.py:342,identity,pending,preserve path/method/status/envelope/auth/null/pagination
0a241798a9dd,/api/web_login/confirm,POST,auth.auth_api.api_web_login_confirm,auth,app/modules/auth/routes/api.py:755,app/modules/auth/routes/api.py:755,blueprint_decorator,"[""jwt_required"",""limiter.limit('60 per minute')""]","[""jwt_or_authorization_reference"",""unauthorized_response_signal"",""forbidden_response_signal""]","[""global_write_csrf_for_POST:valid_jwt_or_xhr_required"",""global_anonymous_allow_web_login_prefix"",""route_decorator:jwt""]",miniprogram,"{""miniprogram"":[""miniprogram-1/miniprogram/utils/api-endpoints.ts:97:request""]}",runtime:url_map;source:app/modules/auth/routes/api.py:755,identity,pending,preserve path/method/status/envelope/auth/null/pagination
07f2b81da6c6,/api/web_login/exchange,POST,auth.auth_api.api_web_login_exchange,auth,app/modules/auth/routes/api.py:788,app/modules/auth/routes/api.py:788,blueprint_decorator,"[""limiter.limit('120 per minute')""]",[],"[""global_write_csrf_for_POST:valid_jwt_or_xhr_required"",""global_anonymous_allow_web_login_prefix"",""route_auth:none""]",web,"{""web"":[""app/modules/auth/templates/auth/login.html:1367:fetch_literal""]}",runtime:url_map;source:app/modules/auth/routes/api.py:788,identity,pending,preserve path/method/status/envelope/auth/null/pagination
1ce5a8d5c90d,/api/web_login/mini_webview_url,POST,auth.auth_api.api_web_login_mini_webview_url,auth,app/modules/auth/routes/api.py:820,app/modules/auth/routes/api.py:820,blueprint_decorator,"[""jwt_required"",""limiter.limit('60 per minute')""]","[""jwt_or_authorization_reference"",""unauthorized_response_signal""]","[""global_write_csrf_for_POST:valid_jwt_or_xhr_required"",""global_anonymous_allow_web_login_prefix"",""route_decorator:jwt""]",miniprogram,"{""miniprogram"":[""miniprogram-1/miniprogram/utils/api-endpoints.ts:101:request""]}",runtime:url_map;source:app/modules/auth/routes/api.py:820,identity,pending,preserve path/method/status/envelope/auth/null/pagination
7d1ec5e3f6eb,/api/web_login/qrcode,POST,auth.auth_api.api_web_login_qrcode,auth,app/modules/auth/routes/api.py:690,app/modules/auth/routes/api.py:690,blueprint_decorator,"[""limiter.limit('60 per minute')""]",[],"[""global_write_csrf_for_POST:valid_jwt_or_xhr_required"",""global_anonymous_allow_web_login_prefix"",""route_auth:none""]",tests;web,"{""tests"":[""tests/test_auth_login_methods_settings.py:176:test_client_literal""],""web"":[""app/modules/auth/templates/auth/login.html:1319:fetch_literal""]}",runtime:url_map;source:app/modules/auth/routes/api.py:690,identity,pending,preserve path/method/status/envelope/auth/null/pagination
deb64969e843,/api/web_login/sessions/<sid>,GET,auth.auth_api.api_web_login_session_status,auth,app/modules/auth/routes/api.py:723,app/modules/auth/routes/api.py:723,blueprint_decorator,"[""limiter.limit('90 per minute;1000 per hour', key_func=_sid_poll_rate_key)""]",[],"[""global_anonymous_allow_web_login_prefix"",""route_auth:none""]",web,"{""web"":[""app/modules/auth/templates/auth/login.html:1353:fetch_literal""]}",runtime:url_map;source:app/modules/auth/routes/api.py:723,identity,pending,preserve path/method/status/envelope/auth/null/pagination
8c6d0538f7c7,/api/wechat/bind,POST,auth.auth_api.api_wechat_bind_existing_user,auth,app/modules/auth/routes/api.py:601,app/modules/auth/routes/api.py:601,blueprint_decorator,"[""limiter.limit('60 per minute')""]","[""jwt_or_authorization_reference"",""unauthorized_response_signal"",""forbidden_response_signal""]","[""global_anonymous_allow_exact"",""route_auth:none""]",miniprogram,"{""miniprogram"":[""miniprogram-1/miniprogram/utils/api-endpoints.ts:80:request"",""miniprogram-1/miniprogram/utils/api-endpoints.ts:88:request""]}",runtime:url_map;source:app/modules/auth/routes/api.py:601,identity,pending,preserve path/method/status/envelope/auth/null/pagination
12003266e947,/api/wechat/bind/send_code,POST,auth.auth_api.api_wechat_bind_send_code,auth,app/modules/auth/routes/api.py:567,app/modules/auth/routes/api.py:567,blueprint_decorator,"[""limiter.limit('1 per minute;10 per hour')""]","[""unauthorized_response_signal""]","[""global_anonymous_allow_exact"",""route_auth:none""]",miniprogram,"{""miniprogram"":[""miniprogram-1/miniprogram/utils/api-endpoints.ts:77:request""]}",runtime:url_map;source:app/modules/auth/routes/api.py:567,identity,pending,preserve path/method/status/envelope/auth/null/pagination
192d3c777f6c,/api/wechat/bind_confirm,POST,auth.auth_api.api_wechat_bind_confirm,auth,app/modules/auth/routes/api.py:926,app/modules/auth/routes/api.py:926,blueprint_decorator,"[""limiter.limit('60 per minute')""]","[""forbidden_response_signal""]","[""global_anonymous_allow_exact"",""route_auth:none""]",miniprogram,"{""miniprogram"":[""miniprogram-1/miniprogram/utils/api-endpoints.ts:105:request""]}",runtime:url_map;source:app/modules/auth/routes/api.py:926,identity,pending,preserve path/method/status/envelope/auth/null/pagination
2c2215e4177f,/api/wechat/bind_qrcode,POST,auth.auth_api.api_wechat_bind_qrcode,auth,app/modules/auth/routes/api.py:868,app/modules/auth/routes/api.py:868,blueprint_decorator,"[""limiter.limit('30 per minute')""]","[""session_reference"",""unauthorized_response_signal""]","[""global_write_csrf_for_POST:valid_jwt_or_xhr_required"",""global_session_or_valid_jwt_else_401"",""route_auth:none""]",web,"{""web"":[""app/modules/main/templates/main/account/bindings.html:709:fetch_literal"",""app/modules/main/templates/main/profile/profile.html:593:fetch_literal""]}",runtime:url_map;source:app/modules/auth/routes/api.py:868,identity,pending,preserve path/method/status/envelope/auth/null/pagination
f36689e00d23,/api/wechat/bind_sessions/<sid>,GET,auth.auth_api.api_wechat_bind_session_status,auth,app/modules/auth/routes/api.py:898,app/modules/auth/routes/api.py:898,blueprint_decorator,"[""limiter.limit('90 per minute;1000 per hour', key_func=_sid_poll_rate_key)""]","[""session_reference"",""unauthorized_response_signal"",""forbidden_response_signal""]","[""global_session_or_valid_jwt_else_401"",""route_auth:none""]",web,"{""web"":[""app/modules/main/templates/main/account/bindings.html:732:fetch_literal"",""app/modules/main/templates/main/profile/profile.html:615:fetch_literal""]}",runtime:url_map;source:app/modules/auth/routes/api.py:898,identity,pending,preserve path/method/status/envelope/auth/null/pagination
f88fb5e3c2e9,/api/wechat/create,POST,auth.auth_api.api_wechat_create_from_temp,auth,app/modules/auth/routes/api.py:511,app/modules/auth/routes/api.py:511,blueprint_decorator,"[""limiter.limit('10 per minute')""]","[""jwt_or_authorization_reference"",""unauthorized_response_signal"",""forbidden_response_signal""]","[""global_anonymous_allow_exact"",""route_auth:none""]",miniprogram;tests,"{""miniprogram"":[""miniprogram-1/miniprogram/utils/api-endpoints.ts:73:request""],""tests"":[""tests/test_wechat_new_user_nickname.py:124:test_client_literal""]}",runtime:url_map;source:app/modules/auth/routes/api.py:511,identity,pending,preserve path/method/status/envelope/auth/null/pagination
031ed9859b6b,/api/wechat/login,POST,auth.auth_api.api_wechat_login,auth,app/modules/auth/routes/api.py:386,app/modules/auth/routes/api.py:386,blueprint_decorator,"[""limiter.limit('100 per minute')""]","[""jwt_or_authorization_reference"",""forbidden_response_signal""]","[""global_anonymous_allow_exact"",""route_auth:none""]",miniprogram;tests,"{""miniprogram"":[""miniprogram-1/miniprogram/utils/api-endpoints.ts:69:request""],""tests"":[""tests/test_auth_login_methods_settings.py:173:test_client_literal""]}",runtime:url_map;source:app/modules/auth/routes/api.py:386,identity,pending,preserve path/method/status/envelope/auth/null/pagination
a6e11a6d7f65,/api/wechat/unbind,POST,auth.auth_api.api_wechat_unbind,auth,app/modules/auth/routes/api.py:964,app/modules/auth/routes/api.py:964,blueprint_decorator,"[""auth_required"",""limiter.limit('30 per minute')""]","[""session_reference"",""current_user_resolution"",""unauthorized_response_signal""]","[""global_write_csrf_for_POST:valid_jwt_or_xhr_required"",""global_session_or_valid_jwt_else_401"",""route_decorator:session_or_jwt""]",miniprogram;web,"{""miniprogram"":[""miniprogram-1/miniprogram/utils/api-endpoints.ts:489:request""],""web"":[""app/modules/main/templates/main/account/bindings.html:763:fetch_literal"",""app/modules/main/templates/main/profile/profile.html:646:fetch_literal""]}",runtime:url_map;source:app/modules/auth/routes/api.py:964,identity,pending,preserve path/method/status/envelope/auth/null/pagination
f921955e8005,/bank/join,GET,public_bank.join_bank_page,user_bank,app/modules/user_bank/routes/public.py:339,app/modules/user_bank/routes/public.py:339,blueprint_decorator,[],[],"[""global_anonymous_login_redirect"",""route_auth:none""]",not_found_static_scan,not_found_static_scan,runtime:url_map;source:app/modules/user_bank/routes/public.py:339,personalbank,pending,preserve path/method/status/envelope/auth/null/pagination
49cc4e0abd42,/chat,GET,chat.chat_pages.chat_page,chat,app/modules/chat/routes/pages.py:8,app/modules/chat/routes/pages.py:8,blueprint_decorator,[],"[""session_reference"",""unauthorized_response_signal""]","[""global_anonymous_login_redirect"",""route_auth:none""]",web,"{""web"":[""app/modules/coding/templates/coding/home.html:507:navigation_literal"",""app/modules/coding/templates/coding/index.html:545:navigation_literal"",""app/modules/main/templates/main/shared/_app_sidebar.html:700:navigation_literal"",""app/modules/main/templates/main/shared/app_shell.html:1580:navigation_literal"",""app/modules/main/templates/main/shared/app_shell.html:915:navigation_literal"",""static/js/profile_v2.js:193:navigation_literal""]}",runtime:url_map;source:app/modules/chat/routes/pages.py:8,messaging,pending,preserve path/method/status/envelope/auth/null/pagination
118c0d596df1,/coding,GET,coding_redirect,coding,app/modules/coding/__init__.py:17,app/modules/coding/__init__.py:17,blueprint_decorator,[],[],"[""global_anonymous_login_redirect"",""route_auth:none""]",web,"{""web"":[""app/modules/coding/templates/coding/home.html:470:navigation_literal"",""app/modules/coding/templates/coding/home.html:495:navigation_literal"",""app/modules/coding/templates/coding/index.html:508:navigation_literal"",""app/modules/coding/templates/coding/index.html:533:navigation_literal"",""app/modules/coding/templates/coding/statistics.html:383:navigation_literal"",""app/modules/coding/templates/coding/statistics.html:385:navigation_literal"",""app/modules/coding/templates/coding/submissions.html:396:navigation_literal"",""app/modules/coding/templates/coding/submissions.html:398:navigation_literal""]}",runtime:url_map;source:app/modules/coding/__init__.py:17,coding,pending,preserve path/method/status/envelope/auth/null/pagination
d1c62022f3de,/coding/,GET,coding.coding_pages.coding_index,coding,app/modules/coding/routes/pages.py:23,app/modules/coding/routes/pages.py:23,blueprint_decorator,[],"[""session_reference""]","[""global_anonymous_login_redirect"",""route_auth:none""]",web,"{""web"":[""app/modules/coding/templates/coding/_sidebar.html:4:navigation_literal""]}",runtime:url_map;source:app/modules/coding/routes/pages.py:23,coding,pending,preserve path/method/status/envelope/auth/null/pagination
a2c6cde034da,/coding/<int:question_id>,GET,coding.coding_pages.coding_detail,coding,app/modules/coding/routes/pages.py:72,app/modules/coding/routes/pages.py:72,blueprint_decorator,[],"[""session_reference""]","[""global_anonymous_login_redirect"",""route_auth:none""]",web,"{""web"":[""app/modules/coding/templates/coding/questions.html:624:navigation_literal"",""app/modules/coding/templates/coding/submissions.html:477:navigation_literal""]}",runtime:url_map;source:app/modules/coding/routes/pages.py:72,coding,pending,preserve path/method/status/envelope/auth/null/pagination
f80642b0ac4d,/coding/api/drafts/<int:question_id>,DELETE,coding.coding_api.api_delete_draft,coding,app/modules/coding/routes/api.py:579,app/modules/coding/routes/api.py:579,blueprint_decorator,"[""login_required""]","[""session_reference"",""unauthorized_response_signal""]","[""global_anonymous_login_redirect"",""route_decorator:session""]",web,"{""web"":[""app/modules/coding/templates/coding/_scripts_ui.html:11:fetch_literal""]}",runtime:url_map;source:app/modules/coding/routes/api.py:579,coding,pending,preserve path/method/status/envelope/auth/null/pagination
d43d7647a35f,/coding/api/drafts/<int:question_id>,GET,coding.coding_api.api_get_draft,coding,app/modules/coding/routes/api.py:483,app/modules/coding/routes/api.py:483,blueprint_decorator,"[""login_required""]","[""session_reference"",""unauthorized_response_signal""]","[""global_anonymous_login_redirect"",""route_decorator:session""]",web,"{""web"":[""app/modules/coding/templates/coding/_scripts_editor.html:424:fetch_literal""]}",runtime:url_map;source:app/modules/coding/routes/api.py:483,coding,pending,preserve path/method/status/envelope/auth/null/pagination
23dddda04f1f,/coding/api/drafts/<int:question_id>,POST,coding.coding_api.api_save_draft,coding,app/modules/coding/routes/api.py:523,app/modules/coding/routes/api.py:523,blueprint_decorator,"[""login_required"",""limiter.limit('30 per minute')""]","[""session_reference"",""unauthorized_response_signal""]","[""global_anonymous_login_redirect"",""route_decorator:session""]",web,"{""web"":[""app/modules/coding/templates/coding/_scripts_editor.html:387:fetch_literal""]}",runtime:url_map;source:app/modules/coding/routes/api.py:523,coding,pending,preserve path/method/status/envelope/auth/null/pagination
5ceb067f28db,/coding/api/execute,POST,coding.coding_api.api_execute,coding,app/modules/coding/routes/api.py:347,app/modules/coding/routes/api.py:347,blueprint_decorator,"[""login_required"",""limiter.limit('10 per minute')""]",[],"[""global_anonymous_login_redirect"",""route_decorator:session""]",web,"{""web"":[""app/modules/coding/templates/coding/_scripts_editor.html:293:fetch_literal"",""app/modules/coding/templates/coding/_scripts_ui.html:944:fetch_literal""]}",runtime:url_map;source:app/modules/coding/routes/api.py:347,coding,pending,preserve path/method/status/envelope/auth/null/pagination
865db4e8d1db,/coding/api/questions,GET,coding.coding_api.api_get_questions,coding,app/modules/coding/routes/api.py:281,app/modules/coding/routes/api.py:281,blueprint_decorator,"[""login_required""]","[""session_reference""]","[""global_anonymous_login_redirect"",""route_decorator:session""]",web,"{""web"":[""app/modules/coding/templates/coding/_scripts_editor.html:69:fetch_literal"",""app/modules/coding/templates/coding/questions.html:566:fetch_literal""]}",runtime:url_map;source:app/modules/coding/routes/api.py:281,coding,pending,preserve path/method/status/envelope/auth/null/pagination
01cae8927a1e,/coding/api/questions/<int:question_id>,GET,coding.coding_api.api_get_question,coding,app/modules/coding/routes/api.py:319,app/modules/coding/routes/api.py:319,blueprint_decorator,"[""login_required""]","[""session_reference""]","[""global_anonymous_login_redirect"",""route_decorator:session""]",web,"{""web"":[""app/modules/coding/templates/admin/coding/dashboard.html:770:fetch_literal"",""app/modules/coding/templates/admin/coding/edit.html:572:fetch_literal"",""app/modules/coding/templates/coding/_scripts_editor.html:133:fetch_literal""]}",runtime:url_map;source:app/modules/coding/routes/api.py:319,coding,pending,preserve path/method/status/envelope/auth/null/pagination
26cfe72f0742,/coding/api/questions/<int:question_id>/rankings,GET,coding.coding_api.api_get_question_rankings,coding,app/modules/coding/routes/api.py:696,app/modules/coding/routes/api.py:696,blueprint_decorator,"[""login_required""]","[""session_reference"",""current_user_resolution""]","[""global_anonymous_login_redirect"",""route_decorator:session""]",web,"{""web"":[""app/modules/coding/templates/coding/_scripts_ui.html:674:fetch_literal"",""app/modules/coding/templates/coding/statistics.html:405:fetch_literal""]}",runtime:url_map;source:app/modules/coding/routes/api.py:696,coding,pending,preserve path/method/status/envelope/auth/null/pagination
4b7930f8e39d,/coding/api/statistics,GET,coding.coding_api.api_get_statistics,coding,app/modules/coding/routes/api.py:670,app/modules/coding/routes/api.py:670,blueprint_decorator,"[""login_required""]","[""session_reference"",""unauthorized_response_signal""]","[""global_anonymous_login_redirect"",""route_decorator:session""]",not_found_static_scan,not_found_static_scan,runtime:url_map;source:app/modules/coding/routes/api.py:670,coding,pending,preserve path/method/status/envelope/auth/null/pagination
acffd5969752,/coding/api/subjects,GET,coding.coding_api.api_get_subjects,coding,app/modules/coding/routes/api.py:24,app/modules/coding/routes/api.py:24,blueprint_decorator,"[""login_required""]",[],"[""global_anonymous_login_redirect"",""route_decorator:session""]",not_found_static_scan,not_found_static_scan,runtime:url_map;source:app/modules/coding/routes/api.py:24,coding,pending,preserve path/method/status/envelope/auth/null/pagination
755b21a8c938,/coding/api/subjects/<int:subject_id>/overview,GET,coding.coding_api.api_get_subject_overview,coding,app/modules/coding/routes/api.py:113,app/modules/coding/routes/api.py:113,blueprint_decorator,"[""login_required""]","[""session_reference""]","[""global_anonymous_login_redirect"",""route_decorator:session""]",web,"{""web"":[""app/modules/coding/templates/coding/questions.html:646:fetch_literal"",""app/modules/coding/templates/coding/subject_overview.html:714:fetch_literal""]}",runtime:url_map;source:app/modules/coding/routes/api.py:113,coding,pending,preserve path/method/status/envelope/auth/null/pagination
3cab194809f6,/coding/api/subjects/stats,GET,coding.coding_api.api_get_subjects_stats,coding,app/modules/coding/routes/api.py:56,app/modules/coding/routes/api.py:56,blueprint_decorator,"[""login_required""]","[""session_reference""]","[""global_anonymous_login_redirect"",""route_decorator:session""]",web,"{""web"":[""app/modules/coding/templates/coding/home.html:538:fetch_literal"",""app/modules/coding/templates/coding/index.html:619:fetch_literal""]}",runtime:url_map;source:app/modules/coding/routes/api.py:56,coding,pending,preserve path/method/status/envelope/auth/null/pagination
8558a0402b75,/coding/api/submissions,GET,coding.coding_api.api_get_submissions,coding,app/modules/coding/routes/api.py:611,app/modules/coding/routes/api.py:611,blueprint_decorator,"[""login_required""]","[""session_reference""]","[""global_anonymous_login_redirect"",""route_decorator:session""]",web,"{""web"":[""app/modules/coding/templates/coding/_scripts_ui.html:528:fetch_literal"",""app/modules/coding/templates/coding/submissions.html:417:fetch_literal""]}",runtime:url_map;source:app/modules/coding/routes/api.py:611,coding,pending,preserve path/method/status/envelope/auth/null/pagination
1ec13f585030,/coding/api/submissions/<int:submission_id>,GET,coding.coding_api.api_get_submission,coding,app/modules/coding/routes/api.py:642,app/modules/coding/routes/api.py:642,blueprint_decorator,"[""login_required""]","[""session_reference""]","[""global_anonymous_login_redirect"",""route_decorator:session""]",web,"{""web"":[""app/modules/coding/templates/coding/_scripts_ui.html:621:fetch_literal"",""app/modules/coding/templates/coding/_scripts_ui.html:644:fetch_literal""]}",runtime:url_map;source:app/modules/coding/routes/api.py:642,coding,pending,preserve path/method/status/envelope/auth/null/pagination
7b58faad8283,/coding/api/submit,POST,coding.coding_api.api_submit,coding,app/modules/coding/routes/api.py:396,app/modules/coding/routes/api.py:396,blueprint_decorator,"[""login_required"",""limiter.limit('5 per minute')""]","[""session_reference"",""unauthorized_response_signal""]","[""global_anonymous_login_redirect"",""route_decorator:session""]",web,"{""web"":[""app/modules/coding/templates/coding/_scripts_editor.html:327:fetch_literal""]}",runtime:url_map;source:app/modules/coding/routes/api.py:396,coding,pending,preserve path/method/status/envelope/auth/null/pagination
f7caf0d8a9ee,/coding/home,GET,coding.coding_pages.coding_home,coding,app/modules/coding/routes/pages.py:8,app/modules/coding/routes/pages.py:8,blueprint_decorator,[],"[""session_reference""]","[""global_anonymous_login_redirect"",""route_auth:none""]",web,"{""web"":[""app/modules/coding/templates/coding/home.html:485:navigation_literal"",""app/modules/coding/templates/coding/index.html:523:navigation_literal"",""app/modules/coding/templates/coding/statistics.html:384:navigation_literal"",""app/modules/coding/templates/coding/subject_overview.html:541:navigation_literal"",""app/modules/coding/templates/coding/submissions.html:397:navigation_literal"",""app/modules/main/templates/main/shared/_app_sidebar.html:711:navigation_literal""]}",runtime:url_map;source:app/modules/coding/routes/pages.py:8,coding,pending,preserve path/method/status/envelope/auth/null/pagination
8a9812819979,/coding/index,GET,coding.coding_pages.coding_index,coding,app/modules/coding/routes/pages.py:23,app/modules/coding/routes/pages.py:23,blueprint_decorator,[],"[""session_reference""]","[""global_anonymous_login_redirect"",""route_auth:none""]",not_found_static_scan,not_found_static_scan,runtime:url_map;source:app/modules/coding/routes/pages.py:23,coding,pending,preserve path/method/status/envelope/auth/null/pagination
79bbebfeb1fa,/coding/questions,GET,coding.coding_pages.coding_questions,coding,app/modules/coding/routes/pages.py:55,app/modules/coding/routes/pages.py:55,blueprint_decorator,[],"[""session_reference""]","[""global_anonymous_login_redirect"",""route_auth:none""]",web,"{""web"":[""app/modules/coding/templates/coding/questions.html:469:navigation_literal"",""app/modules/coding/templates/coding/subject_overview.html:569:navigation_literal"",""app/modules/coding/templates/coding/subject_overview.html:639:navigation_literal"",""app/modules/coding/templates/coding/subject_overview.html:837:navigation_literal"",""app/modules/coding/templates/coding/subject_overview.html:857:navigation_literal""]}",runtime:url_map;source:app/modules/coding/routes/pages.py:55,coding,pending,preserve path/method/status/envelope/auth/null/pagination
86e799ce88b8,/coding/statistics,GET,coding.coding_pages.coding_statistics,coding,app/modules/coding/routes/pages.py:107,app/modules/coding/routes/pages.py:107,blueprint_decorator,[],"[""session_reference""]","[""global_anonymous_login_redirect"",""route_auth:none""]",web,"{""web"":[""app/modules/coding/templates/coding/questions.html:494:navigation_literal"",""app/modules/coding/templates/coding/subject_overview.html:594:navigation_literal""]}",runtime:url_map;source:app/modules/coding/routes/pages.py:107,coding,pending,preserve path/method/status/envelope/auth/null/pagination
8f2060c6dc38,/coding/subject/<int:subject_id>,GET,coding.coding_pages.coding_subject_overview,coding,app/modules/coding/routes/pages.py:39,app/modules/coding/routes/pages.py:39,blueprint_decorator,[],"[""session_reference""]","[""global_anonymous_login_redirect"",""route_auth:none""]",web,"{""web"":[""app/modules/coding/templates/coding/index.html:696:navigation_literal"",""app/modules/coding/templates/coding/questions.html:443:navigation_literal"",""app/modules/coding/templates/coding/questions.html:460:navigation_literal""]}",runtime:url_map;source:app/modules/coding/routes/pages.py:39,coding,pending,preserve path/method/status/envelope/auth/null/pagination
a358b4fbb834,/coding/submissions,GET,coding.coding_pages.coding_submissions,coding,app/modules/coding/routes/pages.py:88,app/modules/coding/routes/pages.py:88,blueprint_decorator,[],"[""session_reference""]","[""global_anonymous_login_redirect"",""route_auth:none""]",web,"{""web"":[""app/modules/coding/templates/coding/questions.html:481:navigation_literal"",""app/modules/coding/templates/coding/subject_overview.html:581:navigation_literal""]}",runtime:url_map;source:app/modules/coding/routes/pages.py:88,coding,pending,preserve path/method/status/envelope/auth/null/pagination
e9bd6a65ac94,/community,GET,forum.forum_pages.community_redirect,forum,app/modules/forum/routes/pages.py:53,app/modules/forum/routes/pages.py:53,blueprint_decorator,[],[],"[""global_anonymous_login_redirect"",""route_auth:none""]",not_found_static_scan,not_found_static_scan,runtime:url_map;source:app/modules/forum/routes/pages.py:53,community,pending,preserve path/method/status/envelope/auth/null/pagination
5e06f0f809ac,/community/<path:subpath>,GET,forum.forum_pages.community_redirect,forum,app/modules/forum/routes/pages.py:53,app/modules/forum/routes/pages.py:53,blueprint_decorator,[],[],"[""global_anonymous_login_redirect"",""route_auth:none""]",not_found_static_scan,not_found_static_scan,runtime:url_map;source:app/modules/forum/routes/pages.py:53,community,pending,preserve path/method/status/envelope/auth/null/pagination
ff3b6347feb8,/data,GET,main.main_pages.history_page,main,app/modules/main/routes/pages_components/data_center.py:51,app/modules/main/routes/pages_components/data_center.py:51,blueprint_decorator,[],"[""session_reference""]","[""global_anonymous_login_redirect"",""route_auth:none""]",web,"{""web"":[""app/modules/main/templates/main/account/profile.html:324:navigation_literal"",""app/modules/main/templates/main/data/data_shell.html:37:navigation_literal"",""app/modules/main/templates/main/history/history.html:45:navigation_literal"",""app/modules/main/templates/main/history/history.html:46:navigation_literal"",""app/modules/main/templates/main/history/history.html:47:navigation_literal"",""app/modules/main/templates/main/hub/hub.html:1167:navigation_literal"",""app/modules/main/templates/main/profile/profile_display.html:407:navigation_literal"",""app/modules/main/templates/main/shared/_app_sidebar.html:635:navigation_literal""]}",runtime:url_map;source:app/modules/main/routes/pages_components/data_center.py:51,learning,pending,preserve path/method/status/envelope/auth/null/pagination
c89a5c2475b4,/data/ai,GET,main.main_pages.history_page,main,app/modules/main/routes/pages_components/data_center.py:51,app/modules/main/routes/pages_components/data_center.py:51,blueprint_decorator,[],"[""session_reference""]","[""global_anonymous_login_redirect"",""route_auth:none""]",web,"{""web"":[""app/modules/main/templates/main/data/data_overview.html:108:navigation_literal"",""app/modules/main/templates/main/data/data_shell.html:40:navigation_literal""]}",runtime:url_map;source:app/modules/main/routes/pages_components/data_center.py:51,learning,pending,preserve path/method/status/envelope/auth/null/pagination
170e5d7b9ce3,/data/banks,GET,main.main_pages.history_page,main,app/modules/main/routes/pages_components/data_center.py:51,app/modules/main/routes/pages_components/data_center.py:51,blueprint_decorator,[],"[""session_reference""]","[""global_anonymous_login_redirect"",""route_auth:none""]",web,"{""web"":[""app/modules/main/templates/main/data/data_shell.html:38:navigation_literal"",""app/modules/main/templates/main/data/data_v2_global.html:154:navigation_literal"",""app/modules/main/templates/main/shared/_app_sidebar.html:642:navigation_literal""]}",runtime:url_map;source:app/modules/main/routes/pages_components/data_center.py:51,learning,pending,preserve path/method/status/envelope/auth/null/pagination
c55ee1cbea6a,/data/favorites,GET,main.main_pages.history_page,main,app/modules/main/routes/pages_components/data_center.py:51,app/modules/main/routes/pages_components/data_center.py:51,blueprint_decorator,[],"[""session_reference""]","[""global_anonymous_login_redirect"",""route_auth:none""]",web,"{""web"":[""app/modules/main/templates/main/data/data_v2_global.html:156:navigation_literal"",""app/modules/main/templates/main/data/data_v2_global_legacy.html:72:navigation_literal"",""app/modules/main/templates/main/shared/_app_sidebar.html:649:navigation_literal""]}",runtime:url_map;source:app/modules/main/routes/pages_components/data_center.py:51,learning,pending,preserve path/method/status/envelope/auth/null/pagination
d9beaa039834,/data/global,GET,main.main_pages.history_page,main,app/modules/main/routes/pages_components/data_center.py:51,app/modules/main/routes/pages_components/data_center.py:51,blueprint_decorator,[],"[""session_reference""]","[""global_anonymous_login_redirect"",""route_auth:none""]",web,"{""web"":[""app/modules/main/templates/main/data/data_v2_banks.html:39:navigation_literal"",""app/modules/main/templates/main/data/data_v2_favorites.html:46:navigation_literal"",""app/modules/main/templates/main/data/data_v2_mistakes.html:43:navigation_literal"",""app/modules/main/templates/main/data/data_v2_tags.html:43:navigation_literal""]}",runtime:url_map;source:app/modules/main/routes/pages_components/data_center.py:51,learning,pending,preserve path/method/status/envelope/auth/null/pagination
2c1d2b5fe615,/data/mistakes,GET,main.main_pages.history_page,main,app/modules/main/routes/pages_components/data_center.py:51,app/modules/main/routes/pages_components/data_center.py:51,blueprint_decorator,[],"[""session_reference""]","[""global_anonymous_login_redirect"",""route_auth:none""]",web,"{""web"":[""app/modules/main/templates/main/data/data_v2_global.html:155:navigation_literal"",""app/modules/main/templates/main/data/data_v2_global_legacy.html:71:navigation_literal"",""app/modules/main/templates/main/shared/_app_sidebar.html:655:navigation_literal""]}",runtime:url_map;source:app/modules/main/routes/pages_components/data_center.py:51,learning,pending,preserve path/method/status/envelope/auth/null/pagination
dfc23329690e,/data/tags,GET,main.main_pages.history_page,main,app/modules/main/routes/pages_components/data_center.py:51,app/modules/main/routes/pages_components/data_center.py:51,blueprint_decorator,[],"[""session_reference""]","[""global_anonymous_login_redirect"",""route_auth:none""]",web,"{""web"":[""app/modules/main/templates/main/data/data_v2_global_legacy.html:73:navigation_literal"",""app/modules/main/templates/main/shared/_app_sidebar.html:662:navigation_literal""]}",runtime:url_map;source:app/modules/main/routes/pages_components/data_center.py:51,learning,pending,preserve path/method/status/envelope/auth/null/pagination
10a932308b1a,/data/trend,GET,main.main_pages.history_page,main,app/modules/main/routes/pages_components/data_center.py:51,app/modules/main/routes/pages_components/data_center.py:51,blueprint_decorator,[],"[""session_reference""]","[""global_anonymous_login_redirect"",""route_auth:none""]",web,"{""web"":[""app/modules/main/templates/main/data/data_shell.html:39:navigation_literal""]}",runtime:url_map;source:app/modules/main/routes/pages_components/data_center.py:51,learning,pending,preserve path/method/status/envelope/auth/null/pagination
a176ba1cd949,/edu-grades,GET,edu_schedule.edu_schedule_pages.edu_grades_page,edu_schedule,app/modules/edu_schedule/routes/pages.py:46,app/modules/edu_schedule/routes/pages.py:46,blueprint_decorator,"[""login_required""]",[],"[""global_anonymous_login_redirect"",""route_decorator:session""]",tests;web,"{""tests"":[""tests/test_edu_schedule.py:376:test_client_literal"",""tests/test_edu_schedule.py:401:test_client_literal"",""tests/test_edu_schedule.py:420:test_client_literal"",""tests/test_edu_schedule.py:441:test_client_literal"",""tests/test_edu_schedule.py:474:test_client_literal"",""tests/test_edu_schedule.py:493:test_client_literal""],""web"":[""app/modules/main/templates/main/shared/_app_sidebar.html:545:navigation_literal""]}",runtime:url_map;source:app/modules/edu_schedule/routes/pages.py:46,campus,pending,preserve path/method/status/envelope/auth/null/pagination
add6197996c5,/edu-schedule,GET,edu_schedule.edu_schedule_pages.edu_schedule_page,edu_schedule,app/modules/edu_schedule/routes/pages.py:40,app/modules/edu_schedule/routes/pages.py:40,blueprint_decorator,"[""login_required""]",[],"[""global_anonymous_login_redirect"",""route_decorator:session""]",tests;web,"{""tests"":[""tests/test_edu_schedule.py:375:test_client_literal"",""tests/test_edu_schedule.py:400:test_client_literal"",""tests/test_edu_schedule.py:419:test_client_literal"",""tests/test_edu_schedule.py:440:test_client_literal"",""tests/test_edu_schedule.py:473:test_client_literal"",""tests/test_edu_schedule.py:492:test_client_literal""],""web"":[""app/modules/main/templates/main/shared/_app_sidebar.html:538:navigation_literal""]}",runtime:url_map;source:app/modules/edu_schedule/routes/pages.py:40,campus,pending,preserve path/method/status/envelope/auth/null/pagination
5de37c94be84,/exams,GET,exam.exam_pages.page_exams,exam,app/modules/exam/routes/pages.py:155,app/modules/exam/routes/pages.py:155,blueprint_decorator,[],"[""session_reference""]","[""global_anonymous_login_redirect"",""route_auth:none""]",web,"{""web"":[""app/modules/exam/templates/exam/exam_detail_v2.html:124:navigation_literal"",""app/modules/exam/templates/exam/exam_detail_v2.html:19:navigation_literal"",""app/modules/exam/templates/exam/exam_settlement_v2.html:19:navigation_literal"",""app/modules/exam/templates/exam/exam_settlement_v2.html:95:navigation_literal"",""app/modules/exam/templates/exam/exams_v3.html:1115:url_for_endpoint"",""app/modules/exam/templates/exam/exams_v3.html:1118:url_for_endpoint"",""app/modules/exam/templates/exam/exams_v3.html:1126:url_for_endpoint"",""app/modules/exam/templates/exam/exams_v3.html:1127:url_for_endpoint"",""app/modules/exam/templates/exam/exams_v3.html:1128:url_for_endpoint"",""app/modules/exam/templates/exam/exams_v3.html:1129:url_for_endpoint"",""app/modules/exam/templates/exam/exams_v3.html:1130:url_for_endpoint"",""app/modules/exam/templates/exam/exams_v3.html:1144:url_for_endpoint"",""app/modules/main/templates/main/subject/subject_detail/panels/_exam.html:8:url_for_endpoint"",""app/modules/quiz/templates/quiz/quiz_settlement_v2.html:273:navigation_literal"",""app/modules/user_bank/templates/user_bank/bank/bank_practice/panels/_exam.html:18:navigation_literal"",""app/modules/user_bank/templates/user_bank/bank/bank_practice/panels/_exam.html:7:url_for_endpoint""]}",runtime:url_map;source:app/modules/exam/routes/pages.py:155,assessment,pending,preserve path/method/status/envelope/auth/null/pagination
6b3306c2c1bd,/exams/<int:exam_id>,GET,exam.exam_pages.page_exam_detail,exam,app/modules/exam/routes/pages.py:702,app/modules/exam/routes/pages.py:702,blueprint_decorator,[],"[""session_reference"",""forbidden_response_signal""]","[""global_anonymous_login_redirect"",""route_auth:none""]",web,"{""web"":[""app/modules/admin/templates/admin/users/detail.html:590:navigation_literal"",""app/modules/exam/templates/exam/exams_v3.html:1407:navigation_literal"",""app/modules/exam/templates/exam/exams_v3.html:1550:navigation_literal""]}",runtime:url_map;source:app/modules/exam/routes/pages.py:702,assessment,pending,preserve path/method/status/envelope/auth/null/pagination
fda4a91e2ba3,/exams/<int:exam_id>/settlement,GET,exam.exam_pages.page_exam_settlement,exam,app/modules/exam/routes/pages.py:801,app/modules/exam/routes/pages.py:801,blueprint_decorator,[],"[""session_reference"",""forbidden_response_signal""]","[""global_anonymous_login_redirect"",""route_auth:none""]",not_found_static_scan,not_found_static_scan,runtime:url_map;source:app/modules/exam/routes/pages.py:801,assessment,pending,preserve path/method/status/envelope/auth/null/pagination
196f592f2582,/exams/select,GET,exam.exam_pages.page_exams_select,exam,app/modules/exam/routes/pages.py:125,app/modules/exam/routes/pages.py:125,blueprint_decorator,[],"[""session_reference""]","[""global_anonymous_login_redirect"",""route_auth:none""]",web,"{""web"":[""app/modules/main/templates/main/shared/_app_sidebar.html:672:navigation_literal""]}",runtime:url_map;source:app/modules/exam/routes/pages.py:125,assessment,pending,preserve path/method/status/envelope/auth/null/pagination
abc88cd2717d,/favorites,GET,main.main_pages.favorites_detail_page,main,app/modules/main/routes/pages_components/review_center.py:30,app/modules/main/routes/pages_components/review_center.py:30,blueprint_decorator,"[""login_required""]","[""session_reference""]","[""global_anonymous_login_redirect"",""route_decorator:session""]",web,"{""web"":[""app/modules/main/templates/main/account/profile.html:326:navigation_literal"",""app/modules/main/templates/main/data/data_v2_favorites.html:111:navigation_literal"",""app/modules/main/templates/main/data/data_v2_favorites.html:11:navigation_literal"",""app/modules/main/templates/main/data/data_v2_favorites.html:156:navigation_literal"",""app/modules/main/templates/main/data/data_v2_favorites.html:45:navigation_literal"",""app/modules/main/templates/main/data/data_v2_favorites_legacy.html:110:navigation_literal"",""app/modules/main/templates/main/data/data_v2_favorites_legacy.html:11:navigation_literal"",""app/modules/main/templates/main/data/data_v2_favorites_legacy.html:70:navigation_literal"",""app/modules/main/templates/main/data/data_v2_global.html:267:navigation_literal"",""app/modules/main/templates/main/profile/profile_display.html:409:navigation_literal"",""app/modules/main/templates/main/shared/_app_sidebar.html:601:navigation_literal""]}",runtime:url_map;source:app/modules/main/routes/pages_components/review_center.py:30,learning,pending,preserve path/method/status/envelope/auth/null/pagination
8a67416e65cd,/favorites/center,GET,main.main_pages.favorites_center_page,main,app/modules/main/routes/pages_components/review_center.py:156,app/modules/main/routes/pages_components/review_center.py:156,blueprint_decorator,"[""login_required""]",[],"[""global_anonymous_login_redirect"",""route_decorator:session""]",not_found_static_scan,not_found_static_scan,runtime:url_map;source:app/modules/main/routes/pages_components/review_center.py:156,learning,pending,preserve path/method/status/envelope/auth/null/pagination
4625a8d208f5,/forum,GET,forum.forum_pages.forum_home,forum,app/modules/forum/routes/pages.py:10,app/modules/forum/routes/pages.py:10,blueprint_decorator,"[""login_required""]",[],"[""global_anonymous_login_redirect"",""route_decorator:session""]",web,"{""web"":[""app/modules/forum/templates/forum/_scripts/_forum_interactions.html:335:navigation_literal"",""app/modules/forum/templates/forum/post_detail.html:16:navigation_literal"",""app/modules/main/templates/main/shared/_app_sidebar.html:526:navigation_literal""]}",runtime:url_map;source:app/modules/forum/routes/pages.py:10,community,pending,preserve path/method/status/envelope/auth/null/pagination
86cc9d825a17,/forum/board/<int:board_id>,GET,forum.forum_pages.board_detail,forum,app/modules/forum/routes/pages.py:17,app/modules/forum/routes/pages.py:17,blueprint_decorator,"[""login_required""]",[],"[""global_anonymous_login_redirect"",""route_decorator:session""]",not_found_static_scan,not_found_static_scan,runtime:url_map;source:app/modules/forum/routes/pages.py:17,community,pending,preserve path/method/status/envelope/auth/null/pagination
609efaeac631,/forum/favorites,GET,forum.forum_pages.my_favorites,forum,app/modules/forum/routes/pages.py:46,app/modules/forum/routes/pages.py:46,blueprint_decorator,"[""login_required""]",[],"[""global_anonymous_login_redirect"",""route_decorator:session""]",not_found_static_scan,not_found_static_scan,runtime:url_map;source:app/modules/forum/routes/pages.py:46,community,pending,preserve path/method/status/envelope/auth/null/pagination
112361f5aaf2,/forum/new,GET,forum.forum_pages.post_create,forum,app/modules/forum/routes/pages.py:31,app/modules/forum/routes/pages.py:31,blueprint_decorator,"[""login_required""]",[],"[""global_anonymous_login_redirect"",""route_decorator:session""]",web,"{""web"":[""app/modules/forum/templates/forum/board.html:26:navigation_literal""]}",runtime:url_map;source:app/modules/forum/routes/pages.py:31,community,pending,preserve path/method/status/envelope/auth/null/pagination
6d053b2316f2,/forum/post/<int:post_id>,GET,forum.forum_pages.post_detail,forum,app/modules/forum/routes/pages.py:24,app/modules/forum/routes/pages.py:24,blueprint_decorator,"[""login_required""]",[],"[""global_anonymous_login_redirect"",""route_decorator:session""]",web,"{""web"":[""app/modules/forum/templates/forum/_scripts/_forum_sidebar.html:53:navigation_literal""]}",runtime:url_map;source:app/modules/forum/routes/pages.py:24,community,pending,preserve path/method/status/envelope/auth/null/pagination
44ee2522c2fd,/forum/post/<int:post_id>/edit,GET,forum.forum_pages.post_edit,forum,app/modules/forum/routes/pages.py:39,app/modules/forum/routes/pages.py:39,blueprint_decorator,"[""login_required""]",[],"[""global_anonymous_login_redirect"",""route_decorator:session""]",not_found_static_scan,not_found_static_scan,runtime:url_map;source:app/modules/forum/routes/pages.py:39,community,pending,preserve path/method/status/envelope/auth/null/pagination
85b7407ec189,/history,GET,main.main_pages.history_page,main,app/modules/main/routes/pages_components/data_center.py:51,app/modules/main/routes/pages_components/data_center.py:51,blueprint_decorator,[],"[""session_reference""]","[""global_anonymous_login_redirect"",""route_auth:none""]",not_found_static_scan,not_found_static_scan,runtime:url_map;source:app/modules/main/routes/pages_components/data_center.py:51,learning,pending,preserve path/method/status/envelope/auth/null/pagination
e3ea27fecaeb,/hub,GET,main.main_pages.hub,main,app/modules/main/routes/pages_components/hub.py:59,app/modules/main/routes/pages_components/hub.py:59,blueprint_decorator,[],"[""session_reference""]","[""global_anonymous_allow_exact"",""route_auth:none""]",tests;web,"{""tests"":[""tests/test_home_personal_bank_stats.py:120:test_client_literal"",""tests/test_smoke_auth.py:67:test_client_literal""],""web"":[""app/modules/main/templates/main/shared/_app_sidebar.html:495:navigation_literal"",""app/modules/main/templates/main/shared/_app_sidebar.html:509:navigation_literal""]}",runtime:url_map;source:app/modules/main/routes/pages_components/hub.py:59,identity,pending,preserve path/method/status/envelope/auth/null/pagination
3e936be93cc6,/login,GET,auth.auth_pages.login_page,auth,app/modules/auth/routes/pages.py:50,app/modules/auth/routes/pages.py:50,blueprint_decorator,[],[],"[""global_anonymous_allow_exact"",""route_auth:none""]",tests;web,"{""tests"":[""tests/test_auth_login_methods_settings.py:120:test_client_literal"",""tests/test_auth_login_methods_settings.py:98:test_client_literal""],""web"":[""app/modules/chat/templates/chat/_chat_scripts_input.html:639:navigation_literal"",""app/modules/exam/templates/exam/exams_v3.html:542:navigation_literal"",""app/modules/exam/templates/exam/exams_v3.html:598:navigation_literal"",""app/modules/exam/templates/exam/exams_v3.html:646:navigation_literal"",""app/modules/main/templates/main/account/security.html:218:navigation_literal"",""app/modules/main/templates/main/hub/hub.html:1203:navigation_literal"",""app/modules/main/templates/main/hub/hub.html:1255:navigation_literal"",""app/modules/main/templates/main/hub/hub.html:1267:navigation_literal"",""app/modules/main/templates/main/hub/hub.html:1278:navigation_literal"",""app/modules/main/templates/main/hub/hub.html:1299:navigation_literal"",""app/modules/main/templates/main/profile/profile.html:816:navigation_literal"",""app/modules/main/templates/main/profile/profile_display.html:558:navigation_literal"",""app/modules/main/templates/main/shared/_app_sidebar.html:1100:navigation_literal"",""app/modules/main/templates/main/shared/_app_sidebar.html:857:navigation_literal"",""app/modules/main/templates/main/subject/subject_detail/body_end/_01_core.html:525:navigation_literal"",""app/modules/main/templates/main/subject/subject_detail/body_end/_01_core.html:582:navigation_literal"",""app/modules/main/templates/main/subject/subject_detail/body_end/_01_core.html:778:navigation_literal"",""app/modules/main/templates/main/subject/subject_detail/body_end/_01_core.html:804:navigation_literal"",""app/modules/main/templates/main/subject/subject_detail/body_end/_01_core.html:820:navigation_literal"",""app/modules/main/templates/main/subject/subject_detail/body_end/_03_search.html:73:navigation_literal"",""app/modules/main/templates/main/subject/subject_detail/body_end/_06_reinforce.html:134:navigation_literal"",""app/modules/main/templates/main/subject/subject_detail/body_end/_06_reinforce.html:88:navigation_literal"",""app/modules/main/templates/main/subject/subject_detail/body_end/_07_export.html:13:navigation_literal"",""app/modules/main/templates/main/subject/subject_detail/panels/_exam.html:103:navigation_literal"",""app/modules/main/templates/main/subject/subject_detail/panels/_favorites.html:104:navigation_literal"",""app/modules/main/templates/main/subject/subject_detail/panels/_mistakes.html:104:navigation_literal"",""app/modules/main/templates/main/subject/subject_detail/panels/_practice.html:39:navigation_literal"",""app/modules/main/templates/main/subject/subject_detail/panels/_reinforce.html:46:navigation_literal"",""app/modules/main/templates/main/subject/subject_detail/panels/_search.html:40:navigation_literal"",""app/modules/main/templates/main/subject/subject_detail/panels/_stats.html:45:navigation_literal"",""app/modules/main/templates/main/subject/subject_detail/panels/_tags.html:104:navigation_literal"",""app/modules/user/templates/user/profile.html:406:navigation_literal"",""app/modules/user_bank/templates/user_bank/bank/bank_practice/body_end/_01_core.html:578:navigation_literal"",""static/js/exam_builder_inline_v3.js:672:navigation_literal"",""static/js/exam_builder_inline_v3.js:759:navigation_literal"",""static/js/public_bank_card_detail.js:100:navigation_literal""]}",runtime:url_map;source:app/modules/auth/routes/pages.py:50,identity,pending,preserve path/method/status/envelope/auth/null/pagination
dfb5f0ce9624,/mistakes,GET,main.main_pages.mistakes_detail_page,main,app/modules/main/routes/pages_components/review_center.py:94,app/modules/main/routes/pages_components/review_center.py:94,blueprint_decorator,"[""login_required""]","[""session_reference""]","[""global_anonymous_login_redirect"",""route_decorator:session""]",web,"{""web"":[""app/modules/exam/templates/exam/exam_settlement_v2.html:117:navigation_literal"",""app/modules/exam/templates/exam/exam_settlement_v2.html:94:navigation_literal"",""app/modules/main/templates/main/account/profile.html:325:navigation_literal"",""app/modules/main/templates/main/data/data_overview.html:171:navigation_literal"",""app/modules/main/templates/main/data/data_v2_global.html:236:navigation_literal"",""app/modules/main/templates/main/data/data_v2_mistakes.html:108:navigation_literal"",""app/modules/main/templates/main/data/data_v2_mistakes.html:11:navigation_literal"",""app/modules/main/templates/main/data/data_v2_mistakes.html:42:navigation_literal"",""app/modules/main/templates/main/data/data_v2_mistakes_legacy.html:11:navigation_literal"",""app/modules/main/templates/main/data/data_v2_mistakes_legacy.html:70:navigation_literal"",""app/modules/main/templates/main/profile/profile_display.html:408:navigation_literal"",""app/modules/main/templates/main/shared/_app_sidebar.html:594:navigation_literal""]}",runtime:url_map;source:app/modules/main/routes/pages_components/review_center.py:94,learning,pending,preserve path/method/status/envelope/auth/null/pagination
0a914e5bcca9,/mistakes/center,GET,main.main_pages.mistakes_center_page,main,app/modules/main/routes/pages_components/review_center.py:150,app/modules/main/routes/pages_components/review_center.py:150,blueprint_decorator,"[""login_required""]",[],"[""global_anonymous_login_redirect"",""route_decorator:session""]",web,"{""web"":[""app/modules/quiz/templates/quiz/quiz_settlement_v2.html:272:navigation_literal""]}",runtime:url_map;source:app/modules/main/routes/pages_components/review_center.py:150,learning,pending,preserve path/method/status/envelope/auth/null/pagination
3392abd5ef4f,/notifications,GET,notifications.notifications_pages.notifications_page,notifications,app/modules/notifications/routes/pages.py:8,app/modules/notifications/routes/pages.py:8,blueprint_decorator,[],"[""session_reference""]","[""global_anonymous_returns_401"",""route_auth:none""]",tests;web,"{""tests"":[""tests/test_admin_notifications_page.py:137:test_client_literal""],""web"":[""app/modules/main/templates/main/shared/_app_sidebar.html:683:navigation_literal"",""app/modules/main/templates/main/shared/app_shell.html:1427:navigation_literal"",""app/modules/main/templates/main/shared/app_shell.html:893:navigation_literal""]}",runtime:url_map;source:app/modules/notifications/routes/pages.py:8,messaging,pending,preserve path/method/status/envelope/auth/null/pagination
5b6e05bab88e,/privacy,GET,auth.auth_pages.privacy_page,auth,app/modules/auth/routes/pages.py:98,app/modules/auth/routes/pages.py:98,blueprint_decorator,[],[],"[""global_anonymous_allow_exact"",""route_auth:none""]",web,"{""web"":[""app/modules/auth/templates/auth/login.html:1016:navigation_literal"",""app/modules/auth/templates/auth/login.html:751:navigation_literal"",""app/modules/auth/templates/auth/login.html:758:navigation_literal"",""app/modules/auth/templates/auth/login.html:963:navigation_literal"",""app/modules/auth/templates/auth/login.html:989:navigation_literal"",""app/modules/main/templates/main/settings/about.html:174:navigation_literal""]}",runtime:url_map;source:app/modules/auth/routes/pages.py:98,identity,pending,preserve path/method/status/envelope/auth/null/pagination
1aae474aceca,/profile,GET,main.main_pages.profile_page,main,app/modules/main/routes/pages_components/account_settings.py:11,app/modules/main/routes/pages_components/account_settings.py:11,blueprint_decorator,"[""login_required""]","[""session_reference""]","[""global_anonymous_login_redirect"",""route_decorator:session""]",tests;web,"{""tests"":[""tests/test_smoke_api.py:34:test_client_literal"",""tests/test_smoke_api.py:40:test_client_literal""],""web"":[""app/modules/main/templates/main/shared/_app_sidebar.html:756:navigation_literal"",""app/modules/main/templates/main/shared/_app_sidebar.html:848:navigation_literal""]}",runtime:url_map;source:app/modules/main/routes/pages_components/account_settings.py:11,identity,pending,preserve path/method/status/envelope/auth/null/pagination; legacy collision effective winner: registered first
ddd38e139d39,/profile,GET,user.user_pages.profile,user,app/modules/user/routes/pages.py:8,app/modules/user/routes/pages.py:8,blueprint_decorator,[],"[""session_reference""]","[""global_anonymous_login_redirect"",""route_auth:none""]",not_found_static_scan,not_found_static_scan,runtime:url_map;source:app/modules/user/routes/pages.py:8,identity,pending,preserve path/method/status/envelope/auth/null/pagination; legacy collision unreachable/shadowed endpoint: registered second
6a8ad5f06651,/public/banks,GET,public_bank.bank_plaza,user_bank,app/modules/user_bank/routes/public.py:34,app/modules/user_bank/routes/public.py:34,blueprint_decorator,[],[],"[""global_anonymous_allow_exact"",""route_auth:none""]",tests;web,"{""tests"":[""tests/test_smoke_api.py:56:test_client_literal""],""web"":[""app/modules/main/templates/main/hub/hub.html:1089:navigation_literal"",""app/modules/main/templates/main/hub/hub.html:1092:navigation_literal"",""app/modules/main/templates/main/hub/hub.html:1195:navigation_literal"",""app/modules/main/templates/main/hub/hub.html:1208:navigation_literal"",""app/modules/main/templates/main/hub/hub.html:1241:navigation_literal"",""app/modules/main/templates/main/hub/hub.html:1701:navigation_literal"",""app/modules/main/templates/main/shared/_app_sidebar.html:556:navigation_literal"",""static/js/public_bank_card_detail.js:122:navigation_literal""]}",runtime:url_map;source:app/modules/user_bank/routes/public.py:34,catalog,pending,preserve path/method/status/envelope/auth/null/pagination
cda75caa95a8,/public/banks/card/<source_type>/<int:bank_id>,GET,public_bank.public_bank_card_page,user_bank,app/modules/user_bank/routes/public.py:40,app/modules/user_bank/routes/public.py:40,blueprint_decorator,[],[],"[""global_anonymous_login_redirect"",""route_auth:none""]",not_found_static_scan,not_found_static_scan,runtime:url_map;source:app/modules/user_bank/routes/public.py:40,catalog,pending,preserve path/method/status/envelope/auth/null/pagination
7d278a2bbd83,/public/banks/joined,GET,public_bank.joined_bank_plaza,user_bank,app/modules/user_bank/routes/public.py:52,app/modules/user_bank/routes/public.py:52,blueprint_decorator,"[""login_required""]",[],"[""global_anonymous_login_redirect"",""route_decorator:session""]",not_found_static_scan,not_found_static_scan,runtime:url_map;source:app/modules/user_bank/routes/public.py:52,personalbank,pending,preserve path/method/status/envelope/auth/null/pagination
ef3d36e8a914,/quiz,GET,quiz.quiz_pages.quiz_page,quiz,app/modules/quiz/routes/pages.py:66,app/modules/quiz/routes/pages.py:66,blueprint_decorator,[],"[""session_reference"",""forbidden_response_signal""]","[""global_anonymous_login_redirect"",""route_auth:none""]",tests;web,"{""tests"":[""tests/test_smoke_auth.py:54:test_client_literal"",""tests/test_user_bank_quiz_record.py:617:test_client_literal""],""web"":[""app/modules/admin/templates/admin/users/detail.html:591:navigation_literal"",""app/modules/exam/templates/exam/exam_detail_v2.html:63:navigation_literal"",""app/modules/exam/templates/exam/exam_settlement_v2.html:92:navigation_literal"",""app/modules/exam/templates/exam/exams_v3.html:1369:navigation_literal"",""app/modules/exam/templates/exam/exams_v3.html:1408:navigation_literal"",""app/modules/exam/templates/exam/exams_v3.html:1551:navigation_literal"",""app/modules/forum/templates/forum/_scripts/_forum_interactions.html:36:navigation_literal"",""app/modules/main/templates/main/data/data_overview.html:124:navigation_literal"",""app/modules/main/templates/main/data/data_overview.html:125:navigation_literal"",""app/modules/main/templates/main/data/data_overview.html:149:navigation_literal"",""app/modules/main/templates/main/data/data_overview.html:184:navigation_literal"",""app/modules/main/templates/main/data/data_v2_banks.html:139:navigation_literal"",""app/modules/main/templates/main/data/data_v2_banks_legacy.html:81:navigation_literal"",""app/modules/main/templates/main/data/data_v2_global.html:179:navigation_literal"",""app/modules/main/templates/main/data/data_v2_global.html:180:navigation_literal"",""app/modules/main/templates/main/data/data_v2_global.html:206:navigation_literal"",""app/modules/main/templates/main/data/data_v2_global.html:249:navigation_literal"",""app/modules/main/templates/main/data/data_v2_global.html:280:navigation_literal"",""app/modules/main/templates/main/data/data_v2_global_legacy.html:130:navigation_literal"",""app/modules/main/templates/main/data/data_v2_global_legacy.html:131:navigation_literal"",""app/modules/main/templates/main/data/data_v2_global_legacy.html:155:navigation_literal"",""app/modules/main/templates/main/data/data_v2_global_legacy.html:192:navigation_literal"",""app/modules/main/templates/main/data/data_v2_global_legacy.html:215:navigation_literal"",""app/modules/main/templates/main/data/data_v2_mistakes.html:153:navigation_literal"",""app/modules/main/templates/main/data/data_v2_mistakes_legacy.html:110:navigation_literal"",""app/modules/main/templates/main/data/data_v2_tags.html:113:navigation_literal"",""app/modules/main/templates/main/data/data_v2_tags_legacy.html:70:navigation_literal"",""app/modules/main/templates/main/favorites/favorites_detail.html:183:navigation_literal"",""app/modules/main/templates/main/favorites/favorites_detail.html:184:navigation_literal"",""app/modules/main/templates/main/favorites/favorites_detail.html:210:navigation_literal"",""app/modules/main/templates/main/favorites/favorites_detail.html:211:navigation_literal"",""app/modules/main/templates/main/history/history.html:173:navigation_literal"",""app/modules/main/templates/main/history/history.html:192:navigation_literal"",""app/modules/main/templates/main/history/history.html:220:navigation_literal"",""app/modules/main/templates/main/mistakes/mistakes_detail.html:185:navigation_literal"",""app/modules/main/templates/main/mistakes/mistakes_detail.html:186:navigation_literal"",""app/modules/main/templates/main/mistakes/mistakes_detail.html:212:navigation_literal"",""app/modules/main/templates/main/mistakes/mistakes_detail.html:213:navigation_literal"",""app/modules/quiz/templates/quiz/quiz_settlement_v2.html:270:navigation_literal"",""app/modules/quiz/templates/quiz/quiz_settlement_v2.html:271:navigation_literal"",""app/modules/user_bank/templates/user_bank/bank/bank_search.html:448:navigation_literal"",""app/modules/user_bank/templates/user_bank/manage/banks.html:1040:navigation_literal"",""app/modules/user_bank/templates/user_bank/share/join.html:83:navigation_literal"",""app/modules/user_bank/templates/user_bank/share/shared_banks.html:188:navigation_literal""]}",runtime:url_map;source:app/modules/quiz/routes/pages.py:66,learning,pending,preserve path/method/status/envelope/auth/null/pagination
c17ce3885134,/quiz/settlement,GET,quiz.quiz_pages.quiz_settlement_page,quiz,app/modules/quiz/routes/pages.py:1036,app/modules/quiz/routes/pages.py:1036,blueprint_decorator,[],[],"[""global_anonymous_login_redirect"",""route_auth:none""]",not_found_static_scan,not_found_static_scan,runtime:url_map;source:app/modules/quiz/routes/pages.py:1036,learning,pending,preserve path/method/status/envelope/auth/null/pagination
604329f44104,/quiz_settings,GET,main.main_pages.quiz_settings_page,main,app/modules/main/routes/pages_components/misc.py:12,app/modules/main/routes/pages_components/misc.py:12,blueprint_decorator,[],[],"[""global_anonymous_login_redirect"",""route_auth:none""]",not_found_static_scan,not_found_static_scan,runtime:url_map;source:app/modules/main/routes/pages_components/misc.py:12,learning,pending,preserve path/method/status/envelope/auth/null/pagination
032d534fdcf2,/resources,GET,main.main_pages.resources_page,main,app/modules/main/routes/pages_components/resources.py:22,app/modules/main/routes/pages_components/resources.py:22,blueprint_decorator,[],[],"[""global_anonymous_login_redirect"",""route_auth:none""]",tests;web,"{""tests"":[""tests/test_resources_extension_package.py:9:test_client_literal""],""web"":[""app/modules/main/templates/main/shared/_app_sidebar.html:691:navigation_literal"",""app/modules/user_bank/templates/user_bank/shared/_guide_modal.html:120:navigation_literal"",""app/modules/user_bank/templates/user_bank/shared/_guide_modal.html:153:navigation_literal""]}",runtime:url_map;source:app/modules/main/routes/pages_components/resources.py:22,identity,pending,preserve path/method/status/envelope/auth/null/pagination
ac5d19a420b8,/resources/download/<string:key>,GET,main.main_pages.resources_download,main,app/modules/main/routes/pages_components/resources.py:27,app/modules/main/routes/pages_components/resources.py:27,blueprint_decorator,[],[],"[""global_anonymous_login_redirect"",""route_auth:none""]",tests;web,"{""tests"":[""tests/test_resources_extension_package.py:105:test_client_literal"",""tests/test_resources_extension_package.py:22:test_client_literal"",""tests/test_resources_extension_package.py:45:test_client_literal""],""web"":[""app/modules/main/templates/main/resources/resources.html:123:navigation_literal""]}",runtime:url_map;source:app/modules/main/routes/pages_components/resources.py:27,identity,pending,preserve path/method/status/envelope/auth/null/pagination
61d085584dec,/review,GET,main.main_pages.review_entry_page,main,app/modules/main/routes/pages_components/review_center.py:58,app/modules/main/routes/pages_components/review_center.py:58,blueprint_decorator,"[""login_required""]","[""session_reference""]","[""global_anonymous_login_redirect"",""route_decorator:session""]",web,"{""web"":[""app/modules/main/templates/main/hub/hub.html:1064:navigation_literal"",""app/modules/main/templates/main/hub/hub.html:1069:navigation_literal""]}",runtime:url_map;source:app/modules/main/routes/pages_components/review_center.py:58,learning,pending,preserve path/method/status/envelope/auth/null/pagination
4289bc27d0bb,/search,GET,main.main_pages.search_page,main,app/modules/main/routes/pages_components/search.py:16,app/modules/main/routes/pages_components/search.py:16,blueprint_decorator,[],"[""session_reference""]","[""global_anonymous_login_redirect"",""route_auth:none""]",web,"{""web"":[""app/modules/main/templates/main/hub/hub.html:1220:navigation_literal"",""app/modules/main/templates/main/shared/app_shell.html:865:form_action_literal""]}",runtime:url_map;source:app/modules/main/routes/pages_components/search.py:16,catalog,pending,preserve path/method/status/envelope/auth/null/pagination
4ef8344ef41a,/settings,GET,main.main_pages.settings_page,main,app/modules/main/routes/pages_components/account_settings.py:73,app/modules/main/routes/pages_components/account_settings.py:73,blueprint_decorator,[],[],"[""global_anonymous_login_redirect"",""route_auth:none""]",web,"{""web"":[""app/modules/main/templates/main/profile/profile_display.html:345:navigation_literal"",""app/modules/main/templates/main/shared/_app_sidebar.html:828:navigation_literal""]}",runtime:url_map;source:app/modules/main/routes/pages_components/account_settings.py:73,identity,pending,preserve path/method/status/envelope/auth/null/pagination
c75e2af2ecdd,/settings/about,GET,main.main_pages.settings_about_page,main,app/modules/main/routes/pages_components/account_settings.py:115,app/modules/main/routes/pages_components/account_settings.py:115,blueprint_decorator,[],"[""session_reference""]","[""global_anonymous_login_redirect"",""route_auth:none""]",web,"{""web"":[""app/modules/main/templates/main/settings/shell.html:365:navigation_literal""]}",runtime:url_map;source:app/modules/main/routes/pages_components/account_settings.py:115,identity,pending,preserve path/method/status/envelope/auth/null/pagination
742b22b2686e,/settings/account/bindings,GET,main.main_pages.settings_account_bindings_page,main,app/modules/main/routes/pages_components/account_settings.py:91,app/modules/main/routes/pages_components/account_settings.py:91,blueprint_decorator,[],[],"[""global_anonymous_login_redirect"",""route_auth:none""]",tests;web,"{""tests"":[""tests/test_edu_schedule.py:364:test_client_literal""],""web"":[""app/modules/edu_schedule/templates/edu_schedule/grades.html:18:navigation_literal"",""app/modules/edu_schedule/templates/edu_schedule/grades.html:841:navigation_literal"",""app/modules/edu_schedule/templates/edu_schedule/grades.html:844:navigation_literal"",""app/modules/edu_schedule/templates/edu_schedule/index.html:32:navigation_literal"",""app/modules/edu_schedule/templates/edu_schedule/index.html:741:navigation_literal"",""app/modules/edu_schedule/templates/edu_schedule/index.html:744:navigation_literal"",""app/modules/main/templates/main/account/profile.html:357:navigation_literal"",""app/modules/main/templates/main/account/shell.html:12:navigation_literal"",""app/modules/main/templates/main/profile/profile_display.html:381:navigation_literal""]}",runtime:url_map;source:app/modules/main/routes/pages_components/account_settings.py:91,identity,pending,preserve path/method/status/envelope/auth/null/pagination
69e1c2ea2e7d,/settings/account/profile,GET,main.main_pages.settings_account_profile_page,main,app/modules/main/routes/pages_components/account_settings.py:79,app/modules/main/routes/pages_components/account_settings.py:79,blueprint_decorator,[],[],"[""global_anonymous_login_redirect"",""route_auth:none""]",web,"{""web"":[""app/modules/main/templates/main/account/shell.html:10:navigation_literal"",""app/modules/main/templates/main/profile/profile_display.html:344:navigation_literal"",""app/modules/main/templates/main/profile/profile_v2.html:62:navigation_literal"",""app/modules/main/templates/main/settings/about.html:98:navigation_literal"",""app/modules/main/templates/main/settings/shell.html:353:navigation_literal""]}",runtime:url_map;source:app/modules/main/routes/pages_components/account_settings.py:79,identity,pending,preserve path/method/status/envelope/auth/null/pagination
fd2a5b368da4,/settings/account/security,GET,main.main_pages.settings_account_security_page,main,app/modules/main/routes/pages_components/account_settings.py:85,app/modules/main/routes/pages_components/account_settings.py:85,blueprint_decorator,[],[],"[""global_anonymous_login_redirect"",""route_auth:none""]",web,"{""web"":[""app/modules/main/templates/main/account/profile.html:356:navigation_literal"",""app/modules/main/templates/main/account/shell.html:11:navigation_literal""]}",runtime:url_map;source:app/modules/main/routes/pages_components/account_settings.py:85,identity,pending,preserve path/method/status/envelope/auth/null/pagination
752def20706f,/settings/hotkeys,GET,main.main_pages.settings_hotkeys_page,main,app/modules/main/routes/pages_components/account_settings.py:97,app/modules/main/routes/pages_components/account_settings.py:97,blueprint_decorator,[],[],"[""global_anonymous_login_redirect"",""route_auth:none""]",web,"{""web"":[""app/modules/main/templates/main/settings/shell.html:362:navigation_literal"",""app/modules/quiz/templates/quiz/partials/quiz/assets/js/_12_shortcut_hint_banner.html:64:navigation_literal""]}",runtime:url_map;source:app/modules/main/routes/pages_components/account_settings.py:97,identity,pending,preserve path/method/status/envelope/auth/null/pagination
f7400468f33b,/settings/practice,GET,main.main_pages.settings_practice_page,main,app/modules/main/routes/pages_components/account_settings.py:103,app/modules/main/routes/pages_components/account_settings.py:103,blueprint_decorator,[],[],"[""global_anonymous_login_redirect"",""route_auth:none""]",web,"{""web"":[""app/modules/main/templates/main/settings/shell.html:356:navigation_literal""]}",runtime:url_map;source:app/modules/main/routes/pages_components/account_settings.py:103,identity,pending,preserve path/method/status/envelope/auth/null/pagination
9c1a0ad10e7d,/settings/theme,GET,main.main_pages.settings_theme_page,main,app/modules/main/routes/pages_components/account_settings.py:109,app/modules/main/routes/pages_components/account_settings.py:109,blueprint_decorator,[],[],"[""global_anonymous_login_redirect"",""route_auth:none""]",web,"{""web"":[""app/modules/main/templates/main/settings/shell.html:359:navigation_literal""]}",runtime:url_map;source:app/modules/main/routes/pages_components/account_settings.py:109,identity,pending,preserve path/method/status/envelope/auth/null/pagination
9eb7da9317a4,/static/<path:filename>,GET,static,framework,.venv/lib/python3.11/site-packages/flask/app.py:278,Flask automatic static rule,framework_static,[],[],"[""global_anonymous_allow_fast_path"",""route_auth:none""]",web,"{""web"":[""app/modules/admin/templates/admin/admin_base.html:712:url_for_endpoint"",""app/modules/admin/templates/admin/admin_base.html:9:url_for_endpoint"",""app/modules/chat/templates/chat/_chat_styles.html:2:navigation_literal"",""app/modules/chat/templates/chat/_chat_styles.html:3:navigation_literal"",""app/modules/coding/templates/coding/detail.html:34:url_for_endpoint"",""app/modules/coding/templates/coding/detail.html:7:url_for_endpoint"",""app/modules/exam/templates/exam/exam_detail_v2.html:6:navigation_literal"",""app/modules/exam/templates/exam/exam_detail_v2.html:7:navigation_literal"",""app/modules/exam/templates/exam/exam_settlement_v2.html:6:navigation_literal"",""app/modules/exam/templates/exam/exam_settlement_v2.html:7:navigation_literal"",""app/modules/exam/templates/exam/exams_v3.html:6:navigation_literal"",""app/modules/exam/templates/exam/exams_v3.html:7:navigation_literal"",""app/modules/main/templates/main/data/data_shell.html:6:navigation_literal"",""app/modules/main/templates/main/data/data_shell.html:7:navigation_literal"",""app/modules/main/templates/main/data/data_v2_shell.html:6:navigation_literal"",""app/modules/main/templates/main/data/data_v2_shell.html:7:navigation_literal"",""app/modules/main/templates/main/favorites/favorites_detail.html:6:navigation_literal"",""app/modules/main/templates/main/favorites/favorites_detail.html:7:navigation_literal"",""app/modules/main/templates/main/history/history.html:6:navigation_literal"",""app/modules/main/templates/main/history/history.html:7:navigation_literal"",""app/modules/main/templates/main/mistakes/mistakes_detail.html:6:navigation_literal"",""app/modules/main/templates/main/mistakes/mistakes_detail.html:7:navigation_literal"",""app/modules/main/templates/main/profile/profile_v2.html:6:navigation_literal"",""app/modules/main/templates/main/shared/app_shell.html:1820:url_for_endpoint"",""app/modules/main/templates/main/shared/app_shell.html:840:url_for_endpoint"",""app/modules/main/templates/main/subject/subject_data.html:6:navigation_literal"",""app/modules/main/templates/main/subject/subject_detail/_head_extra.html:961:navigation_literal"",""app/modules/main/templates/main/subject/subject_detail/_head_extra.html:962:navigation_literal"",""app/modules/notifications/templates/notifications/notifications_v4.html:7:navigation_literal"",""app/modules/user_bank/templates/user_bank/bank/bank_data.html:6:navigation_literal"",""app/modules/user_bank/templates/user_bank/bank/bank_data_v2_base.html:6:navigation_literal"",""app/modules/user_bank/templates/user_bank/bank/bank_practice/_head_extra.html:909:navigation_literal"",""app/modules/user_bank/templates/user_bank/bank/bank_practice/_head_extra.html:914:navigation_literal"",""app/modules/user_bank/templates/user_bank/manage/bank_import_word.html:9:navigation_literal"",""app/modules/user_bank/templates/user_bank/manage/bank_manage_questions.html:6:navigation_literal"",""app/modules/user_bank/templates/user_bank/manage/bank_profile_wizard.html:7:navigation_literal"",""app/modules/user_bank/templates/user_bank/my/my_banks.html:9:navigation_literal"",""app/modules/user_bank/templates/user_bank/public/bank_card_detail.html:7:navigation_literal"",""app/modules/user_bank/templates/user_bank/public/joined.html:9:navigation_literal"",""app/modules/user_bank/templates/user_bank/public/plaza.html:9:navigation_literal"",""app/modules/user_bank/templates/user_bank/public/plaza_v2.html:7:navigation_literal""]}",runtime:url_map;source:.venv/lib/python3.11/site-packages/flask/app.py:278,web,pending,preserve path/method/status/envelope/auth/null/pagination
1267362d8beb,/subjects/<int:subject_id>,GET,main.main_pages.subject_detail_page,main,app/modules/main/routes/pages_components/subjects.py:13,app/modules/main/routes/pages_components/subjects.py:13,blueprint_decorator,[],"[""session_reference"",""forbidden_response_signal""]","[""global_anonymous_login_redirect"",""route_auth:none""]",web,"{""web"":[""app/modules/main/templates/main/bank/public_bank.html:191:navigation_literal"",""app/modules/main/templates/main/data/data_v2_banks.html:138:navigation_literal"",""app/modules/main/templates/main/data/data_v2_banks_legacy.html:80:navigation_literal"",""app/modules/main/templates/main/history/history.html:191:navigation_literal""]}",runtime:url_map;source:app/modules/main/routes/pages_components/subjects.py:13,catalog,pending,preserve path/method/status/envelope/auth/null/pagination
484b85a4974c,/subjects/<int:subject_id>/data,GET,main.main_pages.subject_data_redirect_page,main,app/modules/main/routes/pages_components/subjects.py:149,app/modules/main/routes/pages_components/subjects.py:149,blueprint_decorator,[],[],"[""global_anonymous_login_redirect"",""route_auth:none""]",not_found_static_scan,not_found_static_scan,runtime:url_map;source:app/modules/main/routes/pages_components/subjects.py:149,learning,pending,preserve path/method/status/envelope/auth/null/pagination
d4cdd92bcc32,/subjects/<int:subject_id>/data/<subtab>,GET,main.main_pages.subject_data_page,main,app/modules/main/routes/pages_components/subjects.py:160,app/modules/main/routes/pages_components/subjects.py:160,blueprint_decorator,"[""login_required""]","[""session_reference"",""forbidden_response_signal""]","[""global_anonymous_login_redirect"",""route_decorator:session""]",web,"{""web"":[""app/modules/main/templates/main/subject/subject_data.html:40:navigation_literal"",""app/modules/main/templates/main/subject/subject_data.html:44:navigation_literal"",""app/modules/main/templates/main/subject/subject_data.html:48:navigation_literal""]}",runtime:url_map;source:app/modules/main/routes/pages_components/subjects.py:160,learning,pending,preserve path/method/status/envelope/auth/null/pagination
4d772f2bf86b,/tags,GET,main.main_pages.tags_select_page,main,app/modules/main/routes/pages_components/review_center.py:122,app/modules/main/routes/pages_components/review_center.py:122,blueprint_decorator,"[""login_required""]","[""session_reference""]","[""global_anonymous_login_redirect"",""route_decorator:session""]",web,"{""web"":[""app/modules/main/templates/main/data/data_v2_tags.html:114:navigation_literal"",""app/modules/main/templates/main/data/data_v2_tags.html:11:navigation_literal"",""app/modules/main/templates/main/data/data_v2_tags.html:146:navigation_literal"",""app/modules/main/templates/main/data/data_v2_tags.html:42:navigation_literal"",""app/modules/main/templates/main/data/data_v2_tags_legacy.html:11:navigation_literal"",""app/modules/main/templates/main/data/data_v2_tags_legacy.html:71:navigation_literal"",""app/modules/main/templates/main/data/data_v2_tags_legacy.html:98:navigation_literal"",""app/modules/main/templates/main/shared/_app_sidebar.html:607:navigation_literal""]}",runtime:url_map;source:app/modules/main/routes/pages_components/review_center.py:122,learning,pending,preserve path/method/status/envelope/auth/null/pagination
b03fe5dc3fc8,/tags/center,GET,main.main_pages.tags_center_page,main,app/modules/main/routes/pages_components/review_center.py:162,app/modules/main/routes/pages_components/review_center.py:162,blueprint_decorator,"[""login_required""]",[],"[""global_anonymous_login_redirect"",""route_decorator:session""]",not_found_static_scan,not_found_static_scan,runtime:url_map;source:app/modules/main/routes/pages_components/review_center.py:162,learning,pending,preserve path/method/status/envelope/auth/null/pagination
69317b2f9db1,/terms,GET,auth.auth_pages.terms_page,auth,app/modules/auth/routes/pages.py:92,app/modules/auth/routes/pages.py:92,blueprint_decorator,[],[],"[""global_anonymous_allow_exact"",""route_auth:none""]",web,"{""web"":[""app/modules/auth/templates/auth/login.html:1016:navigation_literal"",""app/modules/auth/templates/auth/login.html:750:navigation_literal"",""app/modules/auth/templates/auth/login.html:757:navigation_literal"",""app/modules/auth/templates/auth/login.html:963:navigation_literal"",""app/modules/auth/templates/auth/login.html:989:navigation_literal"",""app/modules/main/templates/main/settings/about.html:166:navigation_literal""]}",runtime:url_map;source:app/modules/auth/routes/pages.py:92,identity,pending,preserve path/method/status/envelope/auth/null/pagination
e01afd11b498,/uploads/<path:filename>,GET,main.main_pages.serve_upload,main,app/modules/main/routes/pages_components/misc.py:18,app/modules/main/routes/pages_components/misc.py:18,blueprint_decorator,"[""limiter.limit(UPLOADS_ROUTE_LIMIT)""]",[],"[""global_anonymous_login_redirect"",""route_auth:none""]",tests;web,"{""tests"":[""tests/test_upload_rate_limit.py:19:test_client_literal""],""web"":[""app/modules/admin/templates/admin/subjects/_question_scripts.html:854:url_for_endpoint"",""app/modules/admin/templates/admin/subjects/_scripts.html:855:url_for_endpoint"",""app/modules/main/templates/main/search/search.html:1102:url_for_endpoint"",""app/modules/quiz/templates/quiz/partials/quiz/assets/js/_07_render_show_question.html:545:url_for_endpoint"",""app/modules/quiz/templates/quiz/partials/quiz/assets/js/_09_settings_modal.html:1049:url_for_endpoint"",""app/modules/user_bank/templates/user_bank/bank/bank_search.html:462:url_for_endpoint"",""app/modules/user_bank/templates/user_bank/bank/bank_search.html:498:url_for_endpoint"",""app/modules/user_bank/templates/user_bank/bank/bank_search.html:514:url_for_endpoint"",""app/modules/user_bank/templates/user_bank/bank/bank_search.html:527:url_for_endpoint"",""app/modules/user_bank/templates/user_bank/manage/bank_manage_question_edit.html:381:url_for_endpoint""]}",runtime:url_map;source:app/modules/main/routes/pages_components/misc.py:18,identity,pending,preserve path/method/status/envelope/auth/null/pagination
1cc1c91b684e,/user/<int:uid>,GET,main.main_pages.user_profile_page,main,app/modules/main/routes/pages_components/account_settings.py:29,app/modules/main/routes/pages_components/account_settings.py:29,blueprint_decorator,"[""login_required""]","[""session_reference""]","[""global_anonymous_login_redirect"",""route_decorator:session""]",web,"{""web"":[""app/modules/forum/templates/forum/_partials/_post_card.html:11:navigation_literal"",""app/modules/forum/templates/forum/_partials/_post_card.html:3:navigation_literal"",""app/modules/forum/templates/forum/_scripts/_forum_core.html:176:navigation_literal"",""app/modules/main/templates/main/search/search.html:1254:navigation_literal""]}",runtime:url_map;source:app/modules/main/routes/pages_components/account_settings.py:29,identity,pending,preserve path/method/status/envelope/auth/null/pagination
eaf1a0484220,/user/banks/,GET,user_bank.user_bank_pages.banks_list,user_bank,app/modules/user_bank/routes/pages.py:14,app/modules/user_bank/routes/pages.py:14,blueprint_decorator,"[""login_required""]","[""session_reference""]","[""global_anonymous_login_redirect"",""route_decorator:session""]",web,"{""web"":[""app/modules/main/templates/main/data/data_banks.html:10:navigation_literal"",""app/modules/main/templates/main/data/data_v2_banks.html:12:navigation_literal"",""app/modules/main/templates/main/data/data_v2_banks.html:160:navigation_literal"",""app/modules/main/templates/main/data/data_v2_banks_legacy.html:11:navigation_literal"",""app/modules/main/templates/main/history/history.html:174:navigation_literal"",""app/modules/main/templates/main/hub/hub.html:1104:navigation_literal"",""app/modules/main/templates/main/shared/_app_sidebar.html:564:navigation_literal"",""app/modules/user_bank/templates/user_bank/manage/bank_edit.html:10:navigation_literal"",""app/modules/user_bank/templates/user_bank/manage/bank_edit.html:222:navigation_literal"",""app/modules/user_bank/templates/user_bank/manage/bank_manage_settings.html:189:navigation_literal"",""app/modules/user_bank/templates/user_bank/manage/bank_profile_wizard.html:87:navigation_literal"",""app/modules/user_bank/templates/user_bank/manage/bank_settings.html:284:navigation_literal"",""app/modules/user_bank/templates/user_bank/manage/shares_manage_all.html:11:navigation_literal"",""app/modules/user_bank/templates/user_bank/manage/shares_manage_all.html:6:navigation_literal"",""app/modules/user_bank/templates/user_bank/public/categories.html:6:navigation_literal"",""app/modules/user_bank/templates/user_bank/quiz/quiz.html:6:navigation_literal"",""app/modules/user_bank/templates/user_bank/share/shared_banks.html:6:navigation_literal"",""app/modules/user_bank/templates/user_bank/shared/_guide_modal.html:237:navigation_literal"",""app/modules/user_bank/templates/user_bank/shared/_guide_modal.html:34:navigation_literal"",""static/js/bank_profile_wizard.js:227:navigation_literal"",""static/js/profile_v2.js:382:navigation_literal"",""static/js/public_bank_card_detail.js:106:navigation_literal""]}",runtime:url_map;source:app/modules/user_bank/routes/pages.py:14,personalbank,pending,preserve path/method/status/envelope/auth/null/pagination
2a5b9f2d27a2,/user/banks/<int:bank_id>,GET,user_bank.user_bank_pages.bank_detail,user_bank,app/modules/user_bank/routes/pages.py:43,app/modules/user_bank/routes/pages.py:43,blueprint_decorator,"[""login_required""]","[""session_reference"",""forbidden_response_signal""]","[""global_anonymous_login_redirect"",""route_decorator:session""]",tests;web,"{""tests"":[""tests/test_user_bank_document_export.py:106:test_client_literal"",""tests/test_user_bank_duplicate_check.py:348:test_client_literal"",""tests/test_user_bank_question_pagination.py:71:test_client_literal""],""web"":[""app/modules/main/templates/main/data/data_banks.html:75:navigation_literal"",""app/modules/main/templates/main/data/data_v2_banks.html:176:navigation_literal"",""app/modules/main/templates/main/data/data_v2_banks_legacy.html:117:navigation_literal"",""app/modules/user_bank/templates/user_bank/manage/_bank_manage_basebar.html:13:navigation_literal"",""app/modules/user_bank/templates/user_bank/manage/bank_duplicate_check.html:216:navigation_literal"",""app/modules/user_bank/templates/user_bank/manage/bank_import_word.html:330:navigation_literal"",""app/modules/user_bank/templates/user_bank/manage/bank_manage_question_edit.html:343:navigation_literal"",""app/modules/user_bank/templates/user_bank/manage/banks.html:1037:navigation_literal"",""app/modules/user_bank/templates/user_bank/manage/manage_base.html:358:navigation_literal"",""app/modules/user_bank/templates/user_bank/manage/question_edit.html:62:navigation_literal"",""app/modules/user_bank/templates/user_bank/manage/question_edit.html:8:navigation_literal"",""app/modules/user_bank/templates/user_bank/share/shared_banks.html:189:navigation_literal""]}",runtime:url_map;source:app/modules/user_bank/routes/pages.py:43,personalbank,pending,preserve path/method/status/envelope/auth/null/pagination
fb506d7f3f8d,/user/banks/<int:bank_id>/data,GET,user_bank.user_bank_pages.bank_data_redirect,user_bank,app/modules/user_bank/routes/pages.py:262,app/modules/user_bank/routes/pages.py:262,blueprint_decorator,"[""login_required""]",[],"[""global_anonymous_login_redirect"",""route_decorator:session""]",not_found_static_scan,not_found_static_scan,runtime:url_map;source:app/modules/user_bank/routes/pages.py:262,personalbank,pending,preserve path/method/status/envelope/auth/null/pagination
d9d32cdff68b,/user/banks/<int:bank_id>/data/<string:subtab>,GET,user_bank.user_bank_pages.bank_data,user_bank,app/modules/user_bank/routes/pages.py:273,app/modules/user_bank/routes/pages.py:273,blueprint_decorator,"[""login_required""]","[""session_reference"",""forbidden_response_signal""]","[""global_anonymous_login_redirect"",""route_decorator:session""]",web,"{""web"":[""app/modules/user_bank/templates/user_bank/bank/bank_data.html:39:navigation_literal"",""app/modules/user_bank/templates/user_bank/bank/bank_data.html:43:navigation_literal"",""app/modules/user_bank/templates/user_bank/bank/bank_data.html:47:navigation_literal"",""app/modules/user_bank/templates/user_bank/bank/bank_data_v2_base.html:48:navigation_literal"",""app/modules/user_bank/templates/user_bank/bank/bank_data_v2_base.html:60:navigation_literal"",""app/modules/user_bank/templates/user_bank/bank/bank_data_v2_base.html:64:navigation_literal"",""app/modules/user_bank/templates/user_bank/bank/bank_data_v2_base.html:68:navigation_literal""]}",runtime:url_map;source:app/modules/user_bank/routes/pages.py:273,personalbank,pending,preserve path/method/status/envelope/auth/null/pagination
d0bdb432c3f9,/user/banks/<int:bank_id>/duplicate-check,GET,user_bank.user_bank_pages.bank_duplicate_check,user_bank,app/modules/user_bank/routes/pages.py:92,app/modules/user_bank/routes/pages.py:92,blueprint_decorator,"[""login_required""]","[""session_reference"",""forbidden_response_signal""]","[""global_anonymous_login_redirect"",""route_decorator:session""]",tests;web,"{""tests"":[""tests/test_user_bank_duplicate_check.py:364:test_client_literal""],""web"":[""app/modules/user_bank/templates/user_bank/manage/bank_manage_questions.html:250:navigation_literal""]}",runtime:url_map;source:app/modules/user_bank/routes/pages.py:92,personalbank,pending,preserve path/method/status/envelope/auth/null/pagination
ac6d2982c4f3,/user/banks/<int:bank_id>/edit,GET,user_bank.user_bank_pages.bank_edit,user_bank,app/modules/user_bank/routes/pages.py:664,app/modules/user_bank/routes/pages.py:664,blueprint_decorator,"[""login_required""]","[""session_reference"",""forbidden_response_signal""]","[""global_anonymous_login_redirect"",""route_decorator:session""]",tests;web,"{""tests"":[""tests/test_user_bank_settings_page.py:121:test_client_literal"",""tests/test_user_bank_settings_page.py:98:test_client_literal""],""web"":[""app/modules/user_bank/templates/user_bank/manage/_bank_manage_basebar.html:17:navigation_literal"",""app/modules/user_bank/templates/user_bank/manage/manage_base.html:359:navigation_literal""]}",runtime:url_map;source:app/modules/user_bank/routes/pages.py:664,personalbank,pending,preserve path/method/status/envelope/auth/null/pagination
f79a138a8f98,/user/banks/<int:bank_id>/manage,GET,user_bank.user_bank_pages.bank_manage,user_bank,app/modules/user_bank/routes/pages.py:359,app/modules/user_bank/routes/pages.py:359,blueprint_decorator,"[""login_required""]","[""session_reference"",""forbidden_response_signal""]","[""global_anonymous_login_redirect"",""route_decorator:session""]",tests;web,"{""tests"":[""tests/test_user_bank_cover_upload.py:104:test_client_literal""],""web"":[""app/modules/user_bank/templates/user_bank/bank/bank_data_v2_base.html:51:navigation_literal"",""app/modules/user_bank/templates/user_bank/bank/bank_practice/_tabs_nav.html:10:navigation_literal"",""app/modules/user_bank/templates/user_bank/bank/bank_questions/sections/_header.html:7:navigation_literal"",""app/modules/user_bank/templates/user_bank/manage/_bank_manage_basebar.html:5:navigation_literal"",""app/modules/user_bank/templates/user_bank/manage/manage_base.html:356:navigation_literal""]}",runtime:url_map;source:app/modules/user_bank/routes/pages.py:359,personalbank,pending,preserve path/method/status/envelope/auth/null/pagination
77ccd8017df0,/user/banks/<int:bank_id>/practice,GET,user_bank.user_bank_pages.bank_practice,user_bank,app/modules/user_bank/routes/pages.py:124,app/modules/user_bank/routes/pages.py:124,blueprint_decorator,"[""login_required""]","[""session_reference"",""forbidden_response_signal""]","[""global_anonymous_login_redirect"",""route_decorator:session""]",web,"{""web"":[""app/modules/main/templates/main/data/data_banks.html:74:navigation_literal"",""app/modules/main/templates/main/data/data_v2_banks.html:175:navigation_literal"",""app/modules/main/templates/main/data/data_v2_banks_legacy.html:116:navigation_literal"",""app/modules/main/templates/main/history/history.html:219:navigation_literal"",""app/modules/user_bank/templates/user_bank/bank/bank_data.html:59:navigation_literal"",""app/modules/user_bank/templates/user_bank/bank/bank_data_v2_base.html:45:navigation_literal"",""app/modules/user_bank/templates/user_bank/bank/bank_data_v2_base.html:46:navigation_literal"",""app/modules/user_bank/templates/user_bank/bank/bank_data_v2_base.html:47:navigation_literal"",""app/modules/user_bank/templates/user_bank/bank/bank_data_v2_base.html:49:navigation_literal"",""app/modules/user_bank/templates/user_bank/manage/_bank_manage_basebar.html:22:navigation_literal"",""app/modules/user_bank/templates/user_bank/manage/manage_base.html:362:navigation_literal""]}",runtime:url_map;source:app/modules/user_bank/routes/pages.py:124,personalbank,pending,preserve path/method/status/envelope/auth/null/pagination
87a43242e181,/user/banks/<int:bank_id>/questions/<int:question_id>/edit,GET,user_bank.user_bank_pages.question_edit,user_bank,app/modules/user_bank/routes/pages.py:742,app/modules/user_bank/routes/pages.py:742,blueprint_decorator,"[""login_required""]","[""session_reference"",""forbidden_response_signal""]","[""global_anonymous_login_redirect"",""route_decorator:session""]",web,"{""web"":[""app/modules/user_bank/templates/user_bank/bank/bank_search.html:449:navigation_literal""]}",runtime:url_map;source:app/modules/user_bank/routes/pages.py:742,personalbank,pending,preserve path/method/status/envelope/auth/null/pagination
cd48e2b02998,/user/banks/<int:bank_id>/questions/add,GET,user_bank.user_bank_pages.question_add,user_bank,app/modules/user_bank/routes/pages.py:715,app/modules/user_bank/routes/pages.py:715,blueprint_decorator,"[""login_required""]","[""session_reference"",""forbidden_response_signal""]","[""global_anonymous_login_redirect"",""route_decorator:session""]",web,"{""web"":[""app/modules/user_bank/templates/user_bank/manage/bank_manage_questions.html:248:navigation_literal""]}",runtime:url_map;source:app/modules/user_bank/routes/pages.py:715,personalbank,pending,preserve path/method/status/envelope/auth/null/pagination
11b386d6eea0,/user/banks/<int:bank_id>/questions/import/word,GET,user_bank.user_bank_pages.questions_import_word,user_bank,app/modules/user_bank/routes/pages.py:690,app/modules/user_bank/routes/pages.py:690,blueprint_decorator,"[""login_required""]","[""session_reference"",""forbidden_response_signal""]","[""global_anonymous_login_redirect"",""route_decorator:session""]",web,"{""web"":[""app/modules/user_bank/templates/user_bank/manage/bank_manage_questions.html:255:navigation_literal""]}",runtime:url_map;source:app/modules/user_bank/routes/pages.py:690,personalbank,pending,preserve path/method/status/envelope/auth/null/pagination
1e7ec2e1460b,/user/banks/<int:bank_id>/quiz,GET,user_bank.user_bank_pages.bank_quiz,user_bank,app/modules/user_bank/routes/pages.py:801,app/modules/user_bank/routes/pages.py:801,blueprint_decorator,"[""login_required""]",[],"[""global_anonymous_login_redirect"",""route_decorator:session""]",web,"{""web"":[""app/modules/main/templates/main/data/data_v2_favorites.html:109:navigation_literal"",""app/modules/main/templates/main/data/data_v2_favorites.html:184:navigation_literal"",""app/modules/main/templates/main/data/data_v2_favorites_legacy.html:133:navigation_literal"",""app/modules/main/templates/main/data/data_v2_favorites_legacy.html:68:navigation_literal"",""app/modules/main/templates/main/data/data_v2_mistakes.html:106:navigation_literal"",""app/modules/main/templates/main/data/data_v2_mistakes.html:184:navigation_literal"",""app/modules/main/templates/main/data/data_v2_mistakes_legacy.html:136:navigation_literal"",""app/modules/main/templates/main/data/data_v2_mistakes_legacy.html:68:navigation_literal"",""app/modules/user_bank/templates/user_bank/bank/bank_data_favorites_v2.html:52:navigation_literal"",""app/modules/user_bank/templates/user_bank/bank/bank_data_mistakes_v2.html:52:navigation_literal""]}",runtime:url_map;source:app/modules/user_bank/routes/pages.py:801,personalbank,pending,preserve path/method/status/envelope/auth/null/pagination
c848887f1c0d,/user/banks/<int:bank_id>/search,GET,user_bank.user_bank_pages.bank_search,user_bank,app/modules/user_bank/routes/pages.py:392,app/modules/user_bank/routes/pages.py:392,blueprint_decorator,"[""login_required""]","[""session_reference"",""forbidden_response_signal""]","[""global_anonymous_login_redirect"",""route_decorator:session""]",web,"{""web"":[""app/modules/user_bank/templates/user_bank/bank/bank_search.html:542:navigation_literal"",""app/modules/user_bank/templates/user_bank/bank/bank_search.html:545:navigation_literal""]}",runtime:url_map;source:app/modules/user_bank/routes/pages.py:392,personalbank,pending,preserve path/method/status/envelope/auth/null/pagination
6ae2cd17aab0,/user/banks/<int:bank_id>/shares,GET,user_bank.user_bank_pages.shares_manage,user_bank,app/modules/user_bank/routes/pages.py:769,app/modules/user_bank/routes/pages.py:769,blueprint_decorator,"[""login_required""]","[""session_reference"",""forbidden_response_signal""]","[""global_anonymous_login_redirect"",""route_decorator:session""]",web,"{""web"":[""app/modules/user_bank/templates/user_bank/manage/_bank_manage_basebar.html:9:navigation_literal"",""app/modules/user_bank/templates/user_bank/manage/banks.html:1043:navigation_literal"",""app/modules/user_bank/templates/user_bank/manage/manage_base.html:357:navigation_literal"",""app/modules/user_bank/templates/user_bank/manage/shares_manage_all.html:355:navigation_literal""]}",runtime:url_map;source:app/modules/user_bank/routes/pages.py:769,personalbank,pending,preserve path/method/status/envelope/auth/null/pagination
378bd3d759eb,/user/banks/add,GET,user_bank.user_bank_pages.bank_add,user_bank,app/modules/user_bank/routes/pages.py:634,app/modules/user_bank/routes/pages.py:634,blueprint_decorator,"[""login_required""]","[""session_reference""]","[""global_anonymous_login_redirect"",""route_decorator:session""]",web,"{""web"":[""app/modules/user_bank/templates/user_bank/manage/banks.html:841:navigation_literal"",""app/modules/user_bank/templates/user_bank/public/_my_banks_sidebar.html:32:navigation_literal""]}",runtime:url_map;source:app/modules/user_bank/routes/pages.py:634,personalbank,pending,preserve path/method/status/envelope/auth/null/pagination
d376d18592fe,/user/banks/api,POST,user_bank.user_bank_api.create_bank,user_bank,app/modules/user_bank/routes/api_banks.py:117,app/modules/user_bank/routes/api_banks.py:117,blueprint_decorator,"[""auth_required""]","[""current_user_resolution""]","[""global_anonymous_login_redirect"",""route_decorator:session_or_jwt""]",not_found_static_scan,not_found_static_scan,runtime:url_map;source:app/modules/user_bank/routes/api_banks.py:117,personalbank,pending,preserve path/method/status/envelope/auth/null/pagination
7f083940d185,/user/banks/api/<int:bank_id>,DELETE,user_bank.user_bank_api.delete_bank,user_bank,app/modules/user_bank/routes/api_banks.py:294,app/modules/user_bank/routes/api_banks.py:294,blueprint_decorator,"[""auth_required""]","[""current_user_resolution""]","[""global_anonymous_login_redirect"",""route_decorator:session_or_jwt""]",tests,"{""tests"":[""tests/test_user_bank_settings_page.py:151:test_client_literal""]}",runtime:url_map;source:app/modules/user_bank/routes/api_banks.py:294,personalbank,pending,preserve path/method/status/envelope/auth/null/pagination
e628f88a6946,/user/banks/api/<int:bank_id>,GET,user_bank.user_bank_api.get_bank_detail,user_bank,app/modules/user_bank/routes/api_banks.py:78,app/modules/user_bank/routes/api_banks.py:78,blueprint_decorator,"[""auth_required""]","[""current_user_resolution"",""forbidden_response_signal""]","[""global_anonymous_login_redirect"",""route_decorator:session_or_jwt""]",not_found_static_scan,not_found_static_scan,runtime:url_map;source:app/modules/user_bank/routes/api_banks.py:78,personalbank,pending,preserve path/method/status/envelope/auth/null/pagination
6418a41add91,/user/banks/api/<int:bank_id>,PUT,user_bank.user_bank_api.update_bank,user_bank,app/modules/user_bank/routes/api_banks.py:202,app/modules/user_bank/routes/api_banks.py:202,blueprint_decorator,"[""auth_required""]","[""current_user_resolution""]","[""global_anonymous_login_redirect"",""route_decorator:session_or_jwt""]",tests,"{""tests"":[""tests/test_user_bank_cover_upload.py:127:test_client_literal"",""tests/test_user_bank_cover_upload.py:145:test_client_literal"",""tests/test_user_bank_settings_page.py:142:test_client_literal""]}",runtime:url_map;source:app/modules/user_bank/routes/api_banks.py:202,personalbank,pending,preserve path/method/status/envelope/auth/null/pagination
7b8c2ef1de5e,/user/banks/api/<int:bank_id>/cover/upload,POST,user_bank.user_bank_api.upload_existing_bank_cover,user_bank,app/modules/user_bank/routes/api_uploads.py:168,app/modules/user_bank/routes/api_uploads.py:168,blueprint_decorator,"[""auth_required"",""limiter.limit('10 per minute;200 per day')""]","[""current_user_resolution""]","[""global_anonymous_login_redirect"",""route_decorator:session_or_jwt""]",tests;web,"{""tests"":[""tests/test_user_bank_cover_upload.py:163:test_client_literal"",""tests/test_user_bank_cover_upload.py:189:test_client_literal""],""web"":[""app/modules/user_bank/templates/user_bank/manage/bank_manage.html:304:fetch_literal""]}",runtime:url_map;source:app/modules/user_bank/routes/api_uploads.py:168,personalbank,pending,preserve path/method/status/envelope/auth/null/pagination
3aa4fa642340,/user/banks/api/<int:bank_id>/favorites/trend,GET,user_bank.user_bank_api.get_bank_favorites_trend,user_bank,app/modules/user_bank/routes/api_favorites.py:16,app/modules/user_bank/routes/api_favorites.py:16,blueprint_decorator,"[""auth_required""]","[""current_user_resolution"",""forbidden_response_signal""]","[""global_anonymous_login_redirect"",""route_decorator:session_or_jwt""]",not_found_static_scan,not_found_static_scan,runtime:url_map;source:app/modules/user_bank/routes/api_favorites.py:16,personalbank,pending,preserve path/method/status/envelope/auth/null/pagination
1b79c8e65f8b,/user/banks/api/<int:bank_id>/my-stats,GET,user_bank.user_bank_api.get_my_stats,user_bank,app/modules/user_bank/routes/api_quiz.py:345,app/modules/user_bank/routes/api_quiz.py:345,blueprint_decorator,"[""auth_required""]","[""current_user_resolution"",""forbidden_response_signal""]","[""global_anonymous_login_redirect"",""route_decorator:session_or_jwt""]",not_found_static_scan,not_found_static_scan,runtime:url_map;source:app/modules/user_bank/routes/api_quiz.py:345,personalbank,pending,preserve path/method/status/envelope/auth/null/pagination
09b0963cfcf3,/user/banks/api/<int:bank_id>/public,POST,user_bank.user_bank_api.set_bank_public,user_bank,app/modules/user_bank/routes/api_banks.py:320,app/modules/user_bank/routes/api_banks.py:320,blueprint_decorator,"[""auth_required""]","[""current_user_resolution""]","[""global_anonymous_login_redirect"",""route_decorator:session_or_jwt""]",tests,"{""tests"":[""tests/test_user_bank_settings_page.py:131:test_client_literal""]}",runtime:url_map;source:app/modules/user_bank/routes/api_banks.py:320,personalbank,pending,preserve path/method/status/envelope/auth/null/pagination
38f13d395669,/user/banks/api/<int:bank_id>/question-images/upload,POST,user_bank.user_bank_api.upload_question_image,user_bank,app/modules/user_bank/routes/api_uploads.py:179,app/modules/user_bank/routes/api_uploads.py:179,blueprint_decorator,"[""auth_required"",""limiter.limit('20 per minute;400 per day')""]","[""current_user_resolution""]","[""global_anonymous_login_redirect"",""route_decorator:session_or_jwt""]",tests;web,"{""tests"":[""tests/test_user_bank_question_images.py:104:test_client_literal"",""tests/test_user_bank_question_images.py:199:test_client_literal""],""web"":[""app/modules/user_bank/templates/user_bank/manage/bank_manage_question_edit.html:512:fetch_literal""]}",runtime:url_map;source:app/modules/user_bank/routes/api_uploads.py:179,personalbank,pending,preserve path/method/status/envelope/auth/null/pagination
580ad7760f91,/user/banks/api/<int:bank_id>/questions,POST,user_bank.user_bank_api.add_question,user_bank,app/modules/user_bank/routes/api_questions.py:364,app/modules/user_bank/routes/api_questions.py:364,blueprint_decorator,"[""auth_required""]","[""current_user_resolution""]","[""global_anonymous_login_redirect"",""route_decorator:session_or_jwt""]",not_found_static_scan,not_found_static_scan,runtime:url_map;source:app/modules/user_bank/routes/api_questions.py:364,personalbank,pending,preserve path/method/status/envelope/auth/null/pagination
b04f2b8f6a7e,/user/banks/api/<int:bank_id>/questions,GET,user_bank.user_bank_api.get_bank_questions,user_bank,app/modules/user_bank/routes/api_questions.py:95,app/modules/user_bank/routes/api_questions.py:95,blueprint_decorator,"[""auth_required""]","[""current_user_resolution"",""unauthorized_response_signal"",""forbidden_response_signal""]","[""global_anonymous_login_redirect"",""route_decorator:session_or_jwt""]",tests;web,"{""tests"":[""tests/test_user_bank_question_pagination.py:85:test_client_literal"",""tests/test_user_bank_question_pagination.py:94:test_client_literal""],""web"":[""app/modules/user_bank/templates/user_bank/bank/bank_practice/body_end/_03_search.html:106:fetch_literal""]}",runtime:url_map;source:app/modules/user_bank/routes/api_questions.py:95,personalbank,pending,preserve path/method/status/envelope/auth/null/pagination
040acfcc019d,/user/banks/api/<int:bank_id>/questions/<int:question_id>,DELETE,user_bank.user_bank_api.delete_question,user_bank,app/modules/user_bank/routes/api_questions.py:613,app/modules/user_bank/routes/api_questions.py:613,blueprint_decorator,"[""auth_required""]","[""current_user_resolution""]","[""global_anonymous_login_redirect"",""route_decorator:session_or_jwt""]",tests,"{""tests"":[""tests/test_user_bank_duplicate_check.py:186:test_client_literal"",""tests/test_user_bank_question_delete.py:133:test_client_literal"",""tests/test_user_bank_question_delete.py:160:test_client_literal"",""tests/test_user_bank_question_delete.py:97:test_client_literal""]}",runtime:url_map;source:app/modules/user_bank/routes/api_questions.py:613,personalbank,pending,preserve path/method/status/envelope/auth/null/pagination
ea165283b6fb,/user/banks/api/<int:bank_id>/questions/<int:question_id>,GET,user_bank.user_bank_api.get_question_detail,user_bank,app/modules/user_bank/routes/api_questions.py:465,app/modules/user_bank/routes/api_questions.py:465,blueprint_decorator,"[""auth_required""]","[""current_user_resolution"",""unauthorized_response_signal"",""forbidden_response_signal""]","[""global_anonymous_login_redirect"",""route_decorator:session_or_jwt""]",tests;web,"{""tests"":[""tests/test_user_bank_question_images.py:163:test_client_literal"",""tests/test_user_bank_question_images.py:184:test_client_literal""],""web"":[""app/modules/user_bank/templates/user_bank/bank/bank_practice/body_end/_03_search.html:246:fetch_literal""]}",runtime:url_map;source:app/modules/user_bank/routes/api_questions.py:465,personalbank,pending,preserve path/method/status/envelope/auth/null/pagination
1a131ea27389,/user/banks/api/<int:bank_id>/questions/<int:question_id>,PUT,user_bank.user_bank_api.update_question,user_bank,app/modules/user_bank/routes/api_questions.py:492,app/modules/user_bank/routes/api_questions.py:492,blueprint_decorator,"[""auth_required""]","[""current_user_resolution""]","[""global_anonymous_login_redirect"",""route_decorator:session_or_jwt""]",tests,"{""tests"":[""tests/test_user_bank_question_images.py:143:test_client_literal""]}",runtime:url_map;source:app/modules/user_bank/routes/api_questions.py:492,personalbank,pending,preserve path/method/status/envelope/auth/null/pagination
7e0617a58ada,/user/banks/api/<int:bank_id>/questions/<int:question_id>/favorite,POST,user_bank.user_bank_api.toggle_favorite,user_bank,app/modules/user_bank/routes/api_favorites.py:84,app/modules/user_bank/routes/api_favorites.py:84,blueprint_decorator,"[""auth_required""]","[""current_user_resolution"",""forbidden_response_signal""]","[""global_anonymous_login_redirect"",""route_decorator:session_or_jwt""]",not_found_static_scan,not_found_static_scan,runtime:url_map;source:app/modules/user_bank/routes/api_favorites.py:84,personalbank,pending,preserve path/method/status/envelope/auth/null/pagination
c3f5c2256628,/user/banks/api/<int:bank_id>/questions/<int:question_id>/tags,"GET,POST",user_bank.user_bank_api.bank_question_tags_api,user_bank,app/modules/user_bank/routes/api_tags.py:285,app/modules/user_bank/routes/api_tags.py:285,blueprint_decorator,"[""auth_required""]","[""current_user_resolution""]","[""global_anonymous_login_redirect"",""route_decorator:session_or_jwt""]",not_found_static_scan,not_found_static_scan,runtime:url_map;source:app/modules/user_bank/routes/api_tags.py:285,personalbank,pending,preserve path/method/status/envelope/auth/null/pagination
315cf1da163f,/user/banks/api/<int:bank_id>/questions/batch_delete,POST,user_bank.user_bank_api.batch_delete_questions,user_bank,app/modules/user_bank/routes/api_questions.py:655,app/modules/user_bank/routes/api_questions.py:655,blueprint_decorator,"[""auth_required""]","[""current_user_resolution""]","[""global_anonymous_login_redirect"",""route_decorator:session_or_jwt""]",not_found_static_scan,not_found_static_scan,runtime:url_map;source:app/modules/user_bank/routes/api_questions.py:655,personalbank,pending,preserve path/method/status/envelope/auth/null/pagination
872c93cb30d9,/user/banks/api/<int:bank_id>/questions/batch_update,POST,user_bank.user_bank_api.batch_update_questions,user_bank,app/modules/user_bank/routes/api_questions.py:701,app/modules/user_bank/routes/api_questions.py:701,blueprint_decorator,"[""auth_required""]","[""current_user_resolution""]","[""global_anonymous_login_redirect"",""route_decorator:session_or_jwt""]",not_found_static_scan,not_found_static_scan,runtime:url_map;source:app/modules/user_bank/routes/api_questions.py:701,personalbank,pending,preserve path/method/status/envelope/auth/null/pagination
bae0fe2b667a,/user/banks/api/<int:bank_id>/questions/copy,POST,user_bank.user_bank_api.copy_questions,user_bank,app/modules/user_bank/routes/api_questions.py:854,app/modules/user_bank/routes/api_questions.py:854,blueprint_decorator,"[""auth_required""]",[],"[""global_anonymous_login_redirect"",""route_decorator:session_or_jwt""]",not_found_static_scan,not_found_static_scan,runtime:url_map;source:app/modules/user_bank/routes/api_questions.py:854,personalbank,pending,preserve path/method/status/envelope/auth/null/pagination
9d506b652f15,/user/banks/api/<int:bank_id>/questions/duplicate-check,GET,user_bank.user_bank_api.get_question_duplicates,user_bank,app/modules/user_bank/routes/api_duplicate_check.py:22,app/modules/user_bank/routes/api_duplicate_check.py:22,blueprint_decorator,"[""auth_required""]","[""unauthorized_response_signal""]","[""global_anonymous_login_redirect"",""route_decorator:session_or_jwt""]",tests,"{""tests"":[""tests/test_user_bank_duplicate_check.py:139:test_client_literal"",""tests/test_user_bank_duplicate_check.py:168:test_client_literal"",""tests/test_user_bank_duplicate_check.py:187:test_client_literal"",""tests/test_user_bank_duplicate_check.py:333:test_client_literal""]}",runtime:url_map;source:app/modules/user_bank/routes/api_duplicate_check.py:22,personalbank,pending,preserve path/method/status/envelope/auth/null/pagination
179624caf9a1,/user/banks/api/<int:bank_id>/questions/duplicate-check,POST,user_bank.user_bank_api.run_question_duplicates,user_bank,app/modules/user_bank/routes/api_duplicate_check.py:35,app/modules/user_bank/routes/api_duplicate_check.py:35,blueprint_decorator,"[""auth_required""]","[""unauthorized_response_signal""]","[""global_anonymous_login_redirect"",""route_decorator:session_or_jwt""]",tests,"{""tests"":[""tests/test_user_bank_duplicate_check.py:147:test_client_literal"",""tests/test_user_bank_duplicate_check.py:176:test_client_literal"",""tests/test_user_bank_duplicate_check.py:237:test_client_literal"",""tests/test_user_bank_duplicate_check.py:276:test_client_literal"",""tests/test_user_bank_duplicate_check.py:308:test_client_literal"",""tests/test_user_bank_duplicate_check.py:334:test_client_literal""]}",runtime:url_map;source:app/modules/user_bank/routes/api_duplicate_check.py:35,personalbank,pending,preserve path/method/status/envelope/auth/null/pagination
0202876e540b,/user/banks/api/<int:bank_id>/questions/export,GET,user_bank.user_bank_api.export_questions_json,user_bank,app/modules/user_bank/routes/api_transfer.py:493,app/modules/user_bank/routes/api_transfer.py:493,blueprint_decorator,"[""auth_required""]","[""current_user_resolution"",""forbidden_response_signal""]","[""global_anonymous_login_redirect"",""route_decorator:session_or_jwt""]",web,"{""web"":[""app/modules/user_bank/templates/user_bank/manage/bank_manage_questions.html:268:navigation_literal""]}",runtime:url_map;source:app/modules/user_bank/routes/api_transfer.py:493,personalbank,pending,preserve path/method/status/envelope/auth/null/pagination
288831e00450,/user/banks/api/<int:bank_id>/questions/export/excel,GET,user_bank.user_bank_api.export_questions_excel,user_bank,app/modules/user_bank/routes/api_transfer.py:593,app/modules/user_bank/routes/api_transfer.py:593,blueprint_decorator,"[""auth_required""]","[""current_user_resolution"",""forbidden_response_signal""]","[""global_anonymous_login_redirect"",""route_decorator:session_or_jwt""]",web,"{""web"":[""app/modules/user_bank/templates/user_bank/manage/bank_manage_questions.html:267:navigation_literal""]}",runtime:url_map;source:app/modules/user_bank/routes/api_transfer.py:593,personalbank,pending,preserve path/method/status/envelope/auth/null/pagination
2b1ec7f2cbdb,/user/banks/api/<int:bank_id>/questions/export/package,GET,user_bank.user_bank_api.export_questions_package,user_bank,app/modules/user_bank/routes/api_transfer.py:865,app/modules/user_bank/routes/api_transfer.py:865,blueprint_decorator,"[""auth_required""]","[""current_user_resolution"",""forbidden_response_signal""]","[""global_anonymous_login_redirect"",""route_decorator:session_or_jwt""]",web,"{""web"":[""app/modules/user_bank/templates/user_bank/manage/bank_manage_questions.html:269:navigation_literal""]}",runtime:url_map;source:app/modules/user_bank/routes/api_transfer.py:865,personalbank,pending,preserve path/method/status/envelope/auth/null/pagination
9e020a57c5af,/user/banks/api/<int:bank_id>/questions/export/pdf,GET,user_bank.user_bank_api.export_questions_pdf,user_bank,app/modules/user_bank/routes/api_transfer.py:486,app/modules/user_bank/routes/api_transfer.py:486,blueprint_decorator,"[""auth_required""]",[],"[""global_anonymous_login_redirect"",""route_decorator:session_or_jwt""]",tests;web,"{""tests"":[""tests/test_user_bank_document_export.py:166:test_client_literal""],""web"":[""app/modules/user_bank/templates/user_bank/manage/bank_manage_questions.html:266:navigation_literal""]}",runtime:url_map;source:app/modules/user_bank/routes/api_transfer.py:486,personalbank,pending,preserve path/method/status/envelope/auth/null/pagination
1b1009d1f761,/user/banks/api/<int:bank_id>/questions/export/word,GET,user_bank.user_bank_api.export_questions_word,user_bank,app/modules/user_bank/routes/api_transfer.py:479,app/modules/user_bank/routes/api_transfer.py:479,blueprint_decorator,"[""auth_required""]",[],"[""global_anonymous_login_redirect"",""route_decorator:session_or_jwt""]",tests;web,"{""tests"":[""tests/test_user_bank_document_export.py:124:test_client_literal""],""web"":[""app/modules/user_bank/templates/user_bank/manage/bank_manage_questions.html:265:navigation_literal""]}",runtime:url_map;source:app/modules/user_bank/routes/api_transfer.py:479,personalbank,pending,preserve path/method/status/envelope/auth/null/pagination
04f340cce5a8,/user/banks/api/<int:bank_id>/questions/import,POST,user_bank.user_bank_api.import_questions,user_bank,app/modules/user_bank/routes/api_transfer.py:44,app/modules/user_bank/routes/api_transfer.py:44,blueprint_decorator,"[""auth_required""]","[""current_user_resolution""]","[""global_anonymous_login_redirect"",""route_decorator:session_or_jwt""]",not_found_static_scan,not_found_static_scan,runtime:url_map;source:app/modules/user_bank/routes/api_transfer.py:44,personalbank,pending,preserve path/method/status/envelope/auth/null/pagination
08f6271a909c,/user/banks/api/<int:bank_id>/questions/import/excel,POST,user_bank.user_bank_api.import_questions_excel,user_bank,app/modules/user_bank/routes/api_transfer.py:713,app/modules/user_bank/routes/api_transfer.py:713,blueprint_decorator,"[""auth_required""]","[""current_user_resolution""]","[""global_anonymous_login_redirect"",""route_decorator:session_or_jwt""]",web,"{""web"":[""app/modules/user_bank/templates/user_bank/bank/bank_questions/scripts/_07_modals_import_export.html:140:fetch_literal""]}",runtime:url_map;source:app/modules/user_bank/routes/api_transfer.py:713,personalbank,pending,preserve path/method/status/envelope/auth/null/pagination
7eced4cfe386,/user/banks/api/<int:bank_id>/questions/import/json,POST,user_bank.user_bank_api.import_questions_json,user_bank,app/modules/user_bank/routes/api_transfer.py:130,app/modules/user_bank/routes/api_transfer.py:130,blueprint_decorator,"[""auth_required""]","[""current_user_resolution""]","[""global_anonymous_login_redirect"",""route_decorator:session_or_jwt""]",not_found_static_scan,not_found_static_scan,runtime:url_map;source:app/modules/user_bank/routes/api_transfer.py:130,personalbank,pending,preserve path/method/status/envelope/auth/null/pagination
0cb2e682a76e,/user/banks/api/<int:bank_id>/questions/import/package,POST,user_bank.user_bank_api.import_questions_package,user_bank,app/modules/user_bank/routes/api_transfer.py:985,app/modules/user_bank/routes/api_transfer.py:985,blueprint_decorator,"[""auth_required""]","[""current_user_resolution""]","[""global_anonymous_login_redirect"",""route_decorator:session_or_jwt""]",web,"{""web"":[""app/modules/user_bank/templates/user_bank/bank/bank_questions/scripts/_07_modals_import_export.html:189:fetch_literal""]}",runtime:url_map;source:app/modules/user_bank/routes/api_transfer.py:985,personalbank,pending,preserve path/method/status/envelope/auth/null/pagination
05f5711950a1,/user/banks/api/<int:bank_id>/questions/import/word/extract,POST,user_bank.user_bank_api.extract_questions_word_docx,user_bank,app/modules/user_bank/routes/api_transfer.py:284,app/modules/user_bank/routes/api_transfer.py:284,blueprint_decorator,"[""auth_required""]","[""current_user_resolution""]","[""global_anonymous_login_redirect"",""route_decorator:session_or_jwt""]",web,"{""web"":[""app/modules/user_bank/templates/user_bank/manage/bank_import_word.html:1349:fetch_literal""]}",runtime:url_map;source:app/modules/user_bank/routes/api_transfer.py:284,personalbank,pending,preserve path/method/status/envelope/auth/null/pagination
2b50628bcd35,/user/banks/api/<int:bank_id>/quiz,GET,user_bank.user_bank_api.get_quiz_questions,user_bank,app/modules/user_bank/routes/api_quiz.py:45,app/modules/user_bank/routes/api_quiz.py:45,blueprint_decorator,"[""auth_required""]","[""current_user_resolution"",""forbidden_response_signal""]","[""global_anonymous_login_redirect"",""route_decorator:session_or_jwt""]",tests,"{""tests"":[""tests/test_user_bank_quiz_record.py:265:test_client_literal"",""tests/test_user_bank_quiz_record.py:312:test_client_literal"",""tests/test_user_bank_quiz_record.py:320:test_client_literal""]}",runtime:url_map;source:app/modules/user_bank/routes/api_quiz.py:45,personalbank,pending,preserve path/method/status/envelope/auth/null/pagination
6b0c4595e192,/user/banks/api/<int:bank_id>/quiz/record,POST,user_bank.user_bank_api.record_quiz_result,user_bank,app/modules/user_bank/routes/api_quiz.py:281,app/modules/user_bank/routes/api_quiz.py:281,blueprint_decorator,"[""auth_required""]","[""current_user_resolution"",""forbidden_response_signal""]","[""global_anonymous_login_redirect"",""route_decorator:session_or_jwt""]",not_found_static_scan,not_found_static_scan,runtime:url_map;source:app/modules/user_bank/routes/api_quiz.py:281,personalbank,pending,preserve path/method/status/envelope/auth/null/pagination
fafc9f39e22b,/user/banks/api/<int:bank_id>/shares,POST,user_bank.user_bank_api.create_share,user_bank,app/modules/user_bank/routes/api_shares.py:183,app/modules/user_bank/routes/api_shares.py:183,blueprint_decorator,"[""auth_required""]","[""current_user_resolution"",""forbidden_response_signal""]","[""global_anonymous_login_redirect"",""route_decorator:session_or_jwt""]",web,"{""web"":[""app/modules/user_bank/templates/user_bank/bank/bank_practice/body_end/_09_share_manage.html:117:fetch_literal""]}",runtime:url_map;source:app/modules/user_bank/routes/api_shares.py:183,personalbank,pending,preserve path/method/status/envelope/auth/null/pagination
c50102968322,/user/banks/api/<int:bank_id>/shares,GET,user_bank.user_bank_api.get_shares,user_bank,app/modules/user_bank/routes/api_shares.py:29,app/modules/user_bank/routes/api_shares.py:29,blueprint_decorator,"[""auth_required""]","[""current_user_resolution""]","[""global_anonymous_login_redirect"",""route_decorator:session_or_jwt""]",web,"{""web"":[""app/modules/user_bank/templates/user_bank/bank/bank_practice/body_end/_09_share_manage.html:139:fetch_literal""]}",runtime:url_map;source:app/modules/user_bank/routes/api_shares.py:29,personalbank,pending,preserve path/method/status/envelope/auth/null/pagination
6c3d51c5cad0,/user/banks/api/<int:bank_id>/shares/<int:share_id>,DELETE,user_bank.user_bank_api.delete_share,user_bank,app/modules/user_bank/routes/api_shares.py:272,app/modules/user_bank/routes/api_shares.py:272,blueprint_decorator,"[""auth_required""]","[""current_user_resolution""]","[""global_anonymous_login_redirect"",""route_decorator:session_or_jwt""]",web,"{""web"":[""app/modules/user_bank/templates/user_bank/bank/bank_practice/body_end/_09_share_manage.html:267:fetch_literal""]}",runtime:url_map;source:app/modules/user_bank/routes/api_shares.py:272,personalbank,pending,preserve path/method/status/envelope/auth/null/pagination
0adfeaafb97f,/user/banks/api/<int:bank_id>/shares/<int:share_id>/records,GET,user_bank.user_bank_api.get_share_records,user_bank,app/modules/user_bank/routes/api_shares.py:292,app/modules/user_bank/routes/api_shares.py:292,blueprint_decorator,"[""auth_required""]","[""current_user_resolution""]","[""global_anonymous_login_redirect"",""route_decorator:session_or_jwt""]",not_found_static_scan,not_found_static_scan,runtime:url_map;source:app/modules/user_bank/routes/api_shares.py:292,personalbank,pending,preserve path/method/status/envelope/auth/null/pagination
df6887c2a19e,/user/banks/api/<int:bank_id>/shares/<int:share_id>/records/<int:target_user_id>,DELETE,user_bank.user_bank_api.remove_share_record,user_bank,app/modules/user_bank/routes/api_shares.py:322,app/modules/user_bank/routes/api_shares.py:322,blueprint_decorator,"[""auth_required""]","[""current_user_resolution"",""forbidden_response_signal""]","[""global_anonymous_login_redirect"",""route_decorator:session_or_jwt""]",not_found_static_scan,not_found_static_scan,runtime:url_map;source:app/modules/user_bank/routes/api_shares.py:322,personalbank,pending,preserve path/method/status/envelope/auth/null/pagination
a0dafa50d9d3,/user/banks/api/<int:bank_id>/stats,GET,user_bank.user_bank_api.get_bank_stats_detail,user_bank,app/modules/user_bank/routes/api_quiz.py:380,app/modules/user_bank/routes/api_quiz.py:380,blueprint_decorator,"[""auth_required""]","[""current_user_resolution"",""forbidden_response_signal""]","[""global_anonymous_login_redirect"",""route_decorator:session_or_jwt""]",not_found_static_scan,not_found_static_scan,runtime:url_map;source:app/modules/user_bank/routes/api_quiz.py:380,personalbank,pending,preserve path/method/status/envelope/auth/null/pagination
2787caa56a75,/user/banks/api/<int:bank_id>/tags,"DELETE,GET,POST",user_bank.user_bank_api.bank_tags_api,user_bank,app/modules/user_bank/routes/api_tags.py:186,app/modules/user_bank/routes/api_tags.py:186,blueprint_decorator,"[""auth_required""]","[""current_user_resolution""]","[""global_anonymous_login_redirect"",""route_decorator:session_or_jwt""]",web,"{""web"":[""app/modules/user_bank/templates/user_bank/bank/bank_practice/body_end/_01_core.html:598:fetch_literal""]}",runtime:url_map;source:app/modules/user_bank/routes/api_tags.py:186,personalbank,pending,preserve path/method/status/envelope/auth/null/pagination
22aecd49a3c2,/user/banks/api/<int:bank_id>/usage-stats,GET,user_bank.user_bank_api.get_bank_usage_stats,user_bank,app/modules/user_bank/routes/api_shares.py:56,app/modules/user_bank/routes/api_shares.py:56,blueprint_decorator,"[""auth_required""]","[""current_user_resolution"",""forbidden_response_signal""]","[""global_anonymous_login_redirect"",""route_decorator:session_or_jwt""]",not_found_static_scan,not_found_static_scan,runtime:url_map;source:app/modules/user_bank/routes/api_shares.py:56,personalbank,pending,preserve path/method/status/envelope/auth/null/pagination
006913d0d956,/user/banks/api/<int:bank_id>/user-counts,GET,user_bank.user_bank_api.get_user_counts,user_bank,app/modules/user_bank/routes/api_quiz.py:774,app/modules/user_bank/routes/api_quiz.py:774,blueprint_decorator,"[""auth_required""]","[""current_user_resolution"",""forbidden_response_signal""]","[""global_anonymous_login_redirect"",""route_decorator:session_or_jwt""]",tests;web,"{""tests"":[""tests/test_user_bank_quiz_record.py:237:test_client_literal"",""tests/test_user_bank_quiz_record.py:243:test_client_literal""],""web"":[""app/modules/user_bank/templates/user_bank/bank/bank_practice/body_end/_01_core.html:723:fetch_literal""]}",runtime:url_map;source:app/modules/user_bank/routes/api_quiz.py:774,personalbank,pending,preserve path/method/status/envelope/auth/null/pagination
475cfd1af87f,/user/banks/api/categories,POST,user_bank.user_bank_api.create_category,user_bank,app/modules/user_bank/routes/api_categories.py:34,app/modules/user_bank/routes/api_categories.py:34,blueprint_decorator,"[""auth_required""]","[""current_user_resolution""]","[""global_anonymous_login_redirect"",""route_decorator:session_or_jwt""]",not_found_static_scan,not_found_static_scan,runtime:url_map;source:app/modules/user_bank/routes/api_categories.py:34,personalbank,pending,preserve path/method/status/envelope/auth/null/pagination
e32aec766730,/user/banks/api/categories,GET,user_bank.user_bank_api.get_categories,user_bank,app/modules/user_bank/routes/api_categories.py:15,app/modules/user_bank/routes/api_categories.py:15,blueprint_decorator,"[""auth_required""]","[""current_user_resolution""]","[""global_anonymous_login_redirect"",""route_decorator:session_or_jwt""]",not_found_static_scan,not_found_static_scan,runtime:url_map;source:app/modules/user_bank/routes/api_categories.py:15,personalbank,pending,preserve path/method/status/envelope/auth/null/pagination
aa158fb6e743,/user/banks/api/categories/<int:category_id>,DELETE,user_bank.user_bank_api.delete_category,user_bank,app/modules/user_bank/routes/api_categories.py:120,app/modules/user_bank/routes/api_categories.py:120,blueprint_decorator,"[""auth_required""]","[""current_user_resolution""]","[""global_anonymous_login_redirect"",""route_decorator:session_or_jwt""]",not_found_static_scan,not_found_static_scan,runtime:url_map;source:app/modules/user_bank/routes/api_categories.py:120,personalbank,pending,preserve path/method/status/envelope/auth/null/pagination
b19f0adfe7b4,/user/banks/api/categories/<int:category_id>,PUT,user_bank.user_bank_api.update_category,user_bank,app/modules/user_bank/routes/api_categories.py:80,app/modules/user_bank/routes/api_categories.py:80,blueprint_decorator,"[""auth_required""]","[""current_user_resolution""]","[""global_anonymous_login_redirect"",""route_decorator:session_or_jwt""]",not_found_static_scan,not_found_static_scan,runtime:url_map;source:app/modules/user_bank/routes/api_categories.py:80,personalbank,pending,preserve path/method/status/envelope/auth/null/pagination
062c4a06f3f7,/user/banks/api/cover/upload,POST,user_bank.user_bank_api.upload_bank_cover,user_bank,app/modules/user_bank/routes/api_uploads.py:159,app/modules/user_bank/routes/api_uploads.py:159,blueprint_decorator,"[""auth_required"",""limiter.limit('10 per minute;200 per day')""]","[""current_user_resolution""]","[""global_anonymous_login_redirect"",""route_decorator:session_or_jwt""]",tests,"{""tests"":[""tests/test_user_bank_cover_upload.py:204:test_client_literal""]}",runtime:url_map;source:app/modules/user_bank/routes/api_uploads.py:159,personalbank,pending,preserve path/method/status/envelope/auth/null/pagination
b67a0b74c03a,/user/banks/api/join,POST,user_bank.user_bank_api.join_bank,user_bank,app/modules/user_bank/routes/api_shares.py:424,app/modules/user_bank/routes/api_shares.py:424,blueprint_decorator,"[""auth_required"",""limiter.limit('10/minute')""]","[""current_user_resolution""]","[""global_anonymous_login_redirect"",""route_decorator:session_or_jwt""]",not_found_static_scan,not_found_static_scan,runtime:url_map;source:app/modules/user_bank/routes/api_shares.py:424,personalbank,pending,preserve path/method/status/envelope/auth/null/pagination
d78c72e1c51a,/user/banks/api/join/preview,GET,user_bank.user_bank_api.preview_join_bank,user_bank,app/modules/user_bank/routes/api_shares.py:345,app/modules/user_bank/routes/api_shares.py:345,blueprint_decorator,"[""auth_required"",""limiter.limit('20/minute')""]","[""current_user_resolution""]","[""global_anonymous_login_redirect"",""route_decorator:session_or_jwt""]",not_found_static_scan,not_found_static_scan,runtime:url_map;source:app/modules/user_bank/routes/api_shares.py:345,personalbank,pending,preserve path/method/status/envelope/auth/null/pagination
56f086568c90,/user/banks/api/list,GET,user_bank.user_bank_api.get_banks,user_bank,app/modules/user_bank/routes/api_banks.py:43,app/modules/user_bank/routes/api_banks.py:43,blueprint_decorator,"[""auth_required""]","[""current_user_resolution""]","[""global_anonymous_login_redirect"",""route_decorator:session_or_jwt""]",tests,"{""tests"":[""tests/test_miniprogram_bank_card_owner.py:130:test_client_literal""]}",runtime:url_map;source:app/modules/user_bank/routes/api_banks.py:43,personalbank,pending,preserve path/method/status/envelope/auth/null/pagination
0013ec3e0e90,/user/banks/api/overview,GET,user_bank.user_bank_api.get_my_bank_overview,user_bank,app/modules/user_bank/routes/api_banks.py:28,app/modules/user_bank/routes/api_banks.py:28,blueprint_decorator,"[""auth_required""]","[""current_user_resolution""]","[""global_anonymous_login_redirect"",""route_decorator:session_or_jwt""]",tests;web,"{""tests"":[""tests/test_public_bank_plaza_sync.py:159:test_client_literal"",""tests/test_public_bank_plaza_sync.py:203:test_client_literal""],""web"":[""static/js/my_bank_hub.js:107:fetch_literal""]}",runtime:url_map;source:app/modules/user_bank/routes/api_banks.py:28,personalbank,pending,preserve path/method/status/envelope/auth/null/pagination
56b7069f090a,/user/banks/api/shared,GET,user_bank.user_bank_api.get_shared_banks,user_bank,app/modules/user_bank/routes/api_shares.py:521,app/modules/user_bank/routes/api_shares.py:521,blueprint_decorator,"[""auth_required""]","[""current_user_resolution""]","[""global_anonymous_login_redirect"",""route_decorator:session_or_jwt""]",not_found_static_scan,not_found_static_scan,runtime:url_map;source:app/modules/user_bank/routes/api_shares.py:521,personalbank,pending,preserve path/method/status/envelope/auth/null/pagination
a8a2c9e9fec5,/user/banks/api/shared/<int:bank_id>,DELETE,user_bank.user_bank_api.remove_shared_bank,user_bank,app/modules/user_bank/routes/api_shares.py:547,app/modules/user_bank/routes/api_shares.py:547,blueprint_decorator,"[""auth_required""]","[""current_user_resolution""]","[""global_anonymous_login_redirect"",""route_decorator:session_or_jwt""]",not_found_static_scan,not_found_static_scan,runtime:url_map;source:app/modules/user_bank/routes/api_shares.py:547,personalbank,pending,preserve path/method/status/envelope/auth/null/pagination
0fdd3026f636,/user/banks/api/shares/all,GET,user_bank.user_bank_api.get_all_shares,user_bank,app/modules/user_bank/routes/api_shares.py:152,app/modules/user_bank/routes/api_shares.py:152,blueprint_decorator,"[""auth_required""]","[""current_user_resolution""]","[""global_anonymous_login_redirect"",""route_decorator:session_or_jwt""]",not_found_static_scan,not_found_static_scan,runtime:url_map;source:app/modules/user_bank/routes/api_shares.py:152,personalbank,pending,preserve path/method/status/envelope/auth/null/pagination
0eeadbea8df1,/user/banks/manage,GET,user_bank.user_bank_pages.banks_manage,user_bank,app/modules/user_bank/routes/pages.py:29,app/modules/user_bank/routes/pages.py:29,blueprint_decorator,"[""login_required""]",[],"[""global_anonymous_login_redirect"",""route_decorator:session""]",not_found_static_scan,not_found_static_scan,runtime:url_map;source:app/modules/user_bank/routes/pages.py:29,personalbank,pending,preserve path/method/status/envelope/auth/null/pagination
ea151e155a96,/user/banks/manage/shares,GET,user_bank.user_bank_pages.manage_shares,user_bank,app/modules/user_bank/routes/pages.py:36,app/modules/user_bank/routes/pages.py:36,blueprint_decorator,"[""login_required""]",[],"[""global_anonymous_login_redirect"",""route_decorator:session""]",not_found_static_scan,not_found_static_scan,runtime:url_map;source:app/modules/user_bank/routes/pages.py:36,personalbank,pending,preserve path/method/status/envelope/auth/null/pagination
82356a352f25,/user/banks/shared,GET,user_bank.user_bank_pages.shared_banks,user_bank,app/modules/user_bank/routes/pages.py:794,app/modules/user_bank/routes/pages.py:794,blueprint_decorator,"[""login_required""]",[],"[""global_anonymous_login_redirect"",""route_decorator:session""]",web,"{""web"":[""app/modules/user_bank/templates/user_bank/manage/banks.html:840:navigation_literal"",""app/modules/user_bank/templates/user_bank/share/join.html:84:navigation_literal"",""app/modules/user_bank/templates/user_bank/share/join.html:93:navigation_literal""]}",runtime:url_map;source:app/modules/user_bank/routes/pages.py:794,personalbank,pending,preserve path/method/status/envelope/auth/null/pagination
c5f9667b8535,/web_login/exchange_redirect,GET,auth.auth_pages.web_login_exchange_redirect,auth,app/modules/auth/routes/pages.py:20,app/modules/auth/routes/pages.py:20,blueprint_decorator,[],[],"[""global_anonymous_login_redirect"",""route_auth:none""]",not_found_static_scan,not_found_static_scan,runtime:url_map;source:app/modules/auth/routes/pages.py:20,identity,pending,preserve path/method/status/envelope/auth/null/pagination
